2026-09-21 06:43:35.053: [INFO] CurrentProfilePath: C:\Eclipse Java\.metadata\.plugins\org.eclipse.swt\EBWebView\Default
2026-09-21 06:43:35.053: [INFO] Profiles total count: 1
2026-09-21 06:43:35.053: [INFO] Profile: name=Profile 1 path=C:\Eclipse Java\.metadata\.plugins\org.eclipse.swt\EBWebView\Default lastActive=null
2026-09-21 06:43:35.053: [INFO] LastUsedProfileDir: C:\Eclipse Java\.metadata\.plugins\org.eclipse.swt\EBWebView\Default
2026-09-21 06:43:35.053: [INFO] OnDoneLoading sync enabled: 0
2026-09-21 06:43:35.053: [INFO] BookmarkModelLoaded, ids_reassigned: 0
2026-09-21 06:43:35.053: [INFO] BookmarksLoadDropped droppedNodes=0
2026-09-21 06:43:35.053: [INFO] BookmarksSnapshot Startup total=0 bar=0 other=0 mobile=0 showBar=0 showBarNTP=1
2026-09-21 06:43:45.684: [INFO] BookmarksSnapshot Shutdown total=0 bar=0 other=0 mobile=0 showBar=0 showBarNTP=1
2026-09-21 06:53:16.235: [INFO] CurrentProfilePath: C:\Eclipse Java\.metadata\.plugins\org.eclipse.swt\EBWebView\Default
2026-09-21 06:53:16.235: [INFO] Profiles total count: 1
2026-09-21 06:53:16.235: [INFO] Profile: name=Profile 1 path=C:\Eclipse Java\.metadata\.plugins\org.eclipse.swt\EBWebView\Default lastActive=2026-09-21T06:43:53.502Z
2026-09-21 06:53:16.235: [INFO] LastUsedProfileDir: C:\Eclipse Java\.metadata\.plugins\org.eclipse.swt\EBWebView\Default
2026-09-21 06:53:16.235: [INFO] MostRecentlyActiveProfile: name=Profile 1 path=C:\Eclipse Java\.metadata\.plugins\org.eclipse.swt\EBWebView\Default lastActive=2026-09-21T06:43:53.502Z
2026-09-21 06:53:16.235: [INFO] OnDoneLoading sync enabled: 0
2026-09-21 06:53:16.235: [INFO] BookmarkModelLoaded, ids_reassigned: 0
2026-09-21 06:53:16.235: [INFO] BookmarksLoadDropped droppedNodes=0
2026-09-21 06:53:16.236: [INFO] BookmarksSnapshot Startup total=0 bar=0 other=0 mobile=0 showBar=0 showBarNTP=1
2026-09-21 06:54:19.941: [INFO] BookmarksSnapshot Shutdown total=0 bar=0 other=0 mobile=0 showBar=0 showBarNTP=1
2026-09-21 06:54:56.758: [INFO] CurrentProfilePath: C:\Eclipse Java\.metadata\.plugins\org.eclipse.swt\EBWebView\Default
2026-09-21 06:54:56.758: [INFO] Profiles total count: 1
2026-09-21 06:54:56.758: [INFO] Profile: name=Profile 1 path=C:\Eclipse Java\.metadata\.plugins\org.eclipse.swt\EBWebView\Default lastActive=2026-09-21T06:43:53.502Z
2026-09-21 06:54:56.758: [INFO] LastUsedProfileDir: C:\Eclipse Java\.metadata\.plugins\org.eclipse.swt\EBWebView\Default
2026-09-21 06:54:56.758: [INFO] MostRecentlyActiveProfile: name=Profile 1 path=C:\Eclipse Java\.metadata\.plugins\org.eclipse.swt\EBWebView\Default lastActive=2026-09-21T06:43:53.502Z
2026-09-21 06:54:56.758: [INFO] OnDoneLoading sync enabled: 0
2026-09-21 06:54:56.758: [INFO] BookmarkModelLoaded, ids_reassigned: 0
2026-09-21 06:54:56.758: [INFO] BookmarksLoadDropped droppedNodes=0
2026-09-21 06:54:56.758: [INFO] BookmarksSnapshot Startup total=0 bar=0 other=0 mobile=0 showBar=0 showBarNTP=1
2026-09-21 07:12:30.543: [INFO] BookmarksSnapshot Shutdown total=0 bar=0 other=0 mobile=0 showBar=0 showBarNTP=1
2026-09-21 07:15:14.253: [INFO] CurrentProfilePath: C:\Eclipse Java\.metadata\.plugins\org.eclipse.swt\EBWebView\Default
2026-09-21 07:15:14.253: [INFO] Profiles total count: 1
2026-09-21 07:15:14.253: [INFO] Profile: name=Profile 1 path=C:\Eclipse Java\.metadata\.plugins\org.eclipse.swt\EBWebView\Default lastActive=2026-09-21T06:43:53.502Z
2026-09-21 07:15:14.253: [INFO] LastUsedProfileDir: C:\Eclipse Java\.metadata\.plugins\org.eclipse.swt\EBWebView\Default
2026-09-21 07:15:14.253: [INFO] MostRecentlyActiveProfile: name=Profile 1 path=C:\Eclipse Java\.metadata\.plugins\org.eclipse.swt\EBWebView\Default lastActive=2026-09-21T06:43:53.502Z
2026-09-21 07:15:14.253: [INFO] OnDoneLoading sync enabled: 0
2026-09-21 07:15:14.253: [INFO] BookmarkModelLoaded, ids_reassigned: 0
2026-09-21 07:15:14.253: [INFO] BookmarksLoadDropped droppedNodes=0
2026-09-21 07:15:14.253: [INFO] BookmarksSnapshot Startup total=0 bar=0 other=0 mobile=0 showBar=0 showBarNTP=1
2026-09-21 07:16:25.642: [INFO] BookmarksSnapshot Shutdown total=0 bar=0 other=0 mobile=0 showBar=0 showBarNTP=1
2026-09-21 07:17:29.776: [INFO] CurrentProfilePath: C:\Eclipse Java\.metadata\.plugins\org.eclipse.swt\EBWebView\Default
2026-09-21 07:17:29.776: [INFO] Profiles total count: 1
2026-09-21 07:17:29.777: [INFO] Profile: name=Profile 1 path=C:\Eclipse Java\.metadata\.plugins\org.eclipse.swt\EBWebView\Default lastActive=2026-09-21T06:43:53.502Z
2026-09-21 07:17:29.777: [INFO] LastUsedProfileDir: C:\Eclipse Java\.metadata\.plugins\org.eclipse.swt\EBWebView\Default
2026-09-21 07:17:29.777: [INFO] MostRecentlyActiveProfile: name=Profile 1 path=C:\Eclipse Java\.metadata\.plugins\org.eclipse.swt\EBWebView\Default lastActive=2026-09-21T06:43:53.502Z
2026-09-21 07:17:29.777: [INFO] OnDoneLoading sync enabled: 0
2026-09-21 07:17:29.777: [INFO] BookmarkModelLoaded, ids_reassigned: 0
2026-09-21 07:17:29.777: [INFO] BookmarksLoadDropped droppedNodes=0
2026-09-21 07:17:29.777: [INFO] BookmarksSnapshot Startup total=0 bar=0 other=0 mobile=0 showBar=0 showBarNTP=1
2026-09-21 07:22:08.887: [INFO] BookmarksSnapshot Shutdown total=0 bar=0 other=0 mobile=0 showBar=0 showBarNTP=1
2026-09-21 07:27:35.600: [INFO] CurrentProfilePath: C:\Eclipse Java\.metadata\.plugins\org.eclipse.swt\EBWebView\Default
2026-09-21 07:27:35.600: [INFO] Profiles total count: 1
2026-09-21 07:27:35.601: [INFO] Profile: name=Profile 1 path=C:\Eclipse Java\.metadata\.plugins\org.eclipse.swt\EBWebView\Default lastActive=2026-09-21T06:43:53.502Z
2026-09-21 07:27:35.601: [INFO] LastUsedProfileDir: C:\Eclipse Java\.metadata\.plugins\org.eclipse.swt\EBWebView\Default
2026-09-21 07:27:35.601: [INFO] MostRecentlyActiveProfile: name=Profile 1 path=C:\Eclipse Java\.metadata\.plugins\org.eclipse.swt\EBWebView\Default lastActive=2026-09-21T06:43:53.502Z
2026-09-21 07:27:35.601: [INFO] OnDoneLoading sync enabled: 0
2026-09-21 07:27:35.601: [INFO] BookmarkModelLoaded, ids_reassigned: 0
2026-09-21 07:27:35.601: [INFO] BookmarksLoadDropped droppedNodes=0
2026-09-21 07:27:35.601: [INFO] BookmarksSnapshot Startup total=0 bar=0 other=0 mobile=0 showBar=0 showBarNTP=1
2026-09-21 07:28:24.211: [INFO] BookmarksSnapshot Shutdown total=0 bar=0 other=0 mobile=0 showBar=0 showBarNTP=1
2026-09-21 07:28:46.644: [INFO] CurrentProfilePath: C:\Eclipse Java\.metadata\.plugins\org.eclipse.swt\EBWebView\Default
2026-09-21 07:28:46.644: [INFO] Profiles total count: 1
2026-09-21 07:28:46.645: [INFO] Profile: name=Profile 1 path=C:\Eclipse Java\.metadata\.plugins\org.eclipse.swt\EBWebView\Default lastActive=2026-09-21T06:43:53.502Z
2026-09-21 07:28:46.645: [INFO] LastUsedProfileDir: C:\Eclipse Java\.metadata\.plugins\org.eclipse.swt\EBWebView\Default
2026-09-21 07:28:46.645: [INFO] MostRecentlyActiveProfile: name=Profile 1 path=C:\Eclipse Java\.metadata\.plugins\org.eclipse.swt\EBWebView\Default lastActive=2026-09-21T06:43:53.502Z
2026-09-21 07:28:46.645: [INFO] OnDoneLoading sync enabled: 0
2026-09-21 07:28:46.645: [INFO] BookmarkModelLoaded, ids_reassigned: 0
2026-09-21 07:28:46.645: [INFO] BookmarksLoadDropped droppedNodes=0
2026-09-21 07:28:46.645: [INFO] BookmarksSnapshot Startup total=0 bar=0 other=0 mobile=0 showBar=0 showBarNTP=1
2026-09-21 08:20:04.177: [INFO] BookmarksSnapshot Shutdown total=0 bar=0 other=0 mobile=0 showBar=0 showBarNTP=1
2026-09-21 08:20:06.089: [INFO] CurrentProfilePath: C:\Eclipse Java\.metadata\.plugins\org.eclipse.swt\EBWebView\Default
2026-09-21 08:20:06.089: [INFO] Profiles total count: 1
2026-09-21 08:20:06.089: [INFO] Profile: name=Profile 1 path=C:\Eclipse Java\.metadata\.plugins\org.eclipse.swt\EBWebView\Default lastActive=2026-09-21T06:43:53.502Z
2026-09-21 08:20:06.089: [INFO] LastUsedProfileDir: C:\Eclipse Java\.metadata\.plugins\org.eclipse.swt\EBWebView\Default
2026-09-21 08:20:06.089: [INFO] MostRecentlyActiveProfile: name=Profile 1 path=C:\Eclipse Java\.metadata\.plugins\org.eclipse.swt\EBWebView\Default lastActive=2026-09-21T06:43:53.502Z
2026-09-21 08:20:06.089: [INFO] OnDoneLoading sync enabled: 0
2026-09-21 08:20:06.089: [INFO] BookmarkModelLoaded, ids_reassigned: 0
2026-09-21 08:20:06.089: [INFO] BookmarksLoadDropped droppedNodes=0
2026-09-21 08:20:06.089: [INFO] BookmarksSnapshot Startup total=0 bar=0 other=0 mobile=0 showBar=0 showBarNTP=1
2026-09-21 11:31:12.109: [INFO] BookmarksSnapshot Shutdown total=0 bar=0 other=0 mobile=0 showBar=0 showBarNTP=1
2026-09-21 13:06:52.844: [INFO] CurrentProfilePath: C:\Eclipse Java\.metadata\.plugins\org.eclipse.swt\EBWebView\Default
2026-09-21 13:06:52.844: [INFO] Profiles total count: 1
2026-09-21 13:06:52.844: [INFO] Profile: name=Profile 1 path=C:\Eclipse Java\.metadata\.plugins\org.eclipse.swt\EBWebView\Default lastActive=2026-09-21T06:43:53.502Z
2026-09-21 13:06:52.844: [INFO] LastUsedProfileDir: C:\Eclipse Java\.metadata\.plugins\org.eclipse.swt\EBWebView\Default
2026-09-21 13:06:52.844: [INFO] MostRecentlyActiveProfile: name=Profile 1 path=C:\Eclipse Java\.metadata\.plugins\org.eclipse.swt\EBWebView\Default lastActive=2026-09-21T06:43:53.502Z
2026-09-21 13:06:52.844: [INFO] OnDoneLoading sync enabled: 0
2026-09-21 13:06:52.844: [INFO] BookmarkModelLoaded, ids_reassigned: 0
2026-09-21 13:06:52.844: [INFO] BookmarksLoadDropped droppedNodes=0
2026-09-21 13:06:52.844: [INFO] BookmarksSnapshot Startup total=0 bar=0 other=0 mobile=0 showBar=0 showBarNTP=1
2026-09-21 13:51:06.657: [INFO] BookmarksSnapshot Shutdown total=0 bar=0 other=0 mobile=0 showBar=0 showBarNTP=1
2026-09-21 15:28:05.497: [INFO] CurrentProfilePath: C:\Eclipse Java\.metadata\.plugins\org.eclipse.swt\EBWebView\Default
2026-09-21 15:28:05.497: [INFO] Profiles total count: 1
2026-09-21 15:28:05.498: [INFO] Profile: name=Profile 1 path=C:\Eclipse Java\.metadata\.plugins\org.eclipse.swt\EBWebView\Default lastActive=2026-09-21T13:51:02.461Z
2026-09-21 15:28:05.498: [INFO] LastUsedProfileDir: C:\Eclipse Java\.metadata\.plugins\org.eclipse.swt\EBWebView\Default
2026-09-21 15:28:05.498: [INFO] MostRecentlyActiveProfile: name=Profile 1 path=C:\Eclipse Java\.metadata\.plugins\org.eclipse.swt\EBWebView\Default lastActive=2026-09-21T13:51:02.461Z
2026-09-21 15:28:05.498: [INFO] OnDoneLoading sync enabled: 0
2026-09-21 15:28:05.498: [INFO] BookmarkModelLoaded, ids_reassigned: 0
2026-09-21 15:28:05.498: [INFO] BookmarksLoadDropped droppedNodes=0
2026-09-21 15:28:05.498: [INFO] BookmarksSnapshot Startup total=0 bar=0 other=0 mobile=0 showBar=0 showBarNTP=1
2026-09-21 16:05:51.455: [INFO] BookmarksSnapshot Shutdown total=0 bar=0 other=0 mobile=0 showBar=0 showBarNTP=1
2026-09-21 16:06:17.409: [INFO] CurrentProfilePath: C:\Eclipse Java\.metadata\.plugins\org.eclipse.swt\EBWebView\Default
2026-09-21 16:06:17.410: [INFO] Profiles total count: 1
2026-09-21 16:06:17.410: [INFO] Profile: name=Profile 1 path=C:\Eclipse Java\.metadata\.plugins\org.eclipse.swt\EBWebView\Default lastActive=2026-09-21T13:51:02.461Z
2026-09-21 16:06:17.410: [INFO] LastUsedProfileDir: C:\Eclipse Java\.metadata\.plugins\org.eclipse.swt\EBWebView\Default
2026-09-21 16:06:17.410: [INFO] MostRecentlyActiveProfile: name=Profile 1 path=C:\Eclipse Java\.metadata\.plugins\org.eclipse.swt\EBWebView\Default lastActive=2026-09-21T13:51:02.461Z
2026-09-21 16:06:17.410: [INFO] OnDoneLoading sync enabled: 0
2026-09-21 16:06:17.410: [INFO] BookmarkModelLoaded, ids_reassigned: 0
2026-09-21 16:06:17.410: [INFO] BookmarksLoadDropped droppedNodes=0
2026-09-21 16:06:17.410: [INFO] BookmarksSnapshot Startup total=0 bar=0 other=0 mobile=0 showBar=0 showBarNTP=1
2026-09-21 16:06:21.480: [INFO] BookmarksSnapshot Shutdown total=0 bar=0 other=0 mobile=0 showBar=0 showBarNTP=1
2026-09-21 16:25:11.392: [INFO] CurrentProfilePath: C:\Eclipse Java\.metadata\.plugins\org.eclipse.swt\EBWebView\Default
2026-09-21 16:25:11.392: [INFO] Profiles total count: 1
2026-09-21 16:25:11.392: [INFO] Profile: name=Profile 1 path=C:\Eclipse Java\.metadata\.plugins\org.eclipse.swt\EBWebView\Default lastActive=2026-09-21T13:51:02.461Z
2026-09-21 16:25:11.392: [INFO] LastUsedProfileDir: C:\Eclipse Java\.metadata\.plugins\org.eclipse.swt\EBWebView\Default
2026-09-21 16:25:11.392: [INFO] MostRecentlyActiveProfile: name=Profile 1 path=C:\Eclipse Java\.metadata\.plugins\org.eclipse.swt\EBWebView\Default lastActive=2026-09-21T13:51:02.461Z
2026-09-21 16:25:11.392: [INFO] OnDoneLoading sync enabled: 0
2026-09-21 16:25:11.392: [INFO] BookmarkModelLoaded, ids_reassigned: 0
2026-09-21 16:25:11.392: [INFO] BookmarksLoadDropped droppedNodes=0
2026-09-21 16:25:11.392: [INFO] BookmarksSnapshot Startup total=0 bar=0 other=0 mobile=0 showBar=0 showBarNTP=1
2026-09-21 18:43:08.891: [INFO] BookmarksSnapshot Shutdown total=0 bar=0 other=0 mobile=0 showBar=0 showBarNTP=1
2026-09-22 02:37:25.285: [INFO] CurrentProfilePath: C:\Eclipse Java\.metadata\.plugins\org.eclipse.swt\EBWebView\Default
2026-09-22 02:37:25.285: [INFO] Profiles total count: 1
2026-09-22 02:37:25.286: [INFO] Profile: name=Profile 1 path=C:\Eclipse Java\.metadata\.plugins\org.eclipse.swt\EBWebView\Default lastActive=2026-09-21T13:51:02.461Z
2026-09-22 02:37:25.286: [INFO] LastUsedProfileDir: C:\Eclipse Java\.metadata\.plugins\org.eclipse.swt\EBWebView\Default
2026-09-22 02:37:25.286: [INFO] MostRecentlyActiveProfile: name=Profile 1 path=C:\Eclipse Java\.metadata\.plugins\org.eclipse.swt\EBWebView\Default lastActive=2026-09-21T13:51:02.461Z
2026-09-22 02:37:25.286: [INFO] OnDoneLoading sync enabled: 0
2026-09-22 02:37:25.286: [INFO] BookmarkModelLoaded, ids_reassigned: 0
2026-09-22 02:37:25.286: [INFO] BookmarksLoadDropped droppedNodes=0
2026-09-22 02:37:25.286: [INFO] BookmarksSnapshot Startup total=0 bar=0 other=0 mobile=0 showBar=0 showBarNTP=1
2026-09-22 02:55:57.522: [INFO] BookmarksSnapshot Shutdown total=0 bar=0 other=0 mobile=0 showBar=0 showBarNTP=1
2026-09-22 03:01:35.257: [INFO] CurrentProfilePath: C:\Eclipse Java\.metadata\.plugins\org.eclipse.swt\EBWebView\Default
2026-09-22 03:01:35.257: [INFO] Profiles total count: 1
2026-09-22 03:01:35.257: [INFO] Profile: name=Profile 1 path=C:\Eclipse Java\.metadata\.plugins\org.eclipse.swt\EBWebView\Default lastActive=2026-09-22T02:55:53.806Z
2026-09-22 03:01:35.257: [INFO] LastUsedProfileDir: C:\Eclipse Java\.metadata\.plugins\org.eclipse.swt\EBWebView\Default
2026-09-22 03:01:35.257: [INFO] MostRecentlyActiveProfile: name=Profile 1 path=C:\Eclipse Java\.metadata\.plugins\org.eclipse.swt\EBWebView\Default lastActive=2026-09-22T02:55:53.806Z
2026-09-22 03:01:35.257: [INFO] OnDoneLoading sync enabled: 0
2026-09-22 03:01:35.257: [INFO] BookmarkModelLoaded, ids_reassigned: 0
2026-09-22 03:01:35.257: [INFO] BookmarksLoadDropped droppedNodes=0
2026-09-22 03:01:35.257: [INFO] BookmarksSnapshot Startup total=0 bar=0 other=0 mobile=0 showBar=0 showBarNTP=1
2026-09-22 08:44:54.318: [INFO] CurrentProfilePath: C:\Eclipse Java\.metadata\.plugins\org.eclipse.swt\EBWebView\Default
2026-09-22 08:44:54.318: [INFO] Profiles total count: 1
2026-09-22 08:44:54.318: [INFO] Profile: name=Profile 1 path=C:\Eclipse Java\.metadata\.plugins\org.eclipse.swt\EBWebView\Default lastActive=2026-09-22T02:55:53.806Z
2026-09-22 08:44:54.318: [INFO] LastUsedProfileDir: C:\Eclipse Java\.metadata\.plugins\org.eclipse.swt\EBWebView\Default
2026-09-22 08:44:54.318: [INFO] MostRecentlyActiveProfile: name=Profile 1 path=C:\Eclipse Java\.metadata\.plugins\org.eclipse.swt\EBWebView\Default lastActive=2026-09-22T02:55:53.806Z
2026-09-22 08:44:54.318: [INFO] OnDoneLoading sync enabled: 0
2026-09-22 08:44:54.318: [INFO] BookmarkModelLoaded, ids_reassigned: 0
2026-09-22 08:44:54.318: [INFO] BookmarksLoadDropped droppedNodes=0
2026-09-22 08:44:54.318: [INFO] BookmarksSnapshot Startup total=0 bar=0 other=0 mobile=0 showBar=0 showBarNTP=1
2026-09-22 08:46:22.171: [INFO] BookmarksSnapshot Shutdown total=0 bar=0 other=0 mobile=0 showBar=0 showBarNTP=1
2026-09-22 09:15:41.279: [INFO] CurrentProfilePath: C:\Eclipse Java\.metadata\.plugins\org.eclipse.swt\EBWebView\Default
2026-09-22 09:15:41.279: [INFO] Profiles total count: 1
2026-09-22 09:15:41.279: [INFO] Profile: name=Profile 1 path=C:\Eclipse Java\.metadata\.plugins\org.eclipse.swt\EBWebView\Default lastActive=2026-09-22T02:55:53.806Z
2026-09-22 09:15:41.279: [INFO] LastUsedProfileDir: C:\Eclipse Java\.metadata\.plugins\org.eclipse.swt\EBWebView\Default
2026-09-22 09:15:41.279: [INFO] MostRecentlyActiveProfile: name=Profile 1 path=C:\Eclipse Java\.metadata\.plugins\org.eclipse.swt\EBWebView\Default lastActive=2026-09-22T02:55:53.806Z
2026-09-22 09:15:41.279: [INFO] OnDoneLoading sync enabled: 0
2026-09-22 09:15:41.279: [INFO] BookmarkModelLoaded, ids_reassigned: 0
2026-09-22 09:15:41.279: [INFO] BookmarksLoadDropped droppedNodes=0
2026-09-22 09:15:41.279: [INFO] BookmarksSnapshot Startup total=0 bar=0 other=0 mobile=0 showBar=0 showBarNTP=1
2026-09-22 12:35:58.468: [INFO] BookmarksSnapshot Shutdown total=0 bar=0 other=0 mobile=0 showBar=0 showBarNTP=1
2026-09-22 12:38:40.573: [INFO] CurrentProfilePath: C:\Eclipse Java\.metadata\.plugins\org.eclipse.swt\EBWebView\Default
2026-09-22 12:38:40.573: [INFO] Profiles total count: 1
2026-09-22 12:38:40.573: [INFO] Profile: name=Profile 1 path=C:\Eclipse Java\.metadata\.plugins\org.eclipse.swt\EBWebView\Default lastActive=2026-09-22T02:55:53.806Z
2026-09-22 12:38:40.573: [INFO] LastUsedProfileDir: C:\Eclipse Java\.metadata\.plugins\org.eclipse.swt\EBWebView\Default
2026-09-22 12:38:40.573: [INFO] MostRecentlyActiveProfile: name=Profile 1 path=C:\Eclipse Java\.metadata\.plugins\org.eclipse.swt\EBWebView\Default lastActive=2026-09-22T02:55:53.806Z
2026-09-22 12:38:40.573: [INFO] OnDoneLoading sync enabled: 0
2026-09-22 12:38:40.573: [INFO] BookmarkModelLoaded, ids_reassigned: 0
2026-09-22 12:38:40.573: [INFO] BookmarksLoadDropped droppedNodes=0
2026-09-22 12:38:40.573: [INFO] BookmarksSnapshot Startup total=0 bar=0 other=0 mobile=0 showBar=0 showBarNTP=1
2026-09-22 12:38:43.232: [INFO] BookmarksSnapshot Shutdown total=0 bar=0 other=0 mobile=0 showBar=0 showBarNTP=1
2026-09-22 12:50:59.837: [INFO] CurrentProfilePath: C:\Eclipse Java\.metadata\.plugins\org.eclipse.swt\EBWebView\Default
2026-09-22 12:50:59.837: [INFO] Profiles total count: 1
2026-09-22 12:50:59.837: [INFO] Profile: name=Profile 1 path=C:\Eclipse Java\.metadata\.plugins\org.eclipse.swt\EBWebView\Default lastActive=2026-09-22T02:55:53.806Z
2026-09-22 12:50:59.837: [INFO] LastUsedProfileDir: C:\Eclipse Java\.metadata\.plugins\org.eclipse.swt\EBWebView\Default
2026-09-22 12:50:59.837: [INFO] MostRecentlyActiveProfile: name=Profile 1 path=C:\Eclipse Java\.metadata\.plugins\org.eclipse.swt\EBWebView\Default lastActive=2026-09-22T02:55:53.806Z
2026-09-22 12:50:59.837: [INFO] OnDoneLoading sync enabled: 0
2026-09-22 12:50:59.837: [INFO] BookmarkModelLoaded, ids_reassigned: 0
2026-09-22 12:50:59.837: [INFO] BookmarksLoadDropped droppedNodes=0
2026-09-22 12:50:59.837: [INFO] BookmarksSnapshot Startup total=0 bar=0 other=0 mobile=0 showBar=0 showBarNTP=1
2026-09-22 12:51:00.817: [INFO] BookmarksSnapshot Shutdown total=0 bar=0 other=0 mobile=0 showBar=0 showBarNTP=1
2026-09-22 12:52:52.036: [INFO] CurrentProfilePath: C:\Eclipse Java\.metadata\.plugins\org.eclipse.swt\EBWebView\Default
2026-09-22 12:52:52.036: [INFO] Profiles total count: 1
2026-09-22 12:52:52.036: [INFO] Profile: name=Profile 1 path=C:\Eclipse Java\.metadata\.plugins\org.eclipse.swt\EBWebView\Default lastActive=2026-09-22T02:55:53.806Z
2026-09-22 12:52:52.036: [INFO] LastUsedProfileDir: C:\Eclipse Java\.metadata\.plugins\org.eclipse.swt\EBWebView\Default
2026-09-22 12:52:52.036: [INFO] MostRecentlyActiveProfile: name=Profile 1 path=C:\Eclipse Java\.metadata\.plugins\org.eclipse.swt\EBWebView\Default lastActive=2026-09-22T02:55:53.806Z
2026-09-22 12:52:52.036: [INFO] OnDoneLoading sync enabled: 0
2026-09-22 12:52:52.036: [INFO] BookmarkModelLoaded, ids_reassigned: 0
2026-09-22 12:52:52.036: [INFO] BookmarksLoadDropped droppedNodes=0
2026-09-22 12:52:52.036: [INFO] BookmarksSnapshot Startup total=0 bar=0 other=0 mobile=0 showBar=0 showBarNTP=1
2026-09-22 12:53:07.850: [INFO] BookmarksSnapshot Shutdown total=0 bar=0 other=0 mobile=0 showBar=0 showBarNTP=1
2026-09-22 12:53:09.446: [INFO] CurrentProfilePath: C:\Eclipse Java\.metadata\.plugins\org.eclipse.swt\EBWebView\Default
2026-09-22 12:53:09.446: [INFO] Profiles total count: 1
2026-09-22 12:53:09.446: [INFO] Profile: name=Profile 1 path=C:\Eclipse Java\.metadata\.plugins\org.eclipse.swt\EBWebView\Default lastActive=2026-09-22T02:55:53.806Z
2026-09-22 12:53:09.446: [INFO] LastUsedProfileDir: C:\Eclipse Java\.metadata\.plugins\org.eclipse.swt\EBWebView\Default
2026-09-22 12:53:09.446: [INFO] MostRecentlyActiveProfile: name=Profile 1 path=C:\Eclipse Java\.metadata\.plugins\org.eclipse.swt\EBWebView\Default lastActive=2026-09-22T02:55:53.806Z
2026-09-22 12:53:09.446: [INFO] OnDoneLoading sync enabled: 0
2026-09-22 12:53:09.446: [INFO] BookmarkModelLoaded, ids_reassigned: 0
2026-09-22 12:53:09.446: [INFO] BookmarksLoadDropped droppedNodes=0
2026-09-22 12:53:09.446: [INFO] BookmarksSnapshot Startup total=0 bar=0 other=0 mobile=0 showBar=0 showBarNTP=1
2026-09-22 12:53:42.859: [INFO] BookmarksSnapshot Shutdown total=0 bar=0 other=0 mobile=0 showBar=0 showBarNTP=1
2026-09-22 16:05:20.806: [INFO] CurrentProfilePath: C:\Eclipse Java\.metadata\.plugins\org.eclipse.swt\EBWebView\Default
2026-09-22 16:05:20.806: [INFO] Profiles total count: 1
2026-09-22 16:05:20.807: [INFO] Profile: name=Profile 1 path=C:\Eclipse Java\.metadata\.plugins\org.eclipse.swt\EBWebView\Default lastActive=2026-09-22T02:55:53.806Z
2026-09-22 16:05:20.807: [INFO] LastUsedProfileDir: C:\Eclipse Java\.metadata\.plugins\org.eclipse.swt\EBWebView\Default
2026-09-22 16:05:20.807: [INFO] MostRecentlyActiveProfile: name=Profile 1 path=C:\Eclipse Java\.metadata\.plugins\org.eclipse.swt\EBWebView\Default lastActive=2026-09-22T02:55:53.806Z
2026-09-22 16:05:20.807: [INFO] OnDoneLoading sync enabled: 0
2026-09-22 16:05:20.807: [INFO] BookmarkModelLoaded, ids_reassigned: 0
2026-09-22 16:05:20.807: [INFO] BookmarksLoadDropped droppedNodes=0
2026-09-22 16:05:20.807: [INFO] BookmarksSnapshot Startup total=0 bar=0 other=0 mobile=0 showBar=0 showBarNTP=1
2026-09-22 16:07:00.032: [INFO] BookmarksSnapshot Shutdown total=0 bar=0 other=0 mobile=0 showBar=0 showBarNTP=1
2026-09-22 16:09:24.123: [INFO] CurrentProfilePath: C:\Eclipse Java\.metadata\.plugins\org.eclipse.swt\EBWebView\Default
2026-09-22 16:09:24.123: [INFO] Profiles total count: 1
2026-09-22 16:09:24.124: [INFO] Profile: name=Profile 1 path=C:\Eclipse Java\.metadata\.plugins\org.eclipse.swt\EBWebView\Default lastActive=2026-09-22T02:55:53.806Z
2026-09-22 16:09:24.124: [INFO] LastUsedProfileDir: C:\Eclipse Java\.metadata\.plugins\org.eclipse.swt\EBWebView\Default
2026-09-22 16:09:24.124: [INFO] MostRecentlyActiveProfile: name=Profile 1 path=C:\Eclipse Java\.metadata\.plugins\org.eclipse.swt\EBWebView\Default lastActive=2026-09-22T02:55:53.806Z
2026-09-22 16:09:24.124: [INFO] OnDoneLoading sync enabled: 0
2026-09-22 16:09:24.124: [INFO] BookmarkModelLoaded, ids_reassigned: 0
2026-09-22 16:09:24.124: [INFO] BookmarksLoadDropped droppedNodes=0
2026-09-22 16:09:24.124: [INFO] BookmarksSnapshot Startup total=0 bar=0 other=0 mobile=0 showBar=0 showBarNTP=1
2026-09-22 16:09:28.179: [INFO] BookmarksSnapshot Shutdown total=0 bar=0 other=0 mobile=0 showBar=0 showBarNTP=1
2026-09-22 17:06:16.889: [INFO] CurrentProfilePath: C:\Eclipse Java\.metadata\.plugins\org.eclipse.swt\EBWebView\Default
2026-09-22 17:06:16.889: [INFO] Profiles total count: 1
2026-09-22 17:06:16.889: [INFO] Profile: name=Profile 1 path=C:\Eclipse Java\.metadata\.plugins\org.eclipse.swt\EBWebView\Default lastActive=2026-09-22T02:55:53.806Z
2026-09-22 17:06:16.889: [INFO] LastUsedProfileDir: C:\Eclipse Java\.metadata\.plugins\org.eclipse.swt\EBWebView\Default
2026-09-22 17:06:16.889: [INFO] MostRecentlyActiveProfile: name=Profile 1 path=C:\Eclipse Java\.metadata\.plugins\org.eclipse.swt\EBWebView\Default lastActive=2026-09-22T02:55:53.806Z
2026-09-22 17:06:16.889: [INFO] OnDoneLoading sync enabled: 0
2026-09-22 17:06:16.889: [INFO] BookmarkModelLoaded, ids_reassigned: 0
2026-09-22 17:06:16.889: [INFO] BookmarksLoadDropped droppedNodes=0
2026-09-22 17:06:16.889: [INFO] BookmarksSnapshot Startup total=0 bar=0 other=0 mobile=0 showBar=0 showBarNTP=1
2026-09-22 17:06:20.124: [INFO] BookmarksSnapshot Shutdown total=0 bar=0 other=0 mobile=0 showBar=0 showBarNTP=1
2026-09-22 17:10:16.928: [INFO] CurrentProfilePath: C:\Eclipse Java\.metadata\.plugins\org.eclipse.swt\EBWebView\Default
2026-09-22 17:10:16.928: [INFO] Profiles total count: 1
2026-09-22 17:10:16.928: [INFO] Profile: name=Profile 1 path=C:\Eclipse Java\.metadata\.plugins\org.eclipse.swt\EBWebView\Default lastActive=2026-09-22T02:55:53.806Z
2026-09-22 17:10:16.928: [INFO] LastUsedProfileDir: C:\Eclipse Java\.metadata\.plugins\org.eclipse.swt\EBWebView\Default
2026-09-22 17:10:16.928: [INFO] MostRecentlyActiveProfile: name=Profile 1 path=C:\Eclipse Java\.metadata\.plugins\org.eclipse.swt\EBWebView\Default lastActive=2026-09-22T02:55:53.806Z
2026-09-22 17:10:16.928: [INFO] OnDoneLoading sync enabled: 0
2026-09-22 17:10:16.928: [INFO] BookmarkModelLoaded, ids_reassigned: 0
2026-09-22 17:10:16.928: [INFO] BookmarksLoadDropped droppedNodes=0
2026-09-22 17:10:16.928: [INFO] BookmarksSnapshot Startup total=0 bar=0 other=0 mobile=0 showBar=0 showBarNTP=1
2026-09-22 17:11:38.908: [INFO] BookmarksSnapshot Shutdown total=0 bar=0 other=0 mobile=0 showBar=0 showBarNTP=1
2026-09-22 17:11:41.038: [INFO] CurrentProfilePath: C:\Eclipse Java\.metadata\.plugins\org.eclipse.swt\EBWebView\Default
2026-09-22 17:11:41.038: [INFO] Profiles total count: 1
2026-09-22 17:11:41.039: [INFO] Profile: name=Profile 1 path=C:\Eclipse Java\.metadata\.plugins\org.eclipse.swt\EBWebView\Default lastActive=2026-09-22T02:55:53.806Z
2026-09-22 17:11:41.039: [INFO] LastUsedProfileDir: C:\Eclipse Java\.metadata\.plugins\org.eclipse.swt\EBWebView\Default
2026-09-22 17:11:41.039: [INFO] MostRecentlyActiveProfile: name=Profile 1 path=C:\Eclipse Java\.metadata\.plugins\org.eclipse.swt\EBWebView\Default lastActive=2026-09-22T02:55:53.806Z
2026-09-22 17:11:41.039: [INFO] OnDoneLoading sync enabled: 0
2026-09-22 17:11:41.039: [INFO] BookmarkModelLoaded, ids_reassigned: 0
2026-09-22 17:11:41.039: [INFO] BookmarksLoadDropped droppedNodes=0
2026-09-22 17:11:41.039: [INFO] BookmarksSnapshot Startup total=0 bar=0 other=0 mobile=0 showBar=0 showBarNTP=1
2026-09-22 18:35:18.037: [INFO] BookmarksSnapshot Shutdown total=0 bar=0 other=0 mobile=0 showBar=0 showBarNTP=1
2026-09-23 02:08:06.617: [INFO] CurrentProfilePath: C:\Eclipse Java\.metadata\.plugins\org.eclipse.swt\EBWebView\Default
2026-09-23 02:08:06.617: [INFO] Profiles total count: 1
2026-09-23 02:08:06.617: [INFO] Profile: name=Profile 1 path=C:\Eclipse Java\.metadata\.plugins\org.eclipse.swt\EBWebView\Default lastActive=2026-09-22T02:55:53.806Z
2026-09-23 02:08:06.617: [INFO] LastUsedProfileDir: C:\Eclipse Java\.metadata\.plugins\org.eclipse.swt\EBWebView\Default
2026-09-23 02:08:06.618: [INFO] MostRecentlyActiveProfile: name=Profile 1 path=C:\Eclipse Java\.metadata\.plugins\org.eclipse.swt\EBWebView\Default lastActive=2026-09-22T02:55:53.806Z
2026-09-23 02:08:06.618: [INFO] OnDoneLoading sync enabled: 0
2026-09-23 02:08:06.618: [INFO] BookmarkModelLoaded, ids_reassigned: 0
2026-09-23 02:08:06.618: [INFO] BookmarksLoadDropped droppedNodes=0
2026-09-23 02:08:06.618: [INFO] BookmarksSnapshot Startup total=0 bar=0 other=0 mobile=0 showBar=0 showBarNTP=1
2026-09-23 02:08:09.991: [INFO] BookmarksSnapshot Shutdown total=0 bar=0 other=0 mobile=0 showBar=0 showBarNTP=1
2026-09-23 02:09:42.330: [INFO] CurrentProfilePath: C:\Eclipse Java\.metadata\.plugins\org.eclipse.swt\EBWebView\Default
2026-09-23 02:09:42.330: [INFO] Profiles total count: 1
2026-09-23 02:09:42.330: [INFO] Profile: name=Profile 1 path=C:\Eclipse Java\.metadata\.plugins\org.eclipse.swt\EBWebView\Default lastActive=2026-09-22T02:55:53.806Z
2026-09-23 02:09:42.330: [INFO] LastUsedProfileDir: C:\Eclipse Java\.metadata\.plugins\org.eclipse.swt\EBWebView\Default
2026-09-23 02:09:42.330: [INFO] MostRecentlyActiveProfile: name=Profile 1 path=C:\Eclipse Java\.metadata\.plugins\org.eclipse.swt\EBWebView\Default lastActive=2026-09-22T02:55:53.806Z
2026-09-23 02:09:42.330: [INFO] OnDoneLoading sync enabled: 0
2026-09-23 02:09:42.330: [INFO] BookmarkModelLoaded, ids_reassigned: 0
2026-09-23 02:09:42.330: [INFO] BookmarksLoadDropped droppedNodes=0
2026-09-23 02:09:42.330: [INFO] BookmarksSnapshot Startup total=0 bar=0 other=0 mobile=0 showBar=0 showBarNTP=1
2026-09-23 03:31:56.281: [INFO] BookmarksSnapshot Shutdown total=0 bar=0 other=0 mobile=0 showBar=0 showBarNTP=1
2026-09-23 03:32:19.245: [INFO] CurrentProfilePath: C:\Eclipse Java\.metadata\.plugins\org.eclipse.swt\EBWebView\Default
2026-09-23 03:32:19.245: [INFO] Profiles total count: 1
2026-09-23 03:32:19.246: [INFO] Profile: name=Profile 1 path=C:\Eclipse Java\.metadata\.plugins\org.eclipse.swt\EBWebView\Default lastActive=2026-09-22T02:55:53.806Z
2026-09-23 03:32:19.246: [INFO] LastUsedProfileDir: C:\Eclipse Java\.metadata\.plugins\org.eclipse.swt\EBWebView\Default
2026-09-23 03:32:19.246: [INFO] MostRecentlyActiveProfile: name=Profile 1 path=C:\Eclipse Java\.metadata\.plugins\org.eclipse.swt\EBWebView\Default lastActive=2026-09-22T02:55:53.806Z
2026-09-23 03:32:19.246: [INFO] OnDoneLoading sync enabled: 0
2026-09-23 03:32:19.246: [INFO] BookmarkModelLoaded, ids_reassigned: 0
2026-09-23 03:32:19.246: [INFO] BookmarksLoadDropped droppedNodes=0
2026-09-23 03:32:19.246: [INFO] BookmarksSnapshot Startup total=0 bar=0 other=0 mobile=0 showBar=0 showBarNTP=1
2026-09-23 03:42:49.116: [INFO] BookmarksSnapshot Shutdown total=0 bar=0 other=0 mobile=0 showBar=0 showBarNTP=1
2026-09-23 03:47:43.203: [INFO] CurrentProfilePath: C:\Eclipse Java\.metadata\.plugins\org.eclipse.swt\EBWebView\Default
2026-09-23 03:47:43.203: [INFO] Profiles total count: 1
2026-09-23 03:47:43.204: [INFO] Profile: name=Profile 1 path=C:\Eclipse Java\.metadata\.plugins\org.eclipse.swt\EBWebView\Default lastActive=2026-09-23T03:34:58.262Z
2026-09-23 03:47:43.204: [INFO] LastUsedProfileDir: C:\Eclipse Java\.metadata\.plugins\org.eclipse.swt\EBWebView\Default
2026-09-23 03:47:43.204: [INFO] MostRecentlyActiveProfile: name=Profile 1 path=C:\Eclipse Java\.metadata\.plugins\org.eclipse.swt\EBWebView\Default lastActive=2026-09-23T03:34:58.262Z
2026-09-23 03:47:43.204: [INFO] OnDoneLoading sync enabled: 0
2026-09-23 03:47:43.204: [INFO] BookmarkModelLoaded, ids_reassigned: 0
2026-09-23 03:47:43.204: [INFO] BookmarksLoadDropped droppedNodes=0
2026-09-23 03:47:43.204: [INFO] BookmarksSnapshot Startup total=0 bar=0 other=0 mobile=0 showBar=0 showBarNTP=1
2026-09-23 03:48:11.222: [INFO] BookmarksSnapshot Shutdown total=0 bar=0 other=0 mobile=0 showBar=0 showBarNTP=1
2026-09-23 03:53:03.752: [INFO] CurrentProfilePath: C:\Eclipse Java\.metadata\.plugins\org.eclipse.swt\EBWebView\Default
2026-09-23 03:53:03.752: [INFO] Profiles total count: 1
2026-09-23 03:53:03.752: [INFO] Profile: name=Profile 1 path=C:\Eclipse Java\.metadata\.plugins\org.eclipse.swt\EBWebView\Default lastActive=2026-09-23T03:34:58.262Z
2026-09-23 03:53:03.752: [INFO] LastUsedProfileDir: C:\Eclipse Java\.metadata\.plugins\org.eclipse.swt\EBWebView\Default
2026-09-23 03:53:03.752: [INFO] MostRecentlyActiveProfile: name=Profile 1 path=C:\Eclipse Java\.metadata\.plugins\org.eclipse.swt\EBWebView\Default lastActive=2026-09-23T03:34:58.262Z
2026-09-23 03:53:03.752: [INFO] OnDoneLoading sync enabled: 0
2026-09-23 03:53:03.752: [INFO] BookmarkModelLoaded, ids_reassigned: 0
2026-09-23 03:53:03.752: [INFO] BookmarksLoadDropped droppedNodes=0
2026-09-23 03:53:03.753: [INFO] BookmarksSnapshot Startup total=0 bar=0 other=0 mobile=0 showBar=0 showBarNTP=1
2026-09-23 03:53:06.353: [INFO] BookmarksSnapshot Shutdown total=0 bar=0 other=0 mobile=0 showBar=0 showBarNTP=1
2026-09-23 03:54:08.050: [INFO] CurrentProfilePath: C:\Eclipse Java\.metadata\.plugins\org.eclipse.swt\EBWebView\Default
2026-09-23 03:54:08.050: [INFO] Profiles total count: 1
2026-09-23 03:54:08.050: [INFO] Profile: name=Profile 1 path=C:\Eclipse Java\.metadata\.plugins\org.eclipse.swt\EBWebView\Default lastActive=2026-09-23T03:34:58.262Z
2026-09-23 03:54:08.050: [INFO] LastUsedProfileDir: C:\Eclipse Java\.metadata\.plugins\org.eclipse.swt\EBWebView\Default
2026-09-23 03:54:08.050: [INFO] MostRecentlyActiveProfile: name=Profile 1 path=C:\Eclipse Java\.metadata\.plugins\org.eclipse.swt\EBWebView\Default lastActive=2026-09-23T03:34:58.262Z
2026-09-23 03:54:08.050: [INFO] OnDoneLoading sync enabled: 0
2026-09-23 03:54:08.050: [INFO] BookmarkModelLoaded, ids_reassigned: 0
2026-09-23 03:54:08.050: [INFO] BookmarksLoadDropped droppedNodes=0
2026-09-23 03:54:08.050: [INFO] BookmarksSnapshot Startup total=0 bar=0 other=0 mobile=0 showBar=0 showBarNTP=1
2026-09-23 03:54:38.711: [INFO] BookmarksSnapshot Shutdown total=0 bar=0 other=0 mobile=0 showBar=0 showBarNTP=1
2026-09-23 03:55:20.681: [INFO] CurrentProfilePath: C:\Eclipse Java\.metadata\.plugins\org.eclipse.swt\EBWebView\Default
2026-09-23 03:55:20.681: [INFO] Profiles total count: 1
2026-09-23 03:55:20.681: [INFO] Profile: name=Profile 1 path=C:\Eclipse Java\.metadata\.plugins\org.eclipse.swt\EBWebView\Default lastActive=2026-09-23T03:34:58.262Z
2026-09-23 03:55:20.681: [INFO] LastUsedProfileDir: C:\Eclipse Java\.metadata\.plugins\org.eclipse.swt\EBWebView\Default
2026-09-23 03:55:20.681: [INFO] MostRecentlyActiveProfile: name=Profile 1 path=C:\Eclipse Java\.metadata\.plugins\org.eclipse.swt\EBWebView\Default lastActive=2026-09-23T03:34:58.262Z
2026-09-23 03:55:20.681: [INFO] OnDoneLoading sync enabled: 0
2026-09-23 03:55:20.681: [INFO] BookmarkModelLoaded, ids_reassigned: 0
2026-09-23 03:55:20.681: [INFO] BookmarksLoadDropped droppedNodes=0
2026-09-23 03:55:20.681: [INFO] BookmarksSnapshot Startup total=0 bar=0 other=0 mobile=0 showBar=0 showBarNTP=1
2026-09-23 04:10:40.106: [INFO] BookmarksSnapshot Shutdown total=0 bar=0 other=0 mobile=0 showBar=0 showBarNTP=1
2026-09-23 04:11:32.666: [INFO] CurrentProfilePath: C:\Eclipse Java\.metadata\.plugins\org.eclipse.swt\EBWebView\Default
2026-09-23 04:11:32.666: [INFO] Profiles total count: 1
2026-09-23 04:11:32.666: [INFO] Profile: name=Profile 1 path=C:\Eclipse Java\.metadata\.plugins\org.eclipse.swt\EBWebView\Default lastActive=2026-09-23T03:34:58.262Z
2026-09-23 04:11:32.666: [INFO] LastUsedProfileDir: C:\Eclipse Java\.metadata\.plugins\org.eclipse.swt\EBWebView\Default
2026-09-23 04:11:32.666: [INFO] MostRecentlyActiveProfile: name=Profile 1 path=C:\Eclipse Java\.metadata\.plugins\org.eclipse.swt\EBWebView\Default lastActive=2026-09-23T03:34:58.262Z
2026-09-23 04:11:32.666: [INFO] OnDoneLoading sync enabled: 0
2026-09-23 04:11:32.666: [INFO] BookmarkModelLoaded, ids_reassigned: 0
2026-09-23 04:11:32.666: [INFO] BookmarksLoadDropped droppedNodes=0
2026-09-23 04:11:32.666: [INFO] BookmarksSnapshot Startup total=0 bar=0 other=0 mobile=0 showBar=0 showBarNTP=1
2026-09-23 04:12:08.241: [INFO] BookmarksSnapshot Shutdown total=0 bar=0 other=0 mobile=0 showBar=0 showBarNTP=1
2026-09-23 04:12:29.098: [INFO] CurrentProfilePath: C:\Eclipse Java\.metadata\.plugins\org.eclipse.swt\EBWebView\Default
2026-09-23 04:12:29.098: [INFO] Profiles total count: 1
2026-09-23 04:12:29.098: [INFO] Profile: name=Profile 1 path=C:\Eclipse Java\.metadata\.plugins\org.eclipse.swt\EBWebView\Default lastActive=2026-09-23T03:34:58.262Z
2026-09-23 04:12:29.098: [INFO] LastUsedProfileDir: C:\Eclipse Java\.metadata\.plugins\org.eclipse.swt\EBWebView\Default
2026-09-23 04:12:29.098: [INFO] MostRecentlyActiveProfile: name=Profile 1 path=C:\Eclipse Java\.metadata\.plugins\org.eclipse.swt\EBWebView\Default lastActive=2026-09-23T03:34:58.262Z
2026-09-23 04:12:29.098: [INFO] OnDoneLoading sync enabled: 0
2026-09-23 04:12:29.098: [INFO] BookmarkModelLoaded, ids_reassigned: 0
2026-09-23 04:12:29.098: [INFO] BookmarksLoadDropped droppedNodes=0
2026-09-23 04:12:29.098: [INFO] BookmarksSnapshot Startup total=0 bar=0 other=0 mobile=0 showBar=0 showBarNTP=1
2026-09-23 04:12:31.527: [INFO] BookmarksSnapshot Shutdown total=0 bar=0 other=0 mobile=0 showBar=0 showBarNTP=1
2026-09-23 04:13:36.058: [INFO] CurrentProfilePath: C:\Eclipse Java\.metadata\.plugins\org.eclipse.swt\EBWebView\Default
2026-09-23 04:13:36.058: [INFO] Profiles total count: 1
2026-09-23 04:13:36.059: [INFO] Profile: name=Profile 1 path=C:\Eclipse Java\.metadata\.plugins\org.eclipse.swt\EBWebView\Default lastActive=2026-09-23T03:34:58.262Z
2026-09-23 04:13:36.059: [INFO] LastUsedProfileDir: C:\Eclipse Java\.metadata\.plugins\org.eclipse.swt\EBWebView\Default
2026-09-23 04:13:36.059: [INFO] MostRecentlyActiveProfile: name=Profile 1 path=C:\Eclipse Java\.metadata\.plugins\org.eclipse.swt\EBWebView\Default lastActive=2026-09-23T03:34:58.262Z
2026-09-23 04:13:36.059: [INFO] OnDoneLoading sync enabled: 0
2026-09-23 04:13:36.059: [INFO] BookmarkModelLoaded, ids_reassigned: 0
2026-09-23 04:13:36.059: [INFO] BookmarksLoadDropped droppedNodes=0
2026-09-23 04:13:36.059: [INFO] BookmarksSnapshot Startup total=0 bar=0 other=0 mobile=0 showBar=0 showBarNTP=1
2026-09-23 09:02:42.225: [INFO] CurrentProfilePath: C:\Eclipse Java\.metadata\.plugins\org.eclipse.swt\EBWebView\Default
2026-09-23 09:02:42.225: [INFO] Profiles total count: 1
2026-09-23 09:02:42.225: [INFO] Profile: name=Profile 1 path=C:\Eclipse Java\.metadata\.plugins\org.eclipse.swt\EBWebView\Default lastActive=2026-09-23T03:34:58.262Z
2026-09-23 09:02:42.225: [INFO] LastUsedProfileDir: C:\Eclipse Java\.metadata\.plugins\org.eclipse.swt\EBWebView\Default
2026-09-23 09:02:42.225: [INFO] MostRecentlyActiveProfile: name=Profile 1 path=C:\Eclipse Java\.metadata\.plugins\org.eclipse.swt\EBWebView\Default lastActive=2026-09-23T03:34:58.262Z
2026-09-23 09:02:42.225: [INFO] OnDoneLoading sync enabled: 0
2026-09-23 09:02:42.225: [INFO] BookmarkModelLoaded, ids_reassigned: 0
2026-09-23 09:02:42.225: [INFO] BookmarksLoadDropped droppedNodes=0
2026-09-23 09:02:42.225: [INFO] BookmarksSnapshot Startup total=0 bar=0 other=0 mobile=0 showBar=0 showBarNTP=1
2026-09-23 09:23:53.825: [INFO] BookmarksSnapshot Shutdown total=0 bar=0 other=0 mobile=0 showBar=0 showBarNTP=1
2026-09-23 09:23:53.913: [INFO] CurrentProfilePath: C:\Eclipse Java\.metadata\.plugins\org.eclipse.swt\EBWebView\Default
2026-09-23 09:23:53.913: [INFO] Profiles total count: 1
2026-09-23 09:23:53.913: [INFO] Profile: name=Profile 1 path=C:\Eclipse Java\.metadata\.plugins\org.eclipse.swt\EBWebView\Default lastActive=2026-09-23T03:34:58.262Z
2026-09-23 09:23:53.913: [INFO] LastUsedProfileDir: C:\Eclipse Java\.metadata\.plugins\org.eclipse.swt\EBWebView\Default
2026-09-23 09:23:53.913: [INFO] MostRecentlyActiveProfile: name=Profile 1 path=C:\Eclipse Java\.metadata\.plugins\org.eclipse.swt\EBWebView\Default lastActive=2026-09-23T03:34:58.262Z
2026-09-23 09:23:53.913: [INFO] OnDoneLoading sync enabled: 0
2026-09-23 09:23:53.913: [INFO] BookmarkModelLoaded, ids_reassigned: 0
2026-09-23 09:23:53.913: [INFO] BookmarksLoadDropped droppedNodes=0
2026-09-23 09:23:53.913: [INFO] BookmarksSnapshot Startup total=0 bar=0 other=0 mobile=0 showBar=0 showBarNTP=1
2026-09-23 09:31:18.710: [INFO] BookmarksSnapshot Shutdown total=0 bar=0 other=0 mobile=0 showBar=0 showBarNTP=1
2026-09-23 09:31:18.772: [INFO] CurrentProfilePath: C:\Eclipse Java\.metadata\.plugins\org.eclipse.swt\EBWebView\Default
2026-09-23 09:31:18.772: [INFO] Profiles total count: 1
2026-09-23 09:31:18.772: [INFO] Profile: name=Profile 1 path=C:\Eclipse Java\.metadata\.plugins\org.eclipse.swt\EBWebView\Default lastActive=2026-09-23T03:34:58.262Z
2026-09-23 09:31:18.772: [INFO] LastUsedProfileDir: C:\Eclipse Java\.metadata\.plugins\org.eclipse.swt\EBWebView\Default
2026-09-23 09:31:18.772: [INFO] MostRecentlyActiveProfile: name=Profile 1 path=C:\Eclipse Java\.metadata\.plugins\org.eclipse.swt\EBWebView\Default lastActive=2026-09-23T03:34:58.262Z
2026-09-23 09:31:18.772: [INFO] OnDoneLoading sync enabled: 0
2026-09-23 09:31:18.772: [INFO] BookmarkModelLoaded, ids_reassigned: 0
2026-09-23 09:31:18.772: [INFO] BookmarksLoadDropped droppedNodes=0
2026-09-23 09:31:18.772: [INFO] BookmarksSnapshot Startup total=0 bar=0 other=0 mobile=0 showBar=0 showBarNTP=1
2026-09-23 09:31:59.351: [INFO] BookmarksSnapshot Shutdown total=0 bar=0 other=0 mobile=0 showBar=0 showBarNTP=1
2026-09-23 09:32:05.932: [INFO] CurrentProfilePath: C:\Eclipse Java\.metadata\.plugins\org.eclipse.swt\EBWebView\Default
2026-09-23 09:32:05.932: [INFO] Profiles total count: 1
2026-09-23 09:32:05.932: [INFO] Profile: name=Profile 1 path=C:\Eclipse Java\.metadata\.plugins\org.eclipse.swt\EBWebView\Default lastActive=2026-09-23T03:34:58.262Z
2026-09-23 09:32:05.932: [INFO] LastUsedProfileDir: C:\Eclipse Java\.metadata\.plugins\org.eclipse.swt\EBWebView\Default
2026-09-23 09:32:05.932: [INFO] MostRecentlyActiveProfile: name=Profile 1 path=C:\Eclipse Java\.metadata\.plugins\org.eclipse.swt\EBWebView\Default lastActive=2026-09-23T03:34:58.262Z
2026-09-23 09:32:05.932: [INFO] OnDoneLoading sync enabled: 0
2026-09-23 09:32:05.932: [INFO] BookmarkModelLoaded, ids_reassigned: 0
2026-09-23 09:32:05.932: [INFO] BookmarksLoadDropped droppedNodes=0
2026-09-23 09:32:05.932: [INFO] BookmarksSnapshot Startup total=0 bar=0 other=0 mobile=0 showBar=0 showBarNTP=1
2026-09-23 10:03:25.354: [INFO] BookmarksSnapshot Shutdown total=0 bar=0 other=0 mobile=0 showBar=0 showBarNTP=1
2026-09-23 10:03:31.501: [INFO] CurrentProfilePath: C:\Eclipse Java\.metadata\.plugins\org.eclipse.swt\EBWebView\Default
2026-09-23 10:03:31.501: [INFO] Profiles total count: 1
2026-09-23 10:03:31.501: [INFO] Profile: name=Profile 1 path=C:\Eclipse Java\.metadata\.plugins\org.eclipse.swt\EBWebView\Default lastActive=2026-09-23T09:34:06.691Z
2026-09-23 10:03:31.501: [INFO] LastUsedProfileDir: C:\Eclipse Java\.metadata\.plugins\org.eclipse.swt\EBWebView\Default
2026-09-23 10:03:31.501: [INFO] MostRecentlyActiveProfile: name=Profile 1 path=C:\Eclipse Java\.metadata\.plugins\org.eclipse.swt\EBWebView\Default lastActive=2026-09-23T09:34:06.691Z
2026-09-23 10:03:31.501: [INFO] OnDoneLoading sync enabled: 0
2026-09-23 10:03:31.501: [INFO] BookmarkModelLoaded, ids_reassigned: 0
2026-09-23 10:03:31.501: [INFO] BookmarksLoadDropped droppedNodes=0
2026-09-23 10:03:31.501: [INFO] BookmarksSnapshot Startup total=0 bar=0 other=0 mobile=0 showBar=0 showBarNTP=1
2026-09-23 10:37:32.198: [INFO] BookmarksSnapshot Shutdown total=0 bar=0 other=0 mobile=0 showBar=0 showBarNTP=1
2026-09-23 16:12:37.240: [INFO] CurrentProfilePath: C:\Eclipse Java\.metadata\.plugins\org.eclipse.swt\EBWebView\Default
2026-09-23 16:12:37.240: [INFO] Profiles total count: 1
2026-09-23 16:12:37.240: [INFO] Profile: name=Profile 1 path=C:\Eclipse Java\.metadata\.plugins\org.eclipse.swt\EBWebView\Default lastActive=2026-09-23T09:34:06.691Z
2026-09-23 16:12:37.240: [INFO] LastUsedProfileDir: C:\Eclipse Java\.metadata\.plugins\org.eclipse.swt\EBWebView\Default
2026-09-23 16:12:37.240: [INFO] MostRecentlyActiveProfile: name=Profile 1 path=C:\Eclipse Java\.metadata\.plugins\org.eclipse.swt\EBWebView\Default lastActive=2026-09-23T09:34:06.691Z
2026-09-23 16:12:37.240: [INFO] OnDoneLoading sync enabled: 0
2026-09-23 16:12:37.240: [INFO] BookmarkModelLoaded, ids_reassigned: 0
2026-09-23 16:12:37.240: [INFO] BookmarksLoadDropped droppedNodes=0
2026-09-23 16:12:37.240: [INFO] BookmarksSnapshot Startup total=0 bar=0 other=0 mobile=0 showBar=0 showBarNTP=1
2026-09-23 16:19:32.705: [INFO] BookmarksSnapshot Shutdown total=0 bar=0 other=0 mobile=0 showBar=0 showBarNTP=1
2026-09-23 17:09:34.513: [INFO] CurrentProfilePath: C:\Eclipse Java\.metadata\.plugins\org.eclipse.swt\EBWebView\Default
2026-09-23 17:09:34.513: [INFO] Profiles total count: 1
2026-09-23 17:09:34.514: [INFO] Profile: name=Profile 1 path=C:\Eclipse Java\.metadata\.plugins\org.eclipse.swt\EBWebView\Default lastActive=2026-09-23T16:19:00.287Z
2026-09-23 17:09:34.514: [INFO] LastUsedProfileDir: C:\Eclipse Java\.metadata\.plugins\org.eclipse.swt\EBWebView\Default
2026-09-23 17:09:34.514: [INFO] MostRecentlyActiveProfile: name=Profile 1 path=C:\Eclipse Java\.metadata\.plugins\org.eclipse.swt\EBWebView\Default lastActive=2026-09-23T16:19:00.287Z
2026-09-23 17:09:34.514: [INFO] OnDoneLoading sync enabled: 0
2026-09-23 17:09:34.514: [INFO] BookmarkModelLoaded, ids_reassigned: 0
2026-09-23 17:09:34.514: [INFO] BookmarksLoadDropped droppedNodes=0
2026-09-23 17:09:34.514: [INFO] BookmarksSnapshot Startup total=0 bar=0 other=0 mobile=0 showBar=0 showBarNTP=1
2026-09-23 18:37:55.936: [INFO] BookmarksSnapshot Shutdown total=0 bar=0 other=0 mobile=0 showBar=0 showBarNTP=1
2026-09-23 18:40:33.421: [INFO] CurrentProfilePath: C:\Eclipse Java\.metadata\.plugins\org.eclipse.swt\EBWebView\Default
2026-09-23 18:40:33.421: [INFO] Profiles total count: 1
2026-09-23 18:40:33.421: [INFO] Profile: name=Profile 1 path=C:\Eclipse Java\.metadata\.plugins\org.eclipse.swt\EBWebView\Default lastActive=2026-09-23T18:37:47.099Z
2026-09-23 18:40:33.421: [INFO] LastUsedProfileDir: C:\Eclipse Java\.metadata\.plugins\org.eclipse.swt\EBWebView\Default
2026-09-23 18:40:33.422: [INFO] MostRecentlyActiveProfile: name=Profile 1 path=C:\Eclipse Java\.metadata\.plugins\org.eclipse.swt\EBWebView\Default lastActive=2026-09-23T18:37:47.099Z
2026-09-23 18:40:33.422: [INFO] OnDoneLoading sync enabled: 0
2026-09-23 18:40:33.422: [INFO] BookmarkModelLoaded, ids_reassigned: 0
2026-09-23 18:40:33.422: [INFO] BookmarksLoadDropped droppedNodes=0
2026-09-23 18:40:33.422: [INFO] BookmarksSnapshot Startup total=0 bar=0 other=0 mobile=0 showBar=0 showBarNTP=1
2026-09-23 18:40:37.636: [INFO] BookmarksSnapshot Shutdown total=0 bar=0 other=0 mobile=0 showBar=0 showBarNTP=1
2026-09-23 19:16:13.433: [INFO] CurrentProfilePath: C:\Eclipse Java\.metadata\.plugins\org.eclipse.swt\EBWebView\Default
2026-09-23 19:16:13.433: [INFO] Profiles total count: 1
2026-09-23 19:16:13.434: [INFO] Profile: name=Profile 1 path=C:\Eclipse Java\.metadata\.plugins\org.eclipse.swt\EBWebView\Default lastActive=2026-09-23T18:37:47.099Z
2026-09-23 19:16:13.434: [INFO] LastUsedProfileDir: C:\Eclipse Java\.metadata\.plugins\org.eclipse.swt\EBWebView\Default
2026-09-23 19:16:13.434: [INFO] MostRecentlyActiveProfile: name=Profile 1 path=C:\Eclipse Java\.metadata\.plugins\org.eclipse.swt\EBWebView\Default lastActive=2026-09-23T18:37:47.099Z
2026-09-23 19:16:13.434: [INFO] OnDoneLoading sync enabled: 0
2026-09-23 19:16:13.434: [INFO] BookmarkModelLoaded, ids_reassigned: 0
2026-09-23 19:16:13.434: [INFO] BookmarksLoadDropped droppedNodes=0
2026-09-23 19:16:13.434: [INFO] BookmarksSnapshot Startup total=0 bar=0 other=0 mobile=0 showBar=0 showBarNTP=1
2026-09-23 19:18:33.796: [INFO] BookmarksSnapshot Shutdown total=0 bar=0 other=0 mobile=0 showBar=0 showBarNTP=1
2026-09-23 19:19:45.194: [INFO] CurrentProfilePath: C:\Eclipse Java\.metadata\.plugins\org.eclipse.swt\EBWebView\Default
2026-09-23 19:19:45.194: [INFO] Profiles total count: 1
2026-09-23 19:19:45.194: [INFO] Profile: name=Profile 1 path=C:\Eclipse Java\.metadata\.plugins\org.eclipse.swt\EBWebView\Default lastActive=2026-09-23T18:37:47.099Z
2026-09-23 19:19:45.194: [INFO] LastUsedProfileDir: C:\Eclipse Java\.metadata\.plugins\org.eclipse.swt\EBWebView\Default
2026-09-23 19:19:45.194: [INFO] MostRecentlyActiveProfile: name=Profile 1 path=C:\Eclipse Java\.metadata\.plugins\org.eclipse.swt\EBWebView\Default lastActive=2026-09-23T18:37:47.099Z
2026-09-23 19:19:45.194: [INFO] OnDoneLoading sync enabled: 0
2026-09-23 19:19:45.194: [INFO] BookmarkModelLoaded, ids_reassigned: 0
2026-09-23 19:19:45.194: [INFO] BookmarksLoadDropped droppedNodes=0
2026-09-23 19:19:45.194: [INFO] BookmarksSnapshot Startup total=0 bar=0 other=0 mobile=0 showBar=0 showBarNTP=1
2026-09-23 19:20:09.121: [INFO] BookmarksSnapshot Shutdown total=0 bar=0 other=0 mobile=0 showBar=0 showBarNTP=1
2026-09-24 02:13:14.603: [INFO] CurrentProfilePath: C:\Eclipse Java\.metadata\.plugins\org.eclipse.swt\EBWebView\Default
2026-09-24 02:13:14.603: [INFO] Profiles total count: 1
2026-09-24 02:13:14.604: [INFO] Profile: name=Profile 1 path=C:\Eclipse Java\.metadata\.plugins\org.eclipse.swt\EBWebView\Default lastActive=2026-09-23T19:20:06.607Z
2026-09-24 02:13:14.604: [INFO] LastUsedProfileDir: C:\Eclipse Java\.metadata\.plugins\org.eclipse.swt\EBWebView\Default
2026-09-24 02:13:14.604: [INFO] MostRecentlyActiveProfile: name=Profile 1 path=C:\Eclipse Java\.metadata\.plugins\org.eclipse.swt\EBWebView\Default lastActive=2026-09-23T19:20:06.607Z
2026-09-24 02:13:14.604: [INFO] OnDoneLoading sync enabled: 0
2026-09-24 02:13:14.604: [INFO] BookmarkModelLoaded, ids_reassigned: 0
2026-09-24 02:13:14.604: [INFO] BookmarksLoadDropped droppedNodes=0
2026-09-24 02:13:14.604: [INFO] BookmarksSnapshot Startup total=0 bar=0 other=0 mobile=0 showBar=0 showBarNTP=1
2026-09-24 02:13:19.028: [INFO] BookmarksSnapshot Shutdown total=0 bar=0 other=0 mobile=0 showBar=0 showBarNTP=1
2026-09-24 03:23:56.121: [INFO] CurrentProfilePath: C:\Eclipse Java\.metadata\.plugins\org.eclipse.swt\EBWebView\Default
2026-09-24 03:23:56.121: [INFO] Profiles total count: 1
2026-09-24 03:23:56.121: [INFO] Profile: name=Profile 1 path=C:\Eclipse Java\.metadata\.plugins\org.eclipse.swt\EBWebView\Default lastActive=2026-09-24T02:13:16.358Z
2026-09-24 03:23:56.121: [INFO] LastUsedProfileDir: C:\Eclipse Java\.metadata\.plugins\org.eclipse.swt\EBWebView\Default
2026-09-24 03:23:56.121: [INFO] MostRecentlyActiveProfile: name=Profile 1 path=C:\Eclipse Java\.metadata\.plugins\org.eclipse.swt\EBWebView\Default lastActive=2026-09-24T02:13:16.358Z
2026-09-24 03:23:56.121: [INFO] OnDoneLoading sync enabled: 0
2026-09-24 03:23:56.121: [INFO] BookmarkModelLoaded, ids_reassigned: 0
2026-09-24 03:23:56.121: [INFO] BookmarksLoadDropped droppedNodes=0
2026-09-24 03:23:56.121: [INFO] BookmarksSnapshot Startup total=0 bar=0 other=0 mobile=0 showBar=0 showBarNTP=1
2026-09-24 03:24:52.198: [INFO] BookmarksSnapshot Shutdown total=0 bar=0 other=0 mobile=0 showBar=0 showBarNTP=1
2026-09-24 03:26:44.203: [INFO] CurrentProfilePath: C:\Eclipse Java\.metadata\.plugins\org.eclipse.swt\EBWebView\Default
2026-09-24 03:26:44.203: [INFO] Profiles total count: 1
2026-09-24 03:26:44.203: [INFO] Profile: name=Profile 1 path=C:\Eclipse Java\.metadata\.plugins\org.eclipse.swt\EBWebView\Default lastActive=2026-09-24T02:13:16.358Z
2026-09-24 03:26:44.203: [INFO] LastUsedProfileDir: C:\Eclipse Java\.metadata\.plugins\org.eclipse.swt\EBWebView\Default
2026-09-24 03:26:44.203: [INFO] MostRecentlyActiveProfile: name=Profile 1 path=C:\Eclipse Java\.metadata\.plugins\org.eclipse.swt\EBWebView\Default lastActive=2026-09-24T02:13:16.358Z
2026-09-24 03:26:44.203: [INFO] OnDoneLoading sync enabled: 0
2026-09-24 03:26:44.203: [INFO] BookmarkModelLoaded, ids_reassigned: 0
2026-09-24 03:26:44.203: [INFO] BookmarksLoadDropped droppedNodes=0
2026-09-24 03:26:44.203: [INFO] BookmarksSnapshot Startup total=0 bar=0 other=0 mobile=0 showBar=0 showBarNTP=1
2026-09-24 03:27:07.210: [INFO] BookmarksSnapshot Shutdown total=0 bar=0 other=0 mobile=0 showBar=0 showBarNTP=1
2026-09-24 03:27:16.127: [INFO] CurrentProfilePath: C:\Eclipse Java\.metadata\.plugins\org.eclipse.swt\EBWebView\Default
2026-09-24 03:27:16.127: [INFO] Profiles total count: 1
2026-09-24 03:27:16.127: [INFO] Profile: name=Profile 1 path=C:\Eclipse Java\.metadata\.plugins\org.eclipse.swt\EBWebView\Default lastActive=2026-09-24T02:13:16.358Z
2026-09-24 03:27:16.127: [INFO] LastUsedProfileDir: C:\Eclipse Java\.metadata\.plugins\org.eclipse.swt\EBWebView\Default
2026-09-24 03:27:16.127: [INFO] MostRecentlyActiveProfile: name=Profile 1 path=C:\Eclipse Java\.metadata\.plugins\org.eclipse.swt\EBWebView\Default lastActive=2026-09-24T02:13:16.358Z
2026-09-24 03:27:16.127: [INFO] OnDoneLoading sync enabled: 0
2026-09-24 03:27:16.127: [INFO] BookmarkModelLoaded, ids_reassigned: 0
2026-09-24 03:27:16.127: [INFO] BookmarksLoadDropped droppedNodes=0
2026-09-24 03:27:16.127: [INFO] BookmarksSnapshot Startup total=0 bar=0 other=0 mobile=0 showBar=0 showBarNTP=1
2026-09-24 03:27:19.967: [INFO] BookmarksSnapshot Shutdown total=0 bar=0 other=0 mobile=0 showBar=0 showBarNTP=1
2026-09-24 03:27:30.289: [INFO] CurrentProfilePath: C:\Eclipse Java\.metadata\.plugins\org.eclipse.swt\EBWebView\Default
2026-09-24 03:27:30.289: [INFO] Profiles total count: 1
2026-09-24 03:27:30.289: [INFO] Profile: name=Profile 1 path=C:\Eclipse Java\.metadata\.plugins\org.eclipse.swt\EBWebView\Default lastActive=2026-09-24T02:13:16.358Z
2026-09-24 03:27:30.289: [INFO] LastUsedProfileDir: C:\Eclipse Java\.metadata\.plugins\org.eclipse.swt\EBWebView\Default
2026-09-24 03:27:30.289: [INFO] MostRecentlyActiveProfile: name=Profile 1 path=C:\Eclipse Java\.metadata\.plugins\org.eclipse.swt\EBWebView\Default lastActive=2026-09-24T02:13:16.358Z
2026-09-24 03:27:30.289: [INFO] OnDoneLoading sync enabled: 0
2026-09-24 03:27:30.289: [INFO] BookmarkModelLoaded, ids_reassigned: 0
2026-09-24 03:27:30.289: [INFO] BookmarksLoadDropped droppedNodes=0
2026-09-24 03:27:30.289: [INFO] BookmarksSnapshot Startup total=0 bar=0 other=0 mobile=0 showBar=0 showBarNTP=1
2026-09-24 03:27:55.323: [INFO] BookmarksSnapshot Shutdown total=0 bar=0 other=0 mobile=0 showBar=0 showBarNTP=1
2026-09-24 03:28:29.821: [INFO] CurrentProfilePath: C:\Eclipse Java\.metadata\.plugins\org.eclipse.swt\EBWebView\Default
2026-09-24 03:28:29.821: [INFO] Profiles total count: 1
2026-09-24 03:28:29.821: [INFO] Profile: name=Profile 1 path=C:\Eclipse Java\.metadata\.plugins\org.eclipse.swt\EBWebView\Default lastActive=2026-09-24T02:13:16.358Z
2026-09-24 03:28:29.821: [INFO] LastUsedProfileDir: C:\Eclipse Java\.metadata\.plugins\org.eclipse.swt\EBWebView\Default
2026-09-24 03:28:29.821: [INFO] MostRecentlyActiveProfile: name=Profile 1 path=C:\Eclipse Java\.metadata\.plugins\org.eclipse.swt\EBWebView\Default lastActive=2026-09-24T02:13:16.358Z
2026-09-24 03:28:29.821: [INFO] OnDoneLoading sync enabled: 0
2026-09-24 03:28:29.821: [INFO] BookmarkModelLoaded, ids_reassigned: 0
2026-09-24 03:28:29.821: [INFO] BookmarksLoadDropped droppedNodes=0
2026-09-24 03:28:29.821: [INFO] BookmarksSnapshot Startup total=0 bar=0 other=0 mobile=0 showBar=0 showBarNTP=1
2026-09-24 03:31:49.520: [INFO] BookmarksSnapshot Shutdown total=0 bar=0 other=0 mobile=0 showBar=0 showBarNTP=1
2026-09-24 03:34:56.541: [INFO] CurrentProfilePath: C:\Eclipse Java\.metadata\.plugins\org.eclipse.swt\EBWebView\Default
2026-09-24 03:34:56.541: [INFO] Profiles total count: 1
2026-09-24 03:34:56.541: [INFO] Profile: name=Profile 1 path=C:\Eclipse Java\.metadata\.plugins\org.eclipse.swt\EBWebView\Default lastActive=2026-09-24T02:13:16.358Z
2026-09-24 03:34:56.541: [INFO] LastUsedProfileDir: C:\Eclipse Java\.metadata\.plugins\org.eclipse.swt\EBWebView\Default
2026-09-24 03:34:56.541: [INFO] MostRecentlyActiveProfile: name=Profile 1 path=C:\Eclipse Java\.metadata\.plugins\org.eclipse.swt\EBWebView\Default lastActive=2026-09-24T02:13:16.358Z
2026-09-24 03:34:56.541: [INFO] OnDoneLoading sync enabled: 0
2026-09-24 03:34:56.541: [INFO] BookmarkModelLoaded, ids_reassigned: 0
2026-09-24 03:34:56.541: [INFO] BookmarksLoadDropped droppedNodes=0
2026-09-24 03:34:56.541: [INFO] BookmarksSnapshot Startup total=0 bar=0 other=0 mobile=0 showBar=0 showBarNTP=1
2026-09-24 03:40:18.454: [INFO] BookmarksSnapshot Shutdown total=0 bar=0 other=0 mobile=0 showBar=0 showBarNTP=1
2026-09-24 03:40:49.434: [INFO] CurrentProfilePath: C:\Eclipse Java\.metadata\.plugins\org.eclipse.swt\EBWebView\Default
2026-09-24 03:40:49.434: [INFO] Profiles total count: 1
2026-09-24 03:40:49.434: [INFO] Profile: name=Profile 1 path=C:\Eclipse Java\.metadata\.plugins\org.eclipse.swt\EBWebView\Default lastActive=2026-09-24T02:13:16.358Z
2026-09-24 03:40:49.434: [INFO] LastUsedProfileDir: C:\Eclipse Java\.metadata\.plugins\org.eclipse.swt\EBWebView\Default
2026-09-24 03:40:49.434: [INFO] MostRecentlyActiveProfile: name=Profile 1 path=C:\Eclipse Java\.metadata\.plugins\org.eclipse.swt\EBWebView\Default lastActive=2026-09-24T02:13:16.358Z
2026-09-24 03:40:49.434: [INFO] OnDoneLoading sync enabled: 0
2026-09-24 03:40:49.434: [INFO] BookmarkModelLoaded, ids_reassigned: 0
2026-09-24 03:40:49.434: [INFO] BookmarksLoadDropped droppedNodes=0
2026-09-24 03:40:49.434: [INFO] BookmarksSnapshot Startup total=0 bar=0 other=0 mobile=0 showBar=0 showBarNTP=1
2026-09-24 03:40:54.428: [INFO] BookmarksSnapshot Shutdown total=0 bar=0 other=0 mobile=0 showBar=0 showBarNTP=1
2026-09-24 03:43:40.268: [INFO] CurrentProfilePath: C:\Eclipse Java\.metadata\.plugins\org.eclipse.swt\EBWebView\Default
2026-09-24 03:43:40.268: [INFO] Profiles total count: 1
2026-09-24 03:43:40.269: [INFO] Profile: name=Profile 1 path=C:\Eclipse Java\.metadata\.plugins\org.eclipse.swt\EBWebView\Default lastActive=2026-09-24T02:13:16.358Z
2026-09-24 03:43:40.269: [INFO] LastUsedProfileDir: C:\Eclipse Java\.metadata\.plugins\org.eclipse.swt\EBWebView\Default
2026-09-24 03:43:40.269: [INFO] MostRecentlyActiveProfile: name=Profile 1 path=C:\Eclipse Java\.metadata\.plugins\org.eclipse.swt\EBWebView\Default lastActive=2026-09-24T02:13:16.358Z
2026-09-24 03:43:40.269: [INFO] OnDoneLoading sync enabled: 0
2026-09-24 03:43:40.269: [INFO] BookmarkModelLoaded, ids_reassigned: 0
2026-09-24 03:43:40.269: [INFO] BookmarksLoadDropped droppedNodes=0
2026-09-24 03:43:40.269: [INFO] BookmarksSnapshot Startup total=0 bar=0 other=0 mobile=0 showBar=0 showBarNTP=1
2026-09-24 03:53:17.730: [INFO] BookmarksSnapshot Shutdown total=0 bar=0 other=0 mobile=0 showBar=0 showBarNTP=1
2026-09-24 03:56:51.088: [INFO] CurrentProfilePath: C:\Eclipse Java\.metadata\.plugins\org.eclipse.swt\EBWebView\Default
2026-09-24 03:56:51.088: [INFO] Profiles total count: 1
2026-09-24 03:56:51.088: [INFO] Profile: name=Profile 1 path=C:\Eclipse Java\.metadata\.plugins\org.eclipse.swt\EBWebView\Default lastActive=2026-09-24T02:13:16.358Z
2026-09-24 03:56:51.088: [INFO] LastUsedProfileDir: C:\Eclipse Java\.metadata\.plugins\org.eclipse.swt\EBWebView\Default
2026-09-24 03:56:51.088: [INFO] MostRecentlyActiveProfile: name=Profile 1 path=C:\Eclipse Java\.metadata\.plugins\org.eclipse.swt\EBWebView\Default lastActive=2026-09-24T02:13:16.358Z
2026-09-24 03:56:51.088: [INFO] OnDoneLoading sync enabled: 0
2026-09-24 03:56:51.088: [INFO] BookmarkModelLoaded, ids_reassigned: 0
2026-09-24 03:56:51.088: [INFO] BookmarksLoadDropped droppedNodes=0
2026-09-24 03:56:51.088: [INFO] BookmarksSnapshot Startup total=0 bar=0 other=0 mobile=0 showBar=0 showBarNTP=1
2026-09-24 03:58:23.371: [INFO] BookmarksSnapshot Shutdown total=0 bar=0 other=0 mobile=0 showBar=0 showBarNTP=1
2026-09-24 04:00:54.143: [INFO] CurrentProfilePath: C:\Eclipse Java\.metadata\.plugins\org.eclipse.swt\EBWebView\Default
2026-09-24 04:00:54.143: [INFO] Profiles total count: 1
2026-09-24 04:00:54.143: [INFO] Profile: name=Profile 1 path=C:\Eclipse Java\.metadata\.plugins\org.eclipse.swt\EBWebView\Default lastActive=2026-09-24T02:13:16.358Z
2026-09-24 04:00:54.143: [INFO] LastUsedProfileDir: C:\Eclipse Java\.metadata\.plugins\org.eclipse.swt\EBWebView\Default
2026-09-24 04:00:54.143: [INFO] MostRecentlyActiveProfile: name=Profile 1 path=C:\Eclipse Java\.metadata\.plugins\org.eclipse.swt\EBWebView\Default lastActive=2026-09-24T02:13:16.358Z
2026-09-24 04:00:54.143: [INFO] OnDoneLoading sync enabled: 0
2026-09-24 04:00:54.143: [INFO] BookmarkModelLoaded, ids_reassigned: 0
2026-09-24 04:00:54.143: [INFO] BookmarksLoadDropped droppedNodes=0
2026-09-24 04:00:54.143: [INFO] BookmarksSnapshot Startup total=0 bar=0 other=0 mobile=0 showBar=0 showBarNTP=1
2026-09-24 04:01:04.059: [INFO] BookmarksSnapshot Shutdown total=0 bar=0 other=0 mobile=0 showBar=0 showBarNTP=1
2026-09-24 04:01:32.418: [INFO] CurrentProfilePath: C:\Eclipse Java\.metadata\.plugins\org.eclipse.swt\EBWebView\Default
2026-09-24 04:01:32.418: [INFO] Profiles total count: 1
2026-09-24 04:01:32.418: [INFO] Profile: name=Profile 1 path=C:\Eclipse Java\.metadata\.plugins\org.eclipse.swt\EBWebView\Default lastActive=2026-09-24T02:13:16.358Z
2026-09-24 04:01:32.418: [INFO] LastUsedProfileDir: C:\Eclipse Java\.metadata\.plugins\org.eclipse.swt\EBWebView\Default
2026-09-24 04:01:32.418: [INFO] MostRecentlyActiveProfile: name=Profile 1 path=C:\Eclipse Java\.metadata\.plugins\org.eclipse.swt\EBWebView\Default lastActive=2026-09-24T02:13:16.358Z
2026-09-24 04:01:32.418: [INFO] OnDoneLoading sync enabled: 0
2026-09-24 04:01:32.418: [INFO] BookmarkModelLoaded, ids_reassigned: 0
2026-09-24 04:01:32.418: [INFO] BookmarksLoadDropped droppedNodes=0
2026-09-24 04:01:32.418: [INFO] BookmarksSnapshot Startup total=0 bar=0 other=0 mobile=0 showBar=0 showBarNTP=1
2026-09-24 04:02:36.501: [INFO] BookmarksSnapshot Shutdown total=0 bar=0 other=0 mobile=0 showBar=0 showBarNTP=1
2026-09-24 04:06:43.294: [INFO] CurrentProfilePath: C:\Eclipse Java\.metadata\.plugins\org.eclipse.swt\EBWebView\Default
2026-09-24 04:06:43.294: [INFO] Profiles total count: 1
2026-09-24 04:06:43.294: [INFO] Profile: name=Profile 1 path=C:\Eclipse Java\.metadata\.plugins\org.eclipse.swt\EBWebView\Default lastActive=2026-09-24T02:13:16.358Z
2026-09-24 04:06:43.295: [INFO] LastUsedProfileDir: C:\Eclipse Java\.metadata\.plugins\org.eclipse.swt\EBWebView\Default
2026-09-24 04:06:43.295: [INFO] MostRecentlyActiveProfile: name=Profile 1 path=C:\Eclipse Java\.metadata\.plugins\org.eclipse.swt\EBWebView\Default lastActive=2026-09-24T02:13:16.358Z
2026-09-24 04:06:43.295: [INFO] OnDoneLoading sync enabled: 0
2026-09-24 04:06:43.295: [INFO] BookmarkModelLoaded, ids_reassigned: 0
2026-09-24 04:06:43.295: [INFO] BookmarksLoadDropped droppedNodes=0
2026-09-24 04:06:43.295: [INFO] BookmarksSnapshot Startup total=0 bar=0 other=0 mobile=0 showBar=0 showBarNTP=1
2026-09-24 04:07:00.977: [INFO] BookmarksSnapshot Shutdown total=0 bar=0 other=0 mobile=0 showBar=0 showBarNTP=1
2026-09-24 04:08:09.292: [INFO] CurrentProfilePath: C:\Eclipse Java\.metadata\.plugins\org.eclipse.swt\EBWebView\Default
2026-09-24 04:08:09.292: [INFO] Profiles total count: 1
2026-09-24 04:08:09.292: [INFO] Profile: name=Profile 1 path=C:\Eclipse Java\.metadata\.plugins\org.eclipse.swt\EBWebView\Default lastActive=2026-09-24T02:13:16.358Z
2026-09-24 04:08:09.292: [INFO] LastUsedProfileDir: C:\Eclipse Java\.metadata\.plugins\org.eclipse.swt\EBWebView\Default
2026-09-24 04:08:09.292: [INFO] MostRecentlyActiveProfile: name=Profile 1 path=C:\Eclipse Java\.metadata\.plugins\org.eclipse.swt\EBWebView\Default lastActive=2026-09-24T02:13:16.358Z
2026-09-24 04:08:09.292: [INFO] OnDoneLoading sync enabled: 0
2026-09-24 04:08:09.292: [INFO] BookmarkModelLoaded, ids_reassigned: 0
2026-09-24 04:08:09.292: [INFO] BookmarksLoadDropped droppedNodes=0
2026-09-24 04:08:09.292: [INFO] BookmarksSnapshot Startup total=0 bar=0 other=0 mobile=0 showBar=0 showBarNTP=1
2026-09-24 04:08:15.341: [INFO] BookmarksSnapshot Shutdown total=0 bar=0 other=0 mobile=0 showBar=0 showBarNTP=1
2026-09-24 04:09:19.385: [INFO] CurrentProfilePath: C:\Eclipse Java\.metadata\.plugins\org.eclipse.swt\EBWebView\Default
2026-09-24 04:09:19.385: [INFO] Profiles total count: 1
2026-09-24 04:09:19.385: [INFO] Profile: name=Profile 1 path=C:\Eclipse Java\.metadata\.plugins\org.eclipse.swt\EBWebView\Default lastActive=2026-09-24T02:13:16.358Z
2026-09-24 04:09:19.385: [INFO] LastUsedProfileDir: C:\Eclipse Java\.metadata\.plugins\org.eclipse.swt\EBWebView\Default
2026-09-24 04:09:19.385: [INFO] MostRecentlyActiveProfile: name=Profile 1 path=C:\Eclipse Java\.metadata\.plugins\org.eclipse.swt\EBWebView\Default lastActive=2026-09-24T02:13:16.358Z
2026-09-24 04:09:19.385: [INFO] OnDoneLoading sync enabled: 0
2026-09-24 04:09:19.385: [INFO] BookmarkModelLoaded, ids_reassigned: 0
2026-09-24 04:09:19.385: [INFO] BookmarksLoadDropped droppedNodes=0
2026-09-24 04:09:19.385: [INFO] BookmarksSnapshot Startup total=0 bar=0 other=0 mobile=0 showBar=0 showBarNTP=1
2026-09-24 04:09:23.206: [INFO] BookmarksSnapshot Shutdown total=0 bar=0 other=0 mobile=0 showBar=0 showBarNTP=1
2026-09-24 04:09:43.960: [INFO] CurrentProfilePath: C:\Eclipse Java\.metadata\.plugins\org.eclipse.swt\EBWebView\Default
2026-09-24 04:09:43.960: [INFO] Profiles total count: 1
2026-09-24 04:09:43.960: [INFO] Profile: name=Profile 1 path=C:\Eclipse Java\.metadata\.plugins\org.eclipse.swt\EBWebView\Default lastActive=2026-09-24T02:13:16.358Z
2026-09-24 04:09:43.960: [INFO] LastUsedProfileDir: C:\Eclipse Java\.metadata\.plugins\org.eclipse.swt\EBWebView\Default
2026-09-24 04:09:43.960: [INFO] MostRecentlyActiveProfile: name=Profile 1 path=C:\Eclipse Java\.metadata\.plugins\org.eclipse.swt\EBWebView\Default lastActive=2026-09-24T02:13:16.358Z
2026-09-24 04:09:43.960: [INFO] OnDoneLoading sync enabled: 0
2026-09-24 04:09:43.960: [INFO] BookmarkModelLoaded, ids_reassigned: 0
2026-09-24 04:09:43.960: [INFO] BookmarksLoadDropped droppedNodes=0
2026-09-24 04:09:43.960: [INFO] BookmarksSnapshot Startup total=0 bar=0 other=0 mobile=0 showBar=0 showBarNTP=1
2026-09-24 04:11:11.320: [INFO] BookmarksSnapshot Shutdown total=0 bar=0 other=0 mobile=0 showBar=0 showBarNTP=1
2026-09-24 04:11:11.389: [INFO] CurrentProfilePath: C:\Eclipse Java\.metadata\.plugins\org.eclipse.swt\EBWebView\Default
2026-09-24 04:11:11.389: [INFO] Profiles total count: 1
2026-09-24 04:11:11.389: [INFO] Profile: name=Profile 1 path=C:\Eclipse Java\.metadata\.plugins\org.eclipse.swt\EBWebView\Default lastActive=2026-09-24T02:13:16.358Z
2026-09-24 04:11:11.389: [INFO] LastUsedProfileDir: C:\Eclipse Java\.metadata\.plugins\org.eclipse.swt\EBWebView\Default
2026-09-24 04:11:11.389: [INFO] MostRecentlyActiveProfile: name=Profile 1 path=C:\Eclipse Java\.metadata\.plugins\org.eclipse.swt\EBWebView\Default lastActive=2026-09-24T02:13:16.358Z
2026-09-24 04:11:11.389: [INFO] OnDoneLoading sync enabled: 0
2026-09-24 04:11:11.389: [INFO] BookmarkModelLoaded, ids_reassigned: 0
2026-09-24 04:11:11.389: [INFO] BookmarksLoadDropped droppedNodes=0
2026-09-24 04:11:11.389: [INFO] BookmarksSnapshot Startup total=0 bar=0 other=0 mobile=0 showBar=0 showBarNTP=1
2026-09-24 04:12:06.623: [INFO] BookmarksSnapshot Shutdown total=0 bar=0 other=0 mobile=0 showBar=0 showBarNTP=1
2026-09-24 04:16:51.063: [INFO] CurrentProfilePath: C:\Eclipse Java\.metadata\.plugins\org.eclipse.swt\EBWebView\Default
2026-09-24 04:16:51.063: [INFO] Profiles total count: 1
2026-09-24 04:16:51.063: [INFO] Profile: name=Profile 1 path=C:\Eclipse Java\.metadata\.plugins\org.eclipse.swt\EBWebView\Default lastActive=2026-09-24T02:13:16.358Z
2026-09-24 04:16:51.063: [INFO] LastUsedProfileDir: C:\Eclipse Java\.metadata\.plugins\org.eclipse.swt\EBWebView\Default
2026-09-24 04:16:51.063: [INFO] MostRecentlyActiveProfile: name=Profile 1 path=C:\Eclipse Java\.metadata\.plugins\org.eclipse.swt\EBWebView\Default lastActive=2026-09-24T02:13:16.358Z
2026-09-24 04:16:51.063: [INFO] OnDoneLoading sync enabled: 0
2026-09-24 04:16:51.063: [INFO] BookmarkModelLoaded, ids_reassigned: 0
2026-09-24 04:16:51.063: [INFO] BookmarksLoadDropped droppedNodes=0
2026-09-24 04:16:51.063: [INFO] BookmarksSnapshot Startup total=0 bar=0 other=0 mobile=0 showBar=0 showBarNTP=1
2026-09-24 04:31:19.180: [INFO] BookmarksSnapshot Shutdown total=0 bar=0 other=0 mobile=0 showBar=0 showBarNTP=1
2026-09-24 04:33:28.175: [INFO] CurrentProfilePath: C:\Eclipse Java\.metadata\.plugins\org.eclipse.swt\EBWebView\Default
2026-09-24 04:33:28.175: [INFO] Profiles total count: 1
2026-09-24 04:33:28.175: [INFO] Profile: name=Profile 1 path=C:\Eclipse Java\.metadata\.plugins\org.eclipse.swt\EBWebView\Default lastActive=2026-09-24T02:13:16.358Z
2026-09-24 04:33:28.175: [INFO] LastUsedProfileDir: C:\Eclipse Java\.metadata\.plugins\org.eclipse.swt\EBWebView\Default
2026-09-24 04:33:28.175: [INFO] MostRecentlyActiveProfile: name=Profile 1 path=C:\Eclipse Java\.metadata\.plugins\org.eclipse.swt\EBWebView\Default lastActive=2026-09-24T02:13:16.358Z
2026-09-24 04:33:28.175: [INFO] OnDoneLoading sync enabled: 0
2026-09-24 04:33:28.175: [INFO] BookmarkModelLoaded, ids_reassigned: 0
2026-09-24 04:33:28.175: [INFO] BookmarksLoadDropped droppedNodes=0
2026-09-24 04:33:28.175: [INFO] BookmarksSnapshot Startup total=0 bar=0 other=0 mobile=0 showBar=0 showBarNTP=1
2026-09-24 04:35:21.182: [INFO] BookmarksSnapshot Shutdown total=0 bar=0 other=0 mobile=0 showBar=0 showBarNTP=1
2026-09-24 08:44:26.970: [INFO] CurrentProfilePath: C:\Eclipse Java\.metadata\.plugins\org.eclipse.swt\EBWebView\Default
2026-09-24 08:44:26.970: [INFO] Profiles total count: 1
2026-09-24 08:44:26.970: [INFO] Profile: name=Profile 1 path=C:\Eclipse Java\.metadata\.plugins\org.eclipse.swt\EBWebView\Default lastActive=2026-09-24T02:13:16.358Z
2026-09-24 08:44:26.970: [INFO] LastUsedProfileDir: C:\Eclipse Java\.metadata\.plugins\org.eclipse.swt\EBWebView\Default
2026-09-24 08:44:26.970: [INFO] MostRecentlyActiveProfile: name=Profile 1 path=C:\Eclipse Java\.metadata\.plugins\org.eclipse.swt\EBWebView\Default lastActive=2026-09-24T02:13:16.358Z
2026-09-24 08:44:26.970: [INFO] OnDoneLoading sync enabled: 0
2026-09-24 08:44:26.970: [INFO] BookmarkModelLoaded, ids_reassigned: 0
2026-09-24 08:44:26.970: [INFO] BookmarksLoadDropped droppedNodes=0
2026-09-24 08:44:26.970: [INFO] BookmarksSnapshot Startup total=0 bar=0 other=0 mobile=0 showBar=0 showBarNTP=1
2026-09-24 08:44:55.528: [INFO] BookmarksSnapshot Shutdown total=0 bar=0 other=0 mobile=0 showBar=0 showBarNTP=1
2026-09-24 08:56:21.087: [INFO] CurrentProfilePath: C:\Eclipse Java\.metadata\.plugins\org.eclipse.swt\EBWebView\Default
2026-09-24 08:56:21.087: [INFO] Profiles total count: 1
2026-09-24 08:56:21.087: [INFO] Profile: name=Profile 1 path=C:\Eclipse Java\.metadata\.plugins\org.eclipse.swt\EBWebView\Default lastActive=2026-09-24T08:44:54.241Z
2026-09-24 08:56:21.087: [INFO] LastUsedProfileDir: C:\Eclipse Java\.metadata\.plugins\org.eclipse.swt\EBWebView\Default
2026-09-24 08:56:21.087: [INFO] MostRecentlyActiveProfile: name=Profile 1 path=C:\Eclipse Java\.metadata\.plugins\org.eclipse.swt\EBWebView\Default lastActive=2026-09-24T08:44:54.241Z
2026-09-24 08:56:21.087: [INFO] OnDoneLoading sync enabled: 0
2026-09-24 08:56:21.087: [INFO] BookmarkModelLoaded, ids_reassigned: 0
2026-09-24 08:56:21.087: [INFO] BookmarksLoadDropped droppedNodes=0
2026-09-24 08:56:21.087: [INFO] BookmarksSnapshot Startup total=0 bar=0 other=0 mobile=0 showBar=0 showBarNTP=1
2026-09-24 09:02:40.000: [INFO] BookmarksSnapshot Shutdown total=0 bar=0 other=0 mobile=0 showBar=0 showBarNTP=1
2026-09-24 09:12:53.008: [INFO] CurrentProfilePath: C:\Eclipse Java\.metadata\.plugins\org.eclipse.swt\EBWebView\Default
2026-09-24 09:12:53.008: [INFO] Profiles total count: 1
2026-09-24 09:12:53.008: [INFO] Profile: name=Profile 1 path=C:\Eclipse Java\.metadata\.plugins\org.eclipse.swt\EBWebView\Default lastActive=2026-09-24T08:44:54.241Z
2026-09-24 09:12:53.008: [INFO] LastUsedProfileDir: C:\Eclipse Java\.metadata\.plugins\org.eclipse.swt\EBWebView\Default
2026-09-24 09:12:53.008: [INFO] MostRecentlyActiveProfile: name=Profile 1 path=C:\Eclipse Java\.metadata\.plugins\org.eclipse.swt\EBWebView\Default lastActive=2026-09-24T08:44:54.241Z
2026-09-24 09:12:53.008: [INFO] OnDoneLoading sync enabled: 0
2026-09-24 09:12:53.008: [INFO] BookmarkModelLoaded, ids_reassigned: 0
2026-09-24 09:12:53.008: [INFO] BookmarksLoadDropped droppedNodes=0
2026-09-24 09:12:53.008: [INFO] BookmarksSnapshot Startup total=0 bar=0 other=0 mobile=0 showBar=0 showBarNTP=1
2026-09-24 09:14:47.749: [INFO] BookmarksSnapshot Shutdown total=0 bar=0 other=0 mobile=0 showBar=0 showBarNTP=1
2026-09-24 09:14:49.917: [INFO] CurrentProfilePath: C:\Eclipse Java\.metadata\.plugins\org.eclipse.swt\EBWebView\Default
2026-09-24 09:14:49.917: [INFO] Profiles total count: 1
2026-09-24 09:14:49.917: [INFO] Profile: name=Profile 1 path=C:\Eclipse Java\.metadata\.plugins\org.eclipse.swt\EBWebView\Default lastActive=2026-09-24T08:44:54.241Z
2026-09-24 09:14:49.917: [INFO] LastUsedProfileDir: C:\Eclipse Java\.metadata\.plugins\org.eclipse.swt\EBWebView\Default
2026-09-24 09:14:49.917: [INFO] MostRecentlyActiveProfile: name=Profile 1 path=C:\Eclipse Java\.metadata\.plugins\org.eclipse.swt\EBWebView\Default lastActive=2026-09-24T08:44:54.241Z
2026-09-24 09:14:49.917: [INFO] OnDoneLoading sync enabled: 0
2026-09-24 09:14:49.917: [INFO] BookmarkModelLoaded, ids_reassigned: 0
2026-09-24 09:14:49.917: [INFO] BookmarksLoadDropped droppedNodes=0
2026-09-24 09:14:49.917: [INFO] BookmarksSnapshot Startup total=0 bar=0 other=0 mobile=0 showBar=0 showBarNTP=1
2026-09-24 09:15:11.030: [INFO] BookmarksSnapshot Shutdown total=0 bar=0 other=0 mobile=0 showBar=0 showBarNTP=1
2026-09-24 09:15:13.486: [INFO] CurrentProfilePath: C:\Eclipse Java\.metadata\.plugins\org.eclipse.swt\EBWebView\Default
2026-09-24 09:15:13.486: [INFO] Profiles total count: 1
2026-09-24 09:15:13.486: [INFO] Profile: name=Profile 1 path=C:\Eclipse Java\.metadata\.plugins\org.eclipse.swt\EBWebView\Default lastActive=2026-09-24T08:44:54.241Z
2026-09-24 09:15:13.486: [INFO] LastUsedProfileDir: C:\Eclipse Java\.metadata\.plugins\org.eclipse.swt\EBWebView\Default
2026-09-24 09:15:13.486: [INFO] MostRecentlyActiveProfile: name=Profile 1 path=C:\Eclipse Java\.metadata\.plugins\org.eclipse.swt\EBWebView\Default lastActive=2026-09-24T08:44:54.241Z
2026-09-24 09:15:13.486: [INFO] OnDoneLoading sync enabled: 0
2026-09-24 09:15:13.486: [INFO] BookmarkModelLoaded, ids_reassigned: 0
2026-09-24 09:15:13.486: [INFO] BookmarksLoadDropped droppedNodes=0
2026-09-24 09:15:13.486: [INFO] BookmarksSnapshot Startup total=0 bar=0 other=0 mobile=0 showBar=0 showBarNTP=1
2026-09-24 09:15:21.414: [INFO] BookmarksSnapshot Shutdown total=0 bar=0 other=0 mobile=0 showBar=0 showBarNTP=1
2026-09-24 09:15:22.225: [INFO] CurrentProfilePath: C:\Eclipse Java\.metadata\.plugins\org.eclipse.swt\EBWebView\Default
2026-09-24 09:15:22.225: [INFO] Profiles total count: 1
2026-09-24 09:15:22.225: [INFO] Profile: name=Profile 1 path=C:\Eclipse Java\.metadata\.plugins\org.eclipse.swt\EBWebView\Default lastActive=2026-09-24T08:44:54.241Z
2026-09-24 09:15:22.225: [INFO] LastUsedProfileDir: C:\Eclipse Java\.metadata\.plugins\org.eclipse.swt\EBWebView\Default
2026-09-24 09:15:22.225: [INFO] MostRecentlyActiveProfile: name=Profile 1 path=C:\Eclipse Java\.metadata\.plugins\org.eclipse.swt\EBWebView\Default lastActive=2026-09-24T08:44:54.241Z
2026-09-24 09:15:22.225: [INFO] OnDoneLoading sync enabled: 0
2026-09-24 09:15:22.225: [INFO] BookmarkModelLoaded, ids_reassigned: 0
2026-09-24 09:15:22.225: [INFO] BookmarksLoadDropped droppedNodes=0
2026-09-24 09:15:22.225: [INFO] BookmarksSnapshot Startup total=0 bar=0 other=0 mobile=0 showBar=0 showBarNTP=1
2026-09-24 09:15:58.517: [INFO] BookmarksSnapshot Shutdown total=0 bar=0 other=0 mobile=0 showBar=0 showBarNTP=1
2026-09-24 09:16:31.559: [INFO] CurrentProfilePath: C:\Eclipse Java\.metadata\.plugins\org.eclipse.swt\EBWebView\Default
2026-09-24 09:16:31.559: [INFO] Profiles total count: 1
2026-09-24 09:16:31.559: [INFO] Profile: name=Profile 1 path=C:\Eclipse Java\.metadata\.plugins\org.eclipse.swt\EBWebView\Default lastActive=2026-09-24T08:44:54.241Z
2026-09-24 09:16:31.559: [INFO] LastUsedProfileDir: C:\Eclipse Java\.metadata\.plugins\org.eclipse.swt\EBWebView\Default
2026-09-24 09:16:31.559: [INFO] MostRecentlyActiveProfile: name=Profile 1 path=C:\Eclipse Java\.metadata\.plugins\org.eclipse.swt\EBWebView\Default lastActive=2026-09-24T08:44:54.241Z
2026-09-24 09:16:31.559: [INFO] OnDoneLoading sync enabled: 0
2026-09-24 09:16:31.559: [INFO] BookmarkModelLoaded, ids_reassigned: 0
2026-09-24 09:16:31.559: [INFO] BookmarksLoadDropped droppedNodes=0
2026-09-24 09:16:31.559: [INFO] BookmarksSnapshot Startup total=0 bar=0 other=0 mobile=0 showBar=0 showBarNTP=1
2026-09-24 09:23:25.577: [INFO] BookmarksSnapshot Shutdown total=0 bar=0 other=0 mobile=0 showBar=0 showBarNTP=1
2026-09-24 09:24:00.559: [INFO] CurrentProfilePath: C:\Eclipse Java\.metadata\.plugins\org.eclipse.swt\EBWebView\Default
2026-09-24 09:24:00.559: [INFO] Profiles total count: 1
2026-09-24 09:24:00.559: [INFO] Profile: name=Profile 1 path=C:\Eclipse Java\.metadata\.plugins\org.eclipse.swt\EBWebView\Default lastActive=2026-09-24T08:44:54.241Z
2026-09-24 09:24:00.559: [INFO] LastUsedProfileDir: C:\Eclipse Java\.metadata\.plugins\org.eclipse.swt\EBWebView\Default
2026-09-24 09:24:00.559: [INFO] MostRecentlyActiveProfile: name=Profile 1 path=C:\Eclipse Java\.metadata\.plugins\org.eclipse.swt\EBWebView\Default lastActive=2026-09-24T08:44:54.241Z
2026-09-24 09:24:00.559: [INFO] OnDoneLoading sync enabled: 0
2026-09-24 09:24:00.559: [INFO] BookmarkModelLoaded, ids_reassigned: 0
2026-09-24 09:24:00.559: [INFO] BookmarksLoadDropped droppedNodes=0
2026-09-24 09:24:00.559: [INFO] BookmarksSnapshot Startup total=0 bar=0 other=0 mobile=0 showBar=0 showBarNTP=1
2026-09-24 09:24:14.351: [INFO] BookmarksSnapshot Shutdown total=0 bar=0 other=0 mobile=0 showBar=0 showBarNTP=1
2026-09-24 09:41:31.368: [INFO] CurrentProfilePath: C:\Eclipse Java\.metadata\.plugins\org.eclipse.swt\EBWebView\Default
2026-09-24 09:41:31.368: [INFO] Profiles total count: 1
2026-09-24 09:41:31.368: [INFO] Profile: name=Profile 1 path=C:\Eclipse Java\.metadata\.plugins\org.eclipse.swt\EBWebView\Default lastActive=2026-09-24T08:44:54.241Z
2026-09-24 09:41:31.368: [INFO] LastUsedProfileDir: C:\Eclipse Java\.metadata\.plugins\org.eclipse.swt\EBWebView\Default
2026-09-24 09:41:31.368: [INFO] MostRecentlyActiveProfile: name=Profile 1 path=C:\Eclipse Java\.metadata\.plugins\org.eclipse.swt\EBWebView\Default lastActive=2026-09-24T08:44:54.241Z
2026-09-24 09:41:31.368: [INFO] OnDoneLoading sync enabled: 0
2026-09-24 09:41:31.368: [INFO] BookmarkModelLoaded, ids_reassigned: 0
2026-09-24 09:41:31.368: [INFO] BookmarksLoadDropped droppedNodes=0
2026-09-24 09:41:31.368: [INFO] BookmarksSnapshot Startup total=0 bar=0 other=0 mobile=0 showBar=0 showBarNTP=1
2026-09-24 10:26:58.246: [INFO] BookmarksSnapshot Shutdown total=0 bar=0 other=0 mobile=0 showBar=0 showBarNTP=1
2026-09-24 10:28:19.383: [INFO] CurrentProfilePath: C:\Eclipse Java\.metadata\.plugins\org.eclipse.swt\EBWebView\Default
2026-09-24 10:28:19.383: [INFO] Profiles total count: 1
2026-09-24 10:28:19.383: [INFO] Profile: name=Profile 1 path=C:\Eclipse Java\.metadata\.plugins\org.eclipse.swt\EBWebView\Default lastActive=2026-09-24T08:44:54.241Z
2026-09-24 10:28:19.383: [INFO] LastUsedProfileDir: C:\Eclipse Java\.metadata\.plugins\org.eclipse.swt\EBWebView\Default
2026-09-24 10:28:19.383: [INFO] MostRecentlyActiveProfile: name=Profile 1 path=C:\Eclipse Java\.metadata\.plugins\org.eclipse.swt\EBWebView\Default lastActive=2026-09-24T08:44:54.241Z
2026-09-24 10:28:19.383: [INFO] OnDoneLoading sync enabled: 0
2026-09-24 10:28:19.383: [INFO] BookmarkModelLoaded, ids_reassigned: 0
2026-09-24 10:28:19.383: [INFO] BookmarksLoadDropped droppedNodes=0
2026-09-24 10:28:19.383: [INFO] BookmarksSnapshot Startup total=0 bar=0 other=0 mobile=0 showBar=0 showBarNTP=1
2026-09-24 10:36:56.690: [INFO] BookmarksSnapshot Shutdown total=0 bar=0 other=0 mobile=0 showBar=0 showBarNTP=1
2026-09-24 10:37:20.408: [INFO] CurrentProfilePath: C:\Eclipse Java\.metadata\.plugins\org.eclipse.swt\EBWebView\Default
2026-09-24 10:37:20.408: [INFO] Profiles total count: 1
2026-09-24 10:37:20.409: [INFO] Profile: name=Profile 1 path=C:\Eclipse Java\.metadata\.plugins\org.eclipse.swt\EBWebView\Default lastActive=2026-09-24T08:44:54.241Z
2026-09-24 10:37:20.409: [INFO] LastUsedProfileDir: C:\Eclipse Java\.metadata\.plugins\org.eclipse.swt\EBWebView\Default
2026-09-24 10:37:20.409: [INFO] MostRecentlyActiveProfile: name=Profile 1 path=C:\Eclipse Java\.metadata\.plugins\org.eclipse.swt\EBWebView\Default lastActive=2026-09-24T08:44:54.241Z
2026-09-24 10:37:20.409: [INFO] OnDoneLoading sync enabled: 0
2026-09-24 10:37:20.409: [INFO] BookmarkModelLoaded, ids_reassigned: 0
2026-09-24 10:37:20.409: [INFO] BookmarksLoadDropped droppedNodes=0
2026-09-24 10:37:20.409: [INFO] BookmarksSnapshot Startup total=0 bar=0 other=0 mobile=0 showBar=0 showBarNTP=1
2026-09-24 13:29:16.038: [INFO] BookmarksSnapshot Shutdown total=0 bar=0 other=0 mobile=0 showBar=0 showBarNTP=1
2026-09-24 13:29:50.920: [INFO] CurrentProfilePath: C:\Eclipse Java\.metadata\.plugins\org.eclipse.swt\EBWebView\Default
2026-09-24 13:29:50.920: [INFO] Profiles total count: 1
2026-09-24 13:29:50.920: [INFO] Profile: name=Profile 1 path=C:\Eclipse Java\.metadata\.plugins\org.eclipse.swt\EBWebView\Default lastActive=2026-09-24T08:44:54.241Z
2026-09-24 13:29:50.920: [INFO] LastUsedProfileDir: C:\Eclipse Java\.metadata\.plugins\org.eclipse.swt\EBWebView\Default
2026-09-24 13:29:50.920: [INFO] MostRecentlyActiveProfile: name=Profile 1 path=C:\Eclipse Java\.metadata\.plugins\org.eclipse.swt\EBWebView\Default lastActive=2026-09-24T08:44:54.241Z
2026-09-24 13:29:50.920: [INFO] OnDoneLoading sync enabled: 0
2026-09-24 13:29:50.920: [INFO] BookmarkModelLoaded, ids_reassigned: 0
2026-09-24 13:29:50.920: [INFO] BookmarksLoadDropped droppedNodes=0
2026-09-24 13:29:50.920: [INFO] BookmarksSnapshot Startup total=0 bar=0 other=0 mobile=0 showBar=0 showBarNTP=1
2026-09-24 13:31:52.293: [INFO] BookmarksSnapshot Shutdown total=0 bar=0 other=0 mobile=0 showBar=0 showBarNTP=1
2026-09-24 13:32:13.544: [INFO] CurrentProfilePath: C:\Eclipse Java\.metadata\.plugins\org.eclipse.swt\EBWebView\Default
2026-09-24 13:32:13.544: [INFO] Profiles total count: 1
2026-09-24 13:32:13.544: [INFO] Profile: name=Profile 1 path=C:\Eclipse Java\.metadata\.plugins\org.eclipse.swt\EBWebView\Default lastActive=2026-09-24T08:44:54.241Z
2026-09-24 13:32:13.544: [INFO] LastUsedProfileDir: C:\Eclipse Java\.metadata\.plugins\org.eclipse.swt\EBWebView\Default
2026-09-24 13:32:13.544: [INFO] MostRecentlyActiveProfile: name=Profile 1 path=C:\Eclipse Java\.metadata\.plugins\org.eclipse.swt\EBWebView\Default lastActive=2026-09-24T08:44:54.241Z
2026-09-24 13:32:13.544: [INFO] OnDoneLoading sync enabled: 0
2026-09-24 13:32:13.544: [INFO] BookmarkModelLoaded, ids_reassigned: 0
2026-09-24 13:32:13.544: [INFO] BookmarksLoadDropped droppedNodes=0
2026-09-24 13:32:13.544: [INFO] BookmarksSnapshot Startup total=0 bar=0 other=0 mobile=0 showBar=0 showBarNTP=1
2026-09-24 13:32:52.745: [INFO] BookmarksSnapshot Shutdown total=0 bar=0 other=0 mobile=0 showBar=0 showBarNTP=1
2026-09-24 13:33:17.118: [INFO] CurrentProfilePath: C:\Eclipse Java\.metadata\.plugins\org.eclipse.swt\EBWebView\Default
2026-09-24 13:33:17.118: [INFO] Profiles total count: 1
2026-09-24 13:33:17.118: [INFO] Profile: name=Profile 1 path=C:\Eclipse Java\.metadata\.plugins\org.eclipse.swt\EBWebView\Default lastActive=2026-09-24T08:44:54.241Z
2026-09-24 13:33:17.118: [INFO] LastUsedProfileDir: C:\Eclipse Java\.metadata\.plugins\org.eclipse.swt\EBWebView\Default
2026-09-24 13:33:17.118: [INFO] MostRecentlyActiveProfile: name=Profile 1 path=C:\Eclipse Java\.metadata\.plugins\org.eclipse.swt\EBWebView\Default lastActive=2026-09-24T08:44:54.241Z
2026-09-24 13:33:17.118: [INFO] OnDoneLoading sync enabled: 0
2026-09-24 13:33:17.118: [INFO] BookmarkModelLoaded, ids_reassigned: 0
2026-09-24 13:33:17.118: [INFO] BookmarksLoadDropped droppedNodes=0
2026-09-24 13:33:17.118: [INFO] BookmarksSnapshot Startup total=0 bar=0 other=0 mobile=0 showBar=0 showBarNTP=1
2026-09-24 13:38:57.162: [INFO] BookmarksSnapshot Shutdown total=0 bar=0 other=0 mobile=0 showBar=0 showBarNTP=1
2026-09-24 13:39:18.376: [INFO] CurrentProfilePath: C:\Eclipse Java\.metadata\.plugins\org.eclipse.swt\EBWebView\Default
2026-09-24 13:39:18.376: [INFO] Profiles total count: 1
2026-09-24 13:39:18.376: [INFO] Profile: name=Profile 1 path=C:\Eclipse Java\.metadata\.plugins\org.eclipse.swt\EBWebView\Default lastActive=2026-09-24T08:44:54.241Z
2026-09-24 13:39:18.376: [INFO] LastUsedProfileDir: C:\Eclipse Java\.metadata\.plugins\org.eclipse.swt\EBWebView\Default
2026-09-24 13:39:18.376: [INFO] MostRecentlyActiveProfile: name=Profile 1 path=C:\Eclipse Java\.metadata\.plugins\org.eclipse.swt\EBWebView\Default lastActive=2026-09-24T08:44:54.241Z
2026-09-24 13:39:18.376: [INFO] OnDoneLoading sync enabled: 0
2026-09-24 13:39:18.376: [INFO] BookmarkModelLoaded, ids_reassigned: 0
2026-09-24 13:39:18.376: [INFO] BookmarksLoadDropped droppedNodes=0
2026-09-24 13:39:18.376: [INFO] BookmarksSnapshot Startup total=0 bar=0 other=0 mobile=0 showBar=0 showBarNTP=1
2026-09-24 13:41:56.022: [INFO] BookmarksSnapshot Shutdown total=0 bar=0 other=0 mobile=0 showBar=0 showBarNTP=1
2026-09-24 16:51:51.118: [INFO] CurrentProfilePath: C:\Eclipse Java\.metadata\.plugins\org.eclipse.swt\EBWebView\Default
2026-09-24 16:51:51.118: [INFO] Profiles total count: 1
2026-09-24 16:51:51.118: [INFO] Profile: name=Profile 1 path=C:\Eclipse Java\.metadata\.plugins\org.eclipse.swt\EBWebView\Default lastActive=2026-09-24T08:44:54.241Z
2026-09-24 16:51:51.118: [INFO] LastUsedProfileDir: C:\Eclipse Java\.metadata\.plugins\org.eclipse.swt\EBWebView\Default
2026-09-24 16:51:51.118: [INFO] MostRecentlyActiveProfile: name=Profile 1 path=C:\Eclipse Java\.metadata\.plugins\org.eclipse.swt\EBWebView\Default lastActive=2026-09-24T08:44:54.241Z
2026-09-24 16:51:51.118: [INFO] OnDoneLoading sync enabled: 0
2026-09-24 16:51:51.118: [INFO] BookmarkModelLoaded, ids_reassigned: 0
2026-09-24 16:51:51.118: [INFO] BookmarksLoadDropped droppedNodes=0
2026-09-24 16:51:51.118: [INFO] BookmarksSnapshot Startup total=0 bar=0 other=0 mobile=0 showBar=0 showBarNTP=1
2026-09-24 16:51:55.326: [INFO] BookmarksSnapshot Shutdown total=0 bar=0 other=0 mobile=0 showBar=0 showBarNTP=1
2026-09-24 16:57:28.945: [INFO] CurrentProfilePath: C:\Eclipse Java\.metadata\.plugins\org.eclipse.swt\EBWebView\Default
2026-09-24 16:57:28.945: [INFO] Profiles total count: 1
2026-09-24 16:57:28.945: [INFO] Profile: name=Profile 1 path=C:\Eclipse Java\.metadata\.plugins\org.eclipse.swt\EBWebView\Default lastActive=2026-09-24T08:44:54.241Z
2026-09-24 16:57:28.945: [INFO] LastUsedProfileDir: C:\Eclipse Java\.metadata\.plugins\org.eclipse.swt\EBWebView\Default
2026-09-24 16:57:28.945: [INFO] MostRecentlyActiveProfile: name=Profile 1 path=C:\Eclipse Java\.metadata\.plugins\org.eclipse.swt\EBWebView\Default lastActive=2026-09-24T08:44:54.241Z
2026-09-24 16:57:28.945: [INFO] OnDoneLoading sync enabled: 0
2026-09-24 16:57:28.945: [INFO] BookmarkModelLoaded, ids_reassigned: 0
2026-09-24 16:57:28.945: [INFO] BookmarksLoadDropped droppedNodes=0
2026-09-24 16:57:28.945: [INFO] BookmarksSnapshot Startup total=0 bar=0 other=0 mobile=0 showBar=0 showBarNTP=1
2026-09-24 16:59:58.598: [INFO] BookmarksSnapshot Shutdown total=0 bar=0 other=0 mobile=0 showBar=0 showBarNTP=1
2026-09-24 17:00:20.699: [INFO] CurrentProfilePath: C:\Eclipse Java\.metadata\.plugins\org.eclipse.swt\EBWebView\Default
2026-09-24 17:00:20.699: [INFO] Profiles total count: 1
2026-09-24 17:00:20.699: [INFO] Profile: name=Profile 1 path=C:\Eclipse Java\.metadata\.plugins\org.eclipse.swt\EBWebView\Default lastActive=2026-09-24T08:44:54.241Z
2026-09-24 17:00:20.699: [INFO] LastUsedProfileDir: C:\Eclipse Java\.metadata\.plugins\org.eclipse.swt\EBWebView\Default
2026-09-24 17:00:20.699: [INFO] MostRecentlyActiveProfile: name=Profile 1 path=C:\Eclipse Java\.metadata\.plugins\org.eclipse.swt\EBWebView\Default lastActive=2026-09-24T08:44:54.241Z
2026-09-24 17:00:20.699: [INFO] OnDoneLoading sync enabled: 0
2026-09-24 17:00:20.699: [INFO] BookmarkModelLoaded, ids_reassigned: 0
2026-09-24 17:00:20.699: [INFO] BookmarksLoadDropped droppedNodes=0
2026-09-24 17:00:20.699: [INFO] BookmarksSnapshot Startup total=0 bar=0 other=0 mobile=0 showBar=0 showBarNTP=1
2026-09-24 17:00:33.826: [INFO] BookmarksSnapshot Shutdown total=0 bar=0 other=0 mobile=0 showBar=0 showBarNTP=1
2026-09-24 17:04:57.396: [INFO] CurrentProfilePath: C:\Eclipse Java\.metadata\.plugins\org.eclipse.swt\EBWebView\Default
2026-09-24 17:04:57.396: [INFO] Profiles total count: 1
2026-09-24 17:04:57.396: [INFO] Profile: name=Profile 1 path=C:\Eclipse Java\.metadata\.plugins\org.eclipse.swt\EBWebView\Default lastActive=2026-09-24T08:44:54.241Z
2026-09-24 17:04:57.396: [INFO] LastUsedProfileDir: C:\Eclipse Java\.metadata\.plugins\org.eclipse.swt\EBWebView\Default
2026-09-24 17:04:57.396: [INFO] MostRecentlyActiveProfile: name=Profile 1 path=C:\Eclipse Java\.metadata\.plugins\org.eclipse.swt\EBWebView\Default lastActive=2026-09-24T08:44:54.241Z
2026-09-24 17:04:57.396: [INFO] OnDoneLoading sync enabled: 0
2026-09-24 17:04:57.396: [INFO] BookmarkModelLoaded, ids_reassigned: 0
2026-09-24 17:04:57.396: [INFO] BookmarksLoadDropped droppedNodes=0
2026-09-24 17:04:57.396: [INFO] BookmarksSnapshot Startup total=0 bar=0 other=0 mobile=0 showBar=0 showBarNTP=1
2026-09-24 17:07:22.478: [INFO] BookmarksSnapshot Shutdown total=0 bar=0 other=0 mobile=0 showBar=0 showBarNTP=1
2026-09-24 17:07:29.463: [INFO] CurrentProfilePath: C:\Eclipse Java\.metadata\.plugins\org.eclipse.swt\EBWebView\Default
2026-09-24 17:07:29.463: [INFO] Profiles total count: 1
2026-09-24 17:07:29.463: [INFO] Profile: name=Profile 1 path=C:\Eclipse Java\.metadata\.plugins\org.eclipse.swt\EBWebView\Default lastActive=2026-09-24T08:44:54.241Z
2026-09-24 17:07:29.463: [INFO] LastUsedProfileDir: C:\Eclipse Java\.metadata\.plugins\org.eclipse.swt\EBWebView\Default
2026-09-24 17:07:29.463: [INFO] MostRecentlyActiveProfile: name=Profile 1 path=C:\Eclipse Java\.metadata\.plugins\org.eclipse.swt\EBWebView\Default lastActive=2026-09-24T08:44:54.241Z
2026-09-24 17:07:29.463: [INFO] OnDoneLoading sync enabled: 0
2026-09-24 17:07:29.463: [INFO] BookmarkModelLoaded, ids_reassigned: 0
2026-09-24 17:07:29.463: [INFO] BookmarksLoadDropped droppedNodes=0
2026-09-24 17:07:29.463: [INFO] BookmarksSnapshot Startup total=0 bar=0 other=0 mobile=0 showBar=0 showBarNTP=1
2026-09-24 17:07:46.975: [INFO] BookmarksSnapshot Shutdown total=0 bar=0 other=0 mobile=0 showBar=0 showBarNTP=1
2026-09-24 17:51:57.706: [INFO] CurrentProfilePath: C:\Eclipse Java\.metadata\.plugins\org.eclipse.swt\EBWebView\Default
2026-09-24 17:51:57.706: [INFO] Profiles total count: 1
2026-09-24 17:51:57.706: [INFO] Profile: name=Profile 1 path=C:\Eclipse Java\.metadata\.plugins\org.eclipse.swt\EBWebView\Default lastActive=2026-09-24T08:44:54.241Z
2026-09-24 17:51:57.706: [INFO] LastUsedProfileDir: C:\Eclipse Java\.metadata\.plugins\org.eclipse.swt\EBWebView\Default
2026-09-24 17:51:57.706: [INFO] MostRecentlyActiveProfile: name=Profile 1 path=C:\Eclipse Java\.metadata\.plugins\org.eclipse.swt\EBWebView\Default lastActive=2026-09-24T08:44:54.241Z
2026-09-24 17:51:57.706: [INFO] OnDoneLoading sync enabled: 0
2026-09-24 17:51:57.706: [INFO] BookmarkModelLoaded, ids_reassigned: 0
2026-09-24 17:51:57.706: [INFO] BookmarksLoadDropped droppedNodes=0
2026-09-24 17:51:57.706: [INFO] BookmarksSnapshot Startup total=0 bar=0 other=0 mobile=0 showBar=0 showBarNTP=1
2026-09-24 18:13:35.167: [INFO] BookmarksSnapshot Shutdown total=0 bar=0 other=0 mobile=0 showBar=0 showBarNTP=1
2026-09-25 02:17:21.832: [INFO] CurrentProfilePath: C:\Eclipse Java\.metadata\.plugins\org.eclipse.swt\EBWebView\Default
2026-09-25 02:17:21.832: [INFO] Profiles total count: 1
2026-09-25 02:17:21.832: [INFO] Profile: name=Profile 1 path=C:\Eclipse Java\.metadata\.plugins\org.eclipse.swt\EBWebView\Default lastActive=2026-09-24T08:44:54.241Z
2026-09-25 02:17:21.832: [INFO] LastUsedProfileDir: C:\Eclipse Java\.metadata\.plugins\org.eclipse.swt\EBWebView\Default
2026-09-25 02:17:21.832: [INFO] MostRecentlyActiveProfile: name=Profile 1 path=C:\Eclipse Java\.metadata\.plugins\org.eclipse.swt\EBWebView\Default lastActive=2026-09-24T08:44:54.241Z
2026-09-25 02:17:21.832: [INFO] OnDoneLoading sync enabled: 0
2026-09-25 02:17:21.832: [INFO] BookmarkModelLoaded, ids_reassigned: 0
2026-09-25 02:17:21.832: [INFO] BookmarksLoadDropped droppedNodes=0
2026-09-25 02:17:21.832: [INFO] BookmarksSnapshot Startup total=0 bar=0 other=0 mobile=0 showBar=0 showBarNTP=1
2026-09-25 02:44:39.269: [INFO] BookmarksSnapshot Shutdown total=0 bar=0 other=0 mobile=0 showBar=0 showBarNTP=1
2026-09-25 03:36:22.268: [INFO] CurrentProfilePath: C:\Eclipse Java\.metadata\.plugins\org.eclipse.swt\EBWebView\Default
2026-09-25 03:36:22.268: [INFO] Profiles total count: 1
2026-09-25 03:36:22.268: [INFO] Profile: name=Profile 1 path=C:\Eclipse Java\.metadata\.plugins\org.eclipse.swt\EBWebView\Default lastActive=2026-09-24T08:44:54.241Z
2026-09-25 03:36:22.268: [INFO] LastUsedProfileDir: C:\Eclipse Java\.metadata\.plugins\org.eclipse.swt\EBWebView\Default
2026-09-25 03:36:22.268: [INFO] MostRecentlyActiveProfile: name=Profile 1 path=C:\Eclipse Java\.metadata\.plugins\org.eclipse.swt\EBWebView\Default lastActive=2026-09-24T08:44:54.241Z
2026-09-25 03:36:22.268: [INFO] OnDoneLoading sync enabled: 0
2026-09-25 03:36:22.268: [INFO] BookmarkModelLoaded, ids_reassigned: 0
2026-09-25 03:36:22.268: [INFO] BookmarksLoadDropped droppedNodes=0
2026-09-25 03:36:22.268: [INFO] BookmarksSnapshot Startup total=0 bar=0 other=0 mobile=0 showBar=0 showBarNTP=1
2026-09-25 03:36:57.447: [INFO] BookmarksSnapshot Shutdown total=0 bar=0 other=0 mobile=0 showBar=0 showBarNTP=1
2026-09-25 03:47:27.628: [INFO] CurrentProfilePath: C:\Eclipse Java\.metadata\.plugins\org.eclipse.swt\EBWebView\Default
2026-09-25 03:47:27.628: [INFO] Profiles total count: 1
2026-09-25 03:47:27.628: [INFO] Profile: name=Profile 1 path=C:\Eclipse Java\.metadata\.plugins\org.eclipse.swt\EBWebView\Default lastActive=2026-09-24T08:44:54.241Z
2026-09-25 03:47:27.628: [INFO] LastUsedProfileDir: C:\Eclipse Java\.metadata\.plugins\org.eclipse.swt\EBWebView\Default
2026-09-25 03:47:27.628: [INFO] MostRecentlyActiveProfile: name=Profile 1 path=C:\Eclipse Java\.metadata\.plugins\org.eclipse.swt\EBWebView\Default lastActive=2026-09-24T08:44:54.241Z
2026-09-25 03:47:27.628: [INFO] OnDoneLoading sync enabled: 0
2026-09-25 03:47:27.628: [INFO] BookmarkModelLoaded, ids_reassigned: 0
2026-09-25 03:47:27.628: [INFO] BookmarksLoadDropped droppedNodes=0
2026-09-25 03:47:27.628: [INFO] BookmarksSnapshot Startup total=0 bar=0 other=0 mobile=0 showBar=0 showBarNTP=1
2026-09-25 03:47:51.675: [INFO] BookmarksSnapshot Shutdown total=0 bar=0 other=0 mobile=0 showBar=0 showBarNTP=1
2026-09-25 03:48:43.622: [INFO] CurrentProfilePath: C:\Eclipse Java\.metadata\.plugins\org.eclipse.swt\EBWebView\Default
2026-09-25 03:48:43.622: [INFO] Profiles total count: 1
2026-09-25 03:48:43.622: [INFO] Profile: name=Profile 1 path=C:\Eclipse Java\.metadata\.plugins\org.eclipse.swt\EBWebView\Default lastActive=2026-09-24T08:44:54.241Z
2026-09-25 03:48:43.622: [INFO] LastUsedProfileDir: C:\Eclipse Java\.metadata\.plugins\org.eclipse.swt\EBWebView\Default
2026-09-25 03:48:43.622: [INFO] MostRecentlyActiveProfile: name=Profile 1 path=C:\Eclipse Java\.metadata\.plugins\org.eclipse.swt\EBWebView\Default lastActive=2026-09-24T08:44:54.241Z
2026-09-25 03:48:43.622: [INFO] OnDoneLoading sync enabled: 0
2026-09-25 03:48:43.622: [INFO] BookmarkModelLoaded, ids_reassigned: 0
2026-09-25 03:48:43.622: [INFO] BookmarksLoadDropped droppedNodes=0
2026-09-25 03:48:43.622: [INFO] BookmarksSnapshot Startup total=0 bar=0 other=0 mobile=0 showBar=0 showBarNTP=1
2026-09-25 03:50:23.806: [INFO] BookmarksSnapshot Shutdown total=0 bar=0 other=0 mobile=0 showBar=0 showBarNTP=1
2026-09-25 03:50:23.894: [INFO] CurrentProfilePath: C:\Eclipse Java\.metadata\.plugins\org.eclipse.swt\EBWebView\Default
2026-09-25 03:50:23.894: [INFO] Profiles total count: 1
2026-09-25 03:50:23.894: [INFO] Profile: name=Profile 1 path=C:\Eclipse Java\.metadata\.plugins\org.eclipse.swt\EBWebView\Default lastActive=2026-09-24T08:44:54.241Z
2026-09-25 03:50:23.894: [INFO] LastUsedProfileDir: C:\Eclipse Java\.metadata\.plugins\org.eclipse.swt\EBWebView\Default
2026-09-25 03:50:23.894: [INFO] MostRecentlyActiveProfile: name=Profile 1 path=C:\Eclipse Java\.metadata\.plugins\org.eclipse.swt\EBWebView\Default lastActive=2026-09-24T08:44:54.241Z
2026-09-25 03:50:23.894: [INFO] OnDoneLoading sync enabled: 0
2026-09-25 03:50:23.894: [INFO] BookmarkModelLoaded, ids_reassigned: 0
2026-09-25 03:50:23.894: [INFO] BookmarksLoadDropped droppedNodes=0
2026-09-25 03:50:23.894: [INFO] BookmarksSnapshot Startup total=0 bar=0 other=0 mobile=0 showBar=0 showBarNTP=1
2026-09-25 03:50:25.805: [INFO] BookmarksSnapshot Shutdown total=0 bar=0 other=0 mobile=0 showBar=0 showBarNTP=1
2026-09-25 03:54:01.012: [INFO] CurrentProfilePath: C:\Eclipse Java\.metadata\.plugins\org.eclipse.swt\EBWebView\Default
2026-09-25 03:54:01.012: [INFO] Profiles total count: 1
2026-09-25 03:54:01.012: [INFO] Profile: name=Profile 1 path=C:\Eclipse Java\.metadata\.plugins\org.eclipse.swt\EBWebView\Default lastActive=2026-09-24T08:44:54.241Z
2026-09-25 03:54:01.012: [INFO] LastUsedProfileDir: C:\Eclipse Java\.metadata\.plugins\org.eclipse.swt\EBWebView\Default
2026-09-25 03:54:01.012: [INFO] MostRecentlyActiveProfile: name=Profile 1 path=C:\Eclipse Java\.metadata\.plugins\org.eclipse.swt\EBWebView\Default lastActive=2026-09-24T08:44:54.241Z
2026-09-25 03:54:01.012: [INFO] OnDoneLoading sync enabled: 0
2026-09-25 03:54:01.012: [INFO] BookmarkModelLoaded, ids_reassigned: 0
2026-09-25 03:54:01.012: [INFO] BookmarksLoadDropped droppedNodes=0
2026-09-25 03:54:01.012: [INFO] BookmarksSnapshot Startup total=0 bar=0 other=0 mobile=0 showBar=0 showBarNTP=1
2026-09-25 04:17:08.753: [INFO] BookmarksSnapshot Shutdown total=0 bar=0 other=0 mobile=0 showBar=0 showBarNTP=1
2026-09-26 07:48:13.676: [INFO] CurrentProfilePath: C:\Eclipse Java\.metadata\.plugins\org.eclipse.swt\EBWebView\Default
2026-09-26 07:48:13.676: [INFO] Profiles total count: 1
2026-09-26 07:48:13.676: [INFO] Profile: name=Profile 1 path=C:\Eclipse Java\.metadata\.plugins\org.eclipse.swt\EBWebView\Default lastActive=2026-09-24T08:44:54.241Z
2026-09-26 07:48:13.676: [INFO] LastUsedProfileDir: C:\Eclipse Java\.metadata\.plugins\org.eclipse.swt\EBWebView\Default
2026-09-26 07:48:13.676: [INFO] MostRecentlyActiveProfile: name=Profile 1 path=C:\Eclipse Java\.metadata\.plugins\org.eclipse.swt\EBWebView\Default lastActive=2026-09-24T08:44:54.241Z
2026-09-26 07:48:13.676: [INFO] OnDoneLoading sync enabled: 0
2026-09-26 07:48:13.676: [INFO] BookmarkModelLoaded, ids_reassigned: 0
2026-09-26 07:48:13.676: [INFO] BookmarksLoadDropped droppedNodes=0
2026-09-26 07:48:13.676: [INFO] BookmarksSnapshot Startup total=0 bar=0 other=0 mobile=0 showBar=0 showBarNTP=1
2026-09-26 09:41:41.498: [INFO] BookmarksSnapshot Shutdown total=0 bar=0 other=0 mobile=0 showBar=0 showBarNTP=1
2026-09-26 09:42:27.982: [INFO] CurrentProfilePath: C:\Eclipse Java\.metadata\.plugins\org.eclipse.swt\EBWebView\Default
2026-09-26 09:42:27.982: [INFO] Profiles total count: 1
2026-09-26 09:42:27.982: [INFO] Profile: name=Profile 1 path=C:\Eclipse Java\.metadata\.plugins\org.eclipse.swt\EBWebView\Default lastActive=2026-09-24T08:44:54.241Z
2026-09-26 09:42:27.982: [INFO] LastUsedProfileDir: C:\Eclipse Java\.metadata\.plugins\org.eclipse.swt\EBWebView\Default
2026-09-26 09:42:27.982: [INFO] MostRecentlyActiveProfile: name=Profile 1 path=C:\Eclipse Java\.metadata\.plugins\org.eclipse.swt\EBWebView\Default lastActive=2026-09-24T08:44:54.241Z
2026-09-26 09:42:27.982: [INFO] OnDoneLoading sync enabled: 0
2026-09-26 09:42:27.982: [INFO] BookmarkModelLoaded, ids_reassigned: 0
2026-09-26 09:42:27.982: [INFO] BookmarksLoadDropped droppedNodes=0
2026-09-26 09:42:27.982: [INFO] BookmarksSnapshot Startup total=0 bar=0 other=0 mobile=0 showBar=0 showBarNTP=1
2026-09-26 09:47:59.316: [INFO] BookmarksSnapshot Shutdown total=0 bar=0 other=0 mobile=0 showBar=0 showBarNTP=1
2026-09-26 09:51:14.991: [INFO] CurrentProfilePath: C:\Eclipse Java\.metadata\.plugins\org.eclipse.swt\EBWebView\Default
2026-09-26 09:51:14.991: [INFO] Profiles total count: 1
2026-09-26 09:51:14.992: [INFO] Profile: name=Profile 1 path=C:\Eclipse Java\.metadata\.plugins\org.eclipse.swt\EBWebView\Default lastActive=2026-09-24T08:44:54.241Z
2026-09-26 09:51:14.992: [INFO] LastUsedProfileDir: C:\Eclipse Java\.metadata\.plugins\org.eclipse.swt\EBWebView\Default
2026-09-26 09:51:14.992: [INFO] MostRecentlyActiveProfile: name=Profile 1 path=C:\Eclipse Java\.metadata\.plugins\org.eclipse.swt\EBWebView\Default lastActive=2026-09-24T08:44:54.241Z
2026-09-26 09:51:14.992: [INFO] OnDoneLoading sync enabled: 0
2026-09-26 09:51:14.992: [INFO] BookmarkModelLoaded, ids_reassigned: 0
2026-09-26 09:51:14.992: [INFO] BookmarksLoadDropped droppedNodes=0
2026-09-26 09:51:14.992: [INFO] BookmarksSnapshot Startup total=0 bar=0 other=0 mobile=0 showBar=0 showBarNTP=1
2026-09-26 10:43:02.431: [INFO] BookmarksSnapshot Shutdown total=0 bar=0 other=0 mobile=0 showBar=0 showBarNTP=1
2026-09-26 10:47:08.953: [INFO] CurrentProfilePath: C:\Eclipse Java\.metadata\.plugins\org.eclipse.swt\EBWebView\Default
2026-09-26 10:47:08.953: [INFO] Profiles total count: 1
2026-09-26 10:47:08.953: [INFO] Profile: name=Profile 1 path=C:\Eclipse Java\.metadata\.plugins\org.eclipse.swt\EBWebView\Default lastActive=2026-09-24T08:44:54.241Z
2026-09-26 10:47:08.953: [INFO] LastUsedProfileDir: C:\Eclipse Java\.metadata\.plugins\org.eclipse.swt\EBWebView\Default
2026-09-26 10:47:08.953: [INFO] MostRecentlyActiveProfile: name=Profile 1 path=C:\Eclipse Java\.metadata\.plugins\org.eclipse.swt\EBWebView\Default lastActive=2026-09-24T08:44:54.241Z
2026-09-26 10:47:08.953: [INFO] OnDoneLoading sync enabled: 0
2026-09-26 10:47:08.953: [INFO] BookmarkModelLoaded, ids_reassigned: 0
2026-09-26 10:47:08.953: [INFO] BookmarksLoadDropped droppedNodes=0
2026-09-26 10:47:08.953: [INFO] BookmarksSnapshot Startup total=0 bar=0 other=0 mobile=0 showBar=0 showBarNTP=1
2026-09-26 10:47:44.476: [INFO] BookmarksSnapshot Shutdown total=0 bar=0 other=0 mobile=0 showBar=0 showBarNTP=1
2026-09-26 10:47:46.139: [INFO] CurrentProfilePath: C:\Eclipse Java\.metadata\.plugins\org.eclipse.swt\EBWebView\Default
2026-09-26 10:47:46.139: [INFO] Profiles total count: 1
2026-09-26 10:47:46.139: [INFO] Profile: name=Profile 1 path=C:\Eclipse Java\.metadata\.plugins\org.eclipse.swt\EBWebView\Default lastActive=2026-09-24T08:44:54.241Z
2026-09-26 10:47:46.139: [INFO] LastUsedProfileDir: C:\Eclipse Java\.metadata\.plugins\org.eclipse.swt\EBWebView\Default
2026-09-26 10:47:46.139: [INFO] MostRecentlyActiveProfile: name=Profile 1 path=C:\Eclipse Java\.metadata\.plugins\org.eclipse.swt\EBWebView\Default lastActive=2026-09-24T08:44:54.241Z
2026-09-26 10:47:46.139: [INFO] OnDoneLoading sync enabled: 0
2026-09-26 10:47:46.139: [INFO] BookmarkModelLoaded, ids_reassigned: 0
2026-09-26 10:47:46.139: [INFO] BookmarksLoadDropped droppedNodes=0
2026-09-26 10:47:46.139: [INFO] BookmarksSnapshot Startup total=0 bar=0 other=0 mobile=0 showBar=0 showBarNTP=1
2026-09-26 10:49:08.031: [INFO] BookmarksSnapshot Shutdown total=0 bar=0 other=0 mobile=0 showBar=0 showBarNTP=1
2026-09-26 10:49:34.304: [INFO] CurrentProfilePath: C:\Eclipse Java\.metadata\.plugins\org.eclipse.swt\EBWebView\Default
2026-09-26 10:49:34.304: [INFO] Profiles total count: 1
2026-09-26 10:49:34.304: [INFO] Profile: name=Profile 1 path=C:\Eclipse Java\.metadata\.plugins\org.eclipse.swt\EBWebView\Default lastActive=2026-09-24T08:44:54.241Z
2026-09-26 10:49:34.304: [INFO] LastUsedProfileDir: C:\Eclipse Java\.metadata\.plugins\org.eclipse.swt\EBWebView\Default
2026-09-26 10:49:34.304: [INFO] MostRecentlyActiveProfile: name=Profile 1 path=C:\Eclipse Java\.metadata\.plugins\org.eclipse.swt\EBWebView\Default lastActive=2026-09-24T08:44:54.241Z
2026-09-26 10:49:34.304: [INFO] OnDoneLoading sync enabled: 0
2026-09-26 10:49:34.304: [INFO] BookmarkModelLoaded, ids_reassigned: 0
2026-09-26 10:49:34.304: [INFO] BookmarksLoadDropped droppedNodes=0
2026-09-26 10:49:34.304: [INFO] BookmarksSnapshot Startup total=0 bar=0 other=0 mobile=0 showBar=0 showBarNTP=1
2026-09-26 11:14:40.604: [INFO] BookmarksSnapshot Shutdown total=0 bar=0 other=0 mobile=0 showBar=0 showBarNTP=1
2026-09-26 11:20:48.058: [INFO] CurrentProfilePath: C:\Eclipse Java\.metadata\.plugins\org.eclipse.swt\EBWebView\Default
2026-09-26 11:20:48.058: [INFO] Profiles total count: 1
2026-09-26 11:20:48.058: [INFO] Profile: name=Profile 1 path=C:\Eclipse Java\.metadata\.plugins\org.eclipse.swt\EBWebView\Default lastActive=2026-09-24T08:44:54.241Z
2026-09-26 11:20:48.058: [INFO] LastUsedProfileDir: C:\Eclipse Java\.metadata\.plugins\org.eclipse.swt\EBWebView\Default
2026-09-26 11:20:48.058: [INFO] MostRecentlyActiveProfile: name=Profile 1 path=C:\Eclipse Java\.metadata\.plugins\org.eclipse.swt\EBWebView\Default lastActive=2026-09-24T08:44:54.241Z
2026-09-26 11:20:48.058: [INFO] OnDoneLoading sync enabled: 0
2026-09-26 11:20:48.058: [INFO] BookmarkModelLoaded, ids_reassigned: 0
2026-09-26 11:20:48.058: [INFO] BookmarksLoadDropped droppedNodes=0
2026-09-26 11:20:48.058: [INFO] BookmarksSnapshot Startup total=0 bar=0 other=0 mobile=0 showBar=0 showBarNTP=1
2026-09-26 11:21:09.058: [INFO] BookmarksSnapshot Shutdown total=0 bar=0 other=0 mobile=0 showBar=0 showBarNTP=1
2026-09-26 11:34:36.018: [INFO] CurrentProfilePath: C:\Eclipse Java\.metadata\.plugins\org.eclipse.swt\EBWebView\Default
2026-09-26 11:34:36.018: [INFO] Profiles total count: 1
2026-09-26 11:34:36.018: [INFO] Profile: name=Profile 1 path=C:\Eclipse Java\.metadata\.plugins\org.eclipse.swt\EBWebView\Default lastActive=2026-09-26T11:21:04.815Z
2026-09-26 11:34:36.018: [INFO] LastUsedProfileDir: C:\Eclipse Java\.metadata\.plugins\org.eclipse.swt\EBWebView\Default
2026-09-26 11:34:36.018: [INFO] MostRecentlyActiveProfile: name=Profile 1 path=C:\Eclipse Java\.metadata\.plugins\org.eclipse.swt\EBWebView\Default lastActive=2026-09-26T11:21:04.815Z
2026-09-26 11:34:36.018: [INFO] OnDoneLoading sync enabled: 0
2026-09-26 11:34:36.018: [INFO] BookmarkModelLoaded, ids_reassigned: 0
2026-09-26 11:34:36.018: [INFO] BookmarksLoadDropped droppedNodes=0
2026-09-26 11:34:36.018: [INFO] BookmarksSnapshot Startup total=0 bar=0 other=0 mobile=0 showBar=0 showBarNTP=1
2026-09-26 11:41:02.716: [INFO] BookmarksSnapshot Shutdown total=0 bar=0 other=0 mobile=0 showBar=0 showBarNTP=1
2026-09-26 12:23:34.779: [INFO] CurrentProfilePath: C:\Eclipse Java\.metadata\.plugins\org.eclipse.swt\EBWebView\Default
2026-09-26 12:23:34.779: [INFO] Profiles total count: 1
2026-09-26 12:23:34.779: [INFO] Profile: name=Profile 1 path=C:\Eclipse Java\.metadata\.plugins\org.eclipse.swt\EBWebView\Default lastActive=2026-09-26T11:21:04.815Z
2026-09-26 12:23:34.779: [INFO] LastUsedProfileDir: C:\Eclipse Java\.metadata\.plugins\org.eclipse.swt\EBWebView\Default
2026-09-26 12:23:34.779: [INFO] MostRecentlyActiveProfile: name=Profile 1 path=C:\Eclipse Java\.metadata\.plugins\org.eclipse.swt\EBWebView\Default lastActive=2026-09-26T11:21:04.815Z
2026-09-26 12:23:34.779: [INFO] OnDoneLoading sync enabled: 0
2026-09-26 12:23:34.779: [INFO] BookmarkModelLoaded, ids_reassigned: 0
2026-09-26 12:23:34.779: [INFO] BookmarksLoadDropped droppedNodes=0
2026-09-26 12:23:34.779: [INFO] BookmarksSnapshot Startup total=0 bar=0 other=0 mobile=0 showBar=0 showBarNTP=1
2026-09-26 12:24:16.007: [INFO] BookmarksSnapshot Shutdown total=0 bar=0 other=0 mobile=0 showBar=0 showBarNTP=1
2026-09-26 15:32:59.944: [INFO] CurrentProfilePath: C:\Eclipse Java\.metadata\.plugins\org.eclipse.swt\EBWebView\Default
2026-09-26 15:32:59.944: [INFO] Profiles total count: 1
2026-09-26 15:32:59.945: [INFO] Profile: name=Profile 1 path=C:\Eclipse Java\.metadata\.plugins\org.eclipse.swt\EBWebView\Default lastActive=2026-09-26T11:21:04.815Z
2026-09-26 15:32:59.945: [INFO] LastUsedProfileDir: C:\Eclipse Java\.metadata\.plugins\org.eclipse.swt\EBWebView\Default
2026-09-26 15:32:59.945: [INFO] MostRecentlyActiveProfile: name=Profile 1 path=C:\Eclipse Java\.metadata\.plugins\org.eclipse.swt\EBWebView\Default lastActive=2026-09-26T11:21:04.815Z
2026-09-26 15:32:59.945: [INFO] OnDoneLoading sync enabled: 0
2026-09-26 15:32:59.945: [INFO] BookmarkModelLoaded, ids_reassigned: 0
2026-09-26 15:32:59.945: [INFO] BookmarksLoadDropped droppedNodes=0
2026-09-26 15:32:59.945: [INFO] BookmarksSnapshot Startup total=0 bar=0 other=0 mobile=0 showBar=0 showBarNTP=1
2026-09-26 15:34:18.494: [INFO] BookmarksSnapshot Shutdown total=0 bar=0 other=0 mobile=0 showBar=0 showBarNTP=1
2026-09-26 15:34:42.892: [INFO] CurrentProfilePath: C:\Eclipse Java\.metadata\.plugins\org.eclipse.swt\EBWebView\Default
2026-09-26 15:34:42.892: [INFO] Profiles total count: 1
2026-09-26 15:34:42.892: [INFO] Profile: name=Profile 1 path=C:\Eclipse Java\.metadata\.plugins\org.eclipse.swt\EBWebView\Default lastActive=2026-09-26T11:21:04.815Z
2026-09-26 15:34:42.892: [INFO] LastUsedProfileDir: C:\Eclipse Java\.metadata\.plugins\org.eclipse.swt\EBWebView\Default
2026-09-26 15:34:42.892: [INFO] MostRecentlyActiveProfile: name=Profile 1 path=C:\Eclipse Java\.metadata\.plugins\org.eclipse.swt\EBWebView\Default lastActive=2026-09-26T11:21:04.815Z
2026-09-26 15:34:42.892: [INFO] OnDoneLoading sync enabled: 0
2026-09-26 15:34:42.892: [INFO] BookmarkModelLoaded, ids_reassigned: 0
2026-09-26 15:34:42.892: [INFO] BookmarksLoadDropped droppedNodes=0
2026-09-26 15:34:42.892: [INFO] BookmarksSnapshot Startup total=0 bar=0 other=0 mobile=0 showBar=0 showBarNTP=1
2026-09-26 15:45:06.554: [INFO] BookmarksSnapshot Shutdown total=0 bar=0 other=0 mobile=0 showBar=0 showBarNTP=1
2026-09-26 17:34:02.346: [INFO] CurrentProfilePath: C:\Eclipse Java\.metadata\.plugins\org.eclipse.swt\EBWebView\Default
2026-09-26 17:34:02.346: [INFO] Profiles total count: 1
2026-09-26 17:34:02.346: [INFO] Profile: name=Profile 1 path=C:\Eclipse Java\.metadata\.plugins\org.eclipse.swt\EBWebView\Default lastActive=2026-09-26T11:21:04.815Z
2026-09-26 17:34:02.346: [INFO] LastUsedProfileDir: C:\Eclipse Java\.metadata\.plugins\org.eclipse.swt\EBWebView\Default
2026-09-26 17:34:02.346: [INFO] MostRecentlyActiveProfile: name=Profile 1 path=C:\Eclipse Java\.metadata\.plugins\org.eclipse.swt\EBWebView\Default lastActive=2026-09-26T11:21:04.815Z
2026-09-26 17:34:02.346: [INFO] OnDoneLoading sync enabled: 0
2026-09-26 17:34:02.346: [INFO] BookmarkModelLoaded, ids_reassigned: 0
2026-09-26 17:34:02.346: [INFO] BookmarksLoadDropped droppedNodes=0
2026-09-26 17:34:02.346: [INFO] BookmarksSnapshot Startup total=0 bar=0 other=0 mobile=0 showBar=0 showBarNTP=1
2026-09-26 17:58:17.590: [INFO] BookmarksSnapshot Shutdown total=0 bar=0 other=0 mobile=0 showBar=0 showBarNTP=1
2026-09-28 01:53:33.657: [INFO] CurrentProfilePath: C:\Eclipse Java\.metadata\.plugins\org.eclipse.swt\EBWebView\Default
2026-09-28 01:53:33.657: [INFO] Profiles total count: 1
2026-09-28 01:53:33.657: [INFO] Profile: name=Profile 1 path=C:\Eclipse Java\.metadata\.plugins\org.eclipse.swt\EBWebView\Default lastActive=2026-09-26T11:21:04.815Z
2026-09-28 01:53:33.657: [INFO] LastUsedProfileDir: C:\Eclipse Java\.metadata\.plugins\org.eclipse.swt\EBWebView\Default
2026-09-28 01:53:33.657: [INFO] MostRecentlyActiveProfile: name=Profile 1 path=C:\Eclipse Java\.metadata\.plugins\org.eclipse.swt\EBWebView\Default lastActive=2026-09-26T11:21:04.815Z
2026-09-28 01:53:33.657: [INFO] OnDoneLoading sync enabled: 0
2026-09-28 01:53:33.657: [INFO] BookmarkModelLoaded, ids_reassigned: 0
2026-09-28 01:53:33.657: [INFO] BookmarksLoadDropped droppedNodes=0
2026-09-28 01:53:33.657: [INFO] BookmarksSnapshot Startup total=0 bar=0 other=0 mobile=0 showBar=0 showBarNTP=1
2026-09-28 01:53:43.628: [INFO] BookmarksSnapshot Shutdown total=0 bar=0 other=0 mobile=0 showBar=0 showBarNTP=1
2026-09-28 01:54:20.820: [INFO] CurrentProfilePath: C:\Eclipse Java\.metadata\.plugins\org.eclipse.swt\EBWebView\Default
2026-09-28 01:54:20.820: [INFO] Profiles total count: 1
2026-09-28 01:54:20.820: [INFO] Profile: name=Profile 1 path=C:\Eclipse Java\.metadata\.plugins\org.eclipse.swt\EBWebView\Default lastActive=2026-09-26T11:21:04.815Z
2026-09-28 01:54:20.820: [INFO] LastUsedProfileDir: C:\Eclipse Java\.metadata\.plugins\org.eclipse.swt\EBWebView\Default
2026-09-28 01:54:20.820: [INFO] MostRecentlyActiveProfile: name=Profile 1 path=C:\Eclipse Java\.metadata\.plugins\org.eclipse.swt\EBWebView\Default lastActive=2026-09-26T11:21:04.815Z
2026-09-28 01:54:20.820: [INFO] OnDoneLoading sync enabled: 0
2026-09-28 01:54:20.820: [INFO] BookmarkModelLoaded, ids_reassigned: 0
2026-09-28 01:54:20.820: [INFO] BookmarksLoadDropped droppedNodes=0
2026-09-28 01:54:20.820: [INFO] BookmarksSnapshot Startup total=0 bar=0 other=0 mobile=0 showBar=0 showBarNTP=1
2026-09-28 01:56:19.785: [INFO] BookmarksSnapshot Shutdown total=0 bar=0 other=0 mobile=0 showBar=0 showBarNTP=1
2026-09-28 02:26:35.294: [INFO] CurrentProfilePath: C:\Eclipse Java\.metadata\.plugins\org.eclipse.swt\EBWebView\Default
2026-09-28 02:26:35.294: [INFO] Profiles total count: 1
2026-09-28 02:26:35.294: [INFO] Profile: name=Profile 1 path=C:\Eclipse Java\.metadata\.plugins\org.eclipse.swt\EBWebView\Default lastActive=2026-09-26T11:21:04.815Z
2026-09-28 02:26:35.294: [INFO] LastUsedProfileDir: C:\Eclipse Java\.metadata\.plugins\org.eclipse.swt\EBWebView\Default
2026-09-28 02:26:35.294: [INFO] MostRecentlyActiveProfile: name=Profile 1 path=C:\Eclipse Java\.metadata\.plugins\org.eclipse.swt\EBWebView\Default lastActive=2026-09-26T11:21:04.815Z
2026-09-28 02:26:35.294: [INFO] OnDoneLoading sync enabled: 0
2026-09-28 02:26:35.294: [INFO] BookmarkModelLoaded, ids_reassigned: 0
2026-09-28 02:26:35.294: [INFO] BookmarksLoadDropped droppedNodes=0
2026-09-28 02:26:35.294: [INFO] BookmarksSnapshot Startup total=0 bar=0 other=0 mobile=0 showBar=0 showBarNTP=1
2026-09-28 02:27:02.782: [INFO] BookmarksSnapshot Shutdown total=0 bar=0 other=0 mobile=0 showBar=0 showBarNTP=1
2026-09-28 03:08:09.445: [INFO] CurrentProfilePath: C:\Eclipse Java\.metadata\.plugins\org.eclipse.swt\EBWebView\Default
2026-09-28 03:08:09.445: [INFO] Profiles total count: 1
2026-09-28 03:08:09.445: [INFO] Profile: name=Profile 1 path=C:\Eclipse Java\.metadata\.plugins\org.eclipse.swt\EBWebView\Default lastActive=2026-09-26T11:21:04.815Z
2026-09-28 03:08:09.445: [INFO] LastUsedProfileDir: C:\Eclipse Java\.metadata\.plugins\org.eclipse.swt\EBWebView\Default
2026-09-28 03:08:09.445: [INFO] MostRecentlyActiveProfile: name=Profile 1 path=C:\Eclipse Java\.metadata\.plugins\org.eclipse.swt\EBWebView\Default lastActive=2026-09-26T11:21:04.815Z
2026-09-28 03:08:09.445: [INFO] OnDoneLoading sync enabled: 0
2026-09-28 03:08:09.445: [INFO] BookmarkModelLoaded, ids_reassigned: 0
2026-09-28 03:08:09.445: [INFO] BookmarksLoadDropped droppedNodes=0
2026-09-28 03:08:09.445: [INFO] BookmarksSnapshot Startup total=0 bar=0 other=0 mobile=0 showBar=0 showBarNTP=1
2026-09-28 03:08:11.935: [INFO] BookmarksSnapshot Shutdown total=0 bar=0 other=0 mobile=0 showBar=0 showBarNTP=1
2026-09-28 03:16:04.435: [INFO] CurrentProfilePath: C:\Eclipse Java\.metadata\.plugins\org.eclipse.swt\EBWebView\Default
2026-09-28 03:16:04.435: [INFO] Profiles total count: 1
2026-09-28 03:16:04.435: [INFO] Profile: name=Profile 1 path=C:\Eclipse Java\.metadata\.plugins\org.eclipse.swt\EBWebView\Default lastActive=2026-09-26T11:21:04.815Z
2026-09-28 03:16:04.435: [INFO] LastUsedProfileDir: C:\Eclipse Java\.metadata\.plugins\org.eclipse.swt\EBWebView\Default
2026-09-28 03:16:04.435: [INFO] MostRecentlyActiveProfile: name=Profile 1 path=C:\Eclipse Java\.metadata\.plugins\org.eclipse.swt\EBWebView\Default lastActive=2026-09-26T11:21:04.815Z
2026-09-28 03:16:04.435: [INFO] OnDoneLoading sync enabled: 0
2026-09-28 03:16:04.435: [INFO] BookmarkModelLoaded, ids_reassigned: 0
2026-09-28 03:16:04.435: [INFO] BookmarksLoadDropped droppedNodes=0
2026-09-28 03:16:04.435: [INFO] BookmarksSnapshot Startup total=0 bar=0 other=0 mobile=0 showBar=0 showBarNTP=1
2026-09-28 03:18:08.273: [INFO] BookmarksSnapshot Shutdown total=0 bar=0 other=0 mobile=0 showBar=0 showBarNTP=1
2026-09-28 03:22:32.511: [INFO] CurrentProfilePath: C:\Eclipse Java\.metadata\.plugins\org.eclipse.swt\EBWebView\Default
2026-09-28 03:22:32.511: [INFO] Profiles total count: 1
2026-09-28 03:22:32.511: [INFO] Profile: name=Profile 1 path=C:\Eclipse Java\.metadata\.plugins\org.eclipse.swt\EBWebView\Default lastActive=2026-09-26T11:21:04.815Z
2026-09-28 03:22:32.511: [INFO] LastUsedProfileDir: C:\Eclipse Java\.metadata\.plugins\org.eclipse.swt\EBWebView\Default
2026-09-28 03:22:32.511: [INFO] MostRecentlyActiveProfile: name=Profile 1 path=C:\Eclipse Java\.metadata\.plugins\org.eclipse.swt\EBWebView\Default lastActive=2026-09-26T11:21:04.815Z
2026-09-28 03:22:32.511: [INFO] OnDoneLoading sync enabled: 0
2026-09-28 03:22:32.511: [INFO] BookmarkModelLoaded, ids_reassigned: 0
2026-09-28 03:22:32.511: [INFO] BookmarksLoadDropped droppedNodes=0
2026-09-28 03:22:32.511: [INFO] BookmarksSnapshot Startup total=0 bar=0 other=0 mobile=0 showBar=0 showBarNTP=1
2026-09-28 03:40:34.733: [INFO] BookmarksSnapshot Shutdown total=0 bar=0 other=0 mobile=0 showBar=0 showBarNTP=1
2026-09-28 03:43:46.453: [INFO] CurrentProfilePath: C:\Eclipse Java\.metadata\.plugins\org.eclipse.swt\EBWebView\Default
2026-09-28 03:43:46.453: [INFO] Profiles total count: 1
2026-09-28 03:43:46.453: [INFO] Profile: name=Profile 1 path=C:\Eclipse Java\.metadata\.plugins\org.eclipse.swt\EBWebView\Default lastActive=2026-09-26T11:21:04.815Z
2026-09-28 03:43:46.453: [INFO] LastUsedProfileDir: C:\Eclipse Java\.metadata\.plugins\org.eclipse.swt\EBWebView\Default
2026-09-28 03:43:46.453: [INFO] MostRecentlyActiveProfile: name=Profile 1 path=C:\Eclipse Java\.metadata\.plugins\org.eclipse.swt\EBWebView\Default lastActive=2026-09-26T11:21:04.815Z
2026-09-28 03:43:46.453: [INFO] OnDoneLoading sync enabled: 0
2026-09-28 03:43:46.453: [INFO] BookmarkModelLoaded, ids_reassigned: 0
2026-09-28 03:43:46.453: [INFO] BookmarksLoadDropped droppedNodes=0
2026-09-28 03:43:46.453: [INFO] BookmarksSnapshot Startup total=0 bar=0 other=0 mobile=0 showBar=0 showBarNTP=1
2026-09-28 03:43:51.479: [INFO] BookmarksSnapshot Shutdown total=0 bar=0 other=0 mobile=0 showBar=0 showBarNTP=1
2026-09-28 03:44:01.606: [INFO] CurrentProfilePath: C:\Eclipse Java\.metadata\.plugins\org.eclipse.swt\EBWebView\Default
2026-09-28 03:44:01.606: [INFO] Profiles total count: 1
2026-09-28 03:44:01.606: [INFO] Profile: name=Profile 1 path=C:\Eclipse Java\.metadata\.plugins\org.eclipse.swt\EBWebView\Default lastActive=2026-09-26T11:21:04.815Z
2026-09-28 03:44:01.606: [INFO] LastUsedProfileDir: C:\Eclipse Java\.metadata\.plugins\org.eclipse.swt\EBWebView\Default
2026-09-28 03:44:01.606: [INFO] MostRecentlyActiveProfile: name=Profile 1 path=C:\Eclipse Java\.metadata\.plugins\org.eclipse.swt\EBWebView\Default lastActive=2026-09-26T11:21:04.815Z
2026-09-28 03:44:01.606: [INFO] OnDoneLoading sync enabled: 0
2026-09-28 03:44:01.606: [INFO] BookmarkModelLoaded, ids_reassigned: 0
2026-09-28 03:44:01.606: [INFO] BookmarksLoadDropped droppedNodes=0
2026-09-28 03:44:01.606: [INFO] BookmarksSnapshot Startup total=0 bar=0 other=0 mobile=0 showBar=0 showBarNTP=1
2026-09-28 03:44:04.651: [INFO] BookmarksSnapshot Shutdown total=0 bar=0 other=0 mobile=0 showBar=0 showBarNTP=1
2026-09-28 03:44:13.024: [INFO] CurrentProfilePath: C:\Eclipse Java\.metadata\.plugins\org.eclipse.swt\EBWebView\Default
2026-09-28 03:44:13.024: [INFO] Profiles total count: 1
2026-09-28 03:44:13.024: [INFO] Profile: name=Profile 1 path=C:\Eclipse Java\.metadata\.plugins\org.eclipse.swt\EBWebView\Default lastActive=2026-09-26T11:21:04.815Z
2026-09-28 03:44:13.024: [INFO] LastUsedProfileDir: C:\Eclipse Java\.metadata\.plugins\org.eclipse.swt\EBWebView\Default
2026-09-28 03:44:13.024: [INFO] MostRecentlyActiveProfile: name=Profile 1 path=C:\Eclipse Java\.metadata\.plugins\org.eclipse.swt\EBWebView\Default lastActive=2026-09-26T11:21:04.815Z
2026-09-28 03:44:13.024: [INFO] OnDoneLoading sync enabled: 0
2026-09-28 03:44:13.024: [INFO] BookmarkModelLoaded, ids_reassigned: 0
2026-09-28 03:44:13.024: [INFO] BookmarksLoadDropped droppedNodes=0
2026-09-28 03:44:13.024: [INFO] BookmarksSnapshot Startup total=0 bar=0 other=0 mobile=0 showBar=0 showBarNTP=1
2026-09-28 05:54:14.340: [INFO] BookmarksSnapshot Shutdown total=0 bar=0 other=0 mobile=0 showBar=0 showBarNTP=1
2026-09-28 11:50:43.256: [INFO] CurrentProfilePath: C:\Eclipse Java\.metadata\.plugins\org.eclipse.swt\EBWebView\Default
2026-09-28 11:50:43.256: [INFO] Profiles total count: 1
2026-09-28 11:50:43.256: [INFO] Profile: name=Profile 1 path=C:\Eclipse Java\.metadata\.plugins\org.eclipse.swt\EBWebView\Default lastActive=2026-09-28T11:33:27.372Z
2026-09-28 11:50:43.256: [INFO] LastUsedProfileDir: C:\Eclipse Java\.metadata\.plugins\org.eclipse.swt\EBWebView\Default
2026-09-28 11:50:43.256: [INFO] MostRecentlyActiveProfile: name=Profile 1 path=C:\Eclipse Java\.metadata\.plugins\org.eclipse.swt\EBWebView\Default lastActive=2026-09-28T11:33:27.372Z
2026-09-28 11:50:43.256: [INFO] OnDoneLoading sync enabled: 0
2026-09-28 11:50:43.256: [INFO] BookmarkModelLoaded, ids_reassigned: 0
2026-09-28 11:50:43.256: [INFO] BookmarksLoadDropped droppedNodes=0
2026-09-28 11:50:43.256: [INFO] BookmarksSnapshot Startup total=0 bar=0 other=0 mobile=0 showBar=0 showBarNTP=1
2026-09-28 11:51:02.742: [INFO] BookmarksSnapshot Shutdown total=0 bar=0 other=0 mobile=0 showBar=0 showBarNTP=1
2026-09-28 11:51:22.582: [INFO] CurrentProfilePath: C:\Eclipse Java\.metadata\.plugins\org.eclipse.swt\EBWebView\Default
2026-09-28 11:51:22.582: [INFO] Profiles total count: 1
2026-09-28 11:51:22.582: [INFO] Profile: name=Profile 1 path=C:\Eclipse Java\.metadata\.plugins\org.eclipse.swt\EBWebView\Default lastActive=2026-09-28T11:33:27.372Z
2026-09-28 11:51:22.582: [INFO] LastUsedProfileDir: C:\Eclipse Java\.metadata\.plugins\org.eclipse.swt\EBWebView\Default
2026-09-28 11:51:22.582: [INFO] MostRecentlyActiveProfile: name=Profile 1 path=C:\Eclipse Java\.metadata\.plugins\org.eclipse.swt\EBWebView\Default lastActive=2026-09-28T11:33:27.372Z
2026-09-28 11:51:22.582: [INFO] OnDoneLoading sync enabled: 0
2026-09-28 11:51:22.582: [INFO] BookmarkModelLoaded, ids_reassigned: 0
2026-09-28 11:51:22.582: [INFO] BookmarksLoadDropped droppedNodes=0
2026-09-28 11:51:22.582: [INFO] BookmarksSnapshot Startup total=0 bar=0 other=0 mobile=0 showBar=0 showBarNTP=1
2026-09-28 11:51:30.065: [INFO] BookmarksSnapshot Shutdown total=0 bar=0 other=0 mobile=0 showBar=0 showBarNTP=1
2026-09-28 11:53:27.963: [INFO] CurrentProfilePath: C:\Eclipse Java\.metadata\.plugins\org.eclipse.swt\EBWebView\Default
2026-09-28 11:53:27.963: [INFO] Profiles total count: 1
2026-09-28 11:53:27.963: [INFO] Profile: name=Profile 1 path=C:\Eclipse Java\.metadata\.plugins\org.eclipse.swt\EBWebView\Default lastActive=2026-09-28T11:33:27.372Z
2026-09-28 11:53:27.963: [INFO] LastUsedProfileDir: C:\Eclipse Java\.metadata\.plugins\org.eclipse.swt\EBWebView\Default
2026-09-28 11:53:27.963: [INFO] MostRecentlyActiveProfile: name=Profile 1 path=C:\Eclipse Java\.metadata\.plugins\org.eclipse.swt\EBWebView\Default lastActive=2026-09-28T11:33:27.372Z
2026-09-28 11:53:27.963: [INFO] OnDoneLoading sync enabled: 0
2026-09-28 11:53:27.963: [INFO] BookmarkModelLoaded, ids_reassigned: 0
2026-09-28 11:53:27.963: [INFO] BookmarksLoadDropped droppedNodes=0
2026-09-28 11:53:27.963: [INFO] BookmarksSnapshot Startup total=0 bar=0 other=0 mobile=0 showBar=0 showBarNTP=1
2026-09-28 11:53:32.695: [INFO] BookmarksSnapshot Shutdown total=0 bar=0 other=0 mobile=0 showBar=0 showBarNTP=1
2026-09-28 11:54:20.152: [INFO] CurrentProfilePath: C:\Eclipse Java\.metadata\.plugins\org.eclipse.swt\EBWebView\Default
2026-09-28 11:54:20.152: [INFO] Profiles total count: 1
2026-09-28 11:54:20.152: [INFO] Profile: name=Profile 1 path=C:\Eclipse Java\.metadata\.plugins\org.eclipse.swt\EBWebView\Default lastActive=2026-09-28T11:33:27.372Z
2026-09-28 11:54:20.152: [INFO] LastUsedProfileDir: C:\Eclipse Java\.metadata\.plugins\org.eclipse.swt\EBWebView\Default
2026-09-28 11:54:20.152: [INFO] MostRecentlyActiveProfile: name=Profile 1 path=C:\Eclipse Java\.metadata\.plugins\org.eclipse.swt\EBWebView\Default lastActive=2026-09-28T11:33:27.372Z
2026-09-28 11:54:20.152: [INFO] OnDoneLoading sync enabled: 0
2026-09-28 11:54:20.152: [INFO] BookmarkModelLoaded, ids_reassigned: 0
2026-09-28 11:54:20.152: [INFO] BookmarksLoadDropped droppedNodes=0
2026-09-28 11:54:20.152: [INFO] BookmarksSnapshot Startup total=0 bar=0 other=0 mobile=0 showBar=0 showBarNTP=1
2026-09-28 11:54:30.945: [INFO] BookmarksSnapshot Shutdown total=0 bar=0 other=0 mobile=0 showBar=0 showBarNTP=1
2026-09-28 12:02:05.322: [INFO] CurrentProfilePath: C:\Eclipse Java\.metadata\.plugins\org.eclipse.swt\EBWebView\Default
2026-09-28 12:02:05.322: [INFO] Profiles total count: 1
2026-09-28 12:02:05.322: [INFO] Profile: name=Profile 1 path=C:\Eclipse Java\.metadata\.plugins\org.eclipse.swt\EBWebView\Default lastActive=2026-09-28T11:33:27.372Z
2026-09-28 12:02:05.322: [INFO] LastUsedProfileDir: C:\Eclipse Java\.metadata\.plugins\org.eclipse.swt\EBWebView\Default
2026-09-28 12:02:05.322: [INFO] MostRecentlyActiveProfile: name=Profile 1 path=C:\Eclipse Java\.metadata\.plugins\org.eclipse.swt\EBWebView\Default lastActive=2026-09-28T11:33:27.372Z
2026-09-28 12:02:05.322: [INFO] OnDoneLoading sync enabled: 0
2026-09-28 12:02:05.322: [INFO] BookmarkModelLoaded, ids_reassigned: 0
2026-09-28 12:02:05.322: [INFO] BookmarksLoadDropped droppedNodes=0
2026-09-28 12:02:05.322: [INFO] BookmarksSnapshot Startup total=0 bar=0 other=0 mobile=0 showBar=0 showBarNTP=1
2026-09-28 12:22:55.708: [INFO] BookmarksSnapshot Shutdown total=0 bar=0 other=0 mobile=0 showBar=0 showBarNTP=1
2026-09-28 12:25:20.071: [INFO] CurrentProfilePath: C:\Eclipse Java\.metadata\.plugins\org.eclipse.swt\EBWebView\Default
2026-09-28 12:25:20.071: [INFO] Profiles total count: 1
2026-09-28 12:25:20.071: [INFO] Profile: name=Profile 1 path=C:\Eclipse Java\.metadata\.plugins\org.eclipse.swt\EBWebView\Default lastActive=2026-09-28T11:33:27.372Z
2026-09-28 12:25:20.071: [INFO] LastUsedProfileDir: C:\Eclipse Java\.metadata\.plugins\org.eclipse.swt\EBWebView\Default
2026-09-28 12:25:20.071: [INFO] MostRecentlyActiveProfile: name=Profile 1 path=C:\Eclipse Java\.metadata\.plugins\org.eclipse.swt\EBWebView\Default lastActive=2026-09-28T11:33:27.372Z
2026-09-28 12:25:20.071: [INFO] OnDoneLoading sync enabled: 0
2026-09-28 12:25:20.071: [INFO] BookmarkModelLoaded, ids_reassigned: 0
2026-09-28 12:25:20.071: [INFO] BookmarksLoadDropped droppedNodes=0
2026-09-28 12:25:20.071: [INFO] BookmarksSnapshot Startup total=0 bar=0 other=0 mobile=0 showBar=0 showBarNTP=1
2026-09-28 12:26:29.751: [INFO] BookmarksSnapshot Shutdown total=0 bar=0 other=0 mobile=0 showBar=0 showBarNTP=1
2026-09-28 12:39:31.296: [INFO] CurrentProfilePath: C:\Eclipse Java\.metadata\.plugins\org.eclipse.swt\EBWebView\Default
2026-09-28 12:39:31.296: [INFO] Profiles total count: 1
2026-09-28 12:39:31.296: [INFO] Profile: name=Profile 1 path=C:\Eclipse Java\.metadata\.plugins\org.eclipse.swt\EBWebView\Default lastActive=2026-09-28T11:33:27.372Z
2026-09-28 12:39:31.296: [INFO] LastUsedProfileDir: C:\Eclipse Java\.metadata\.plugins\org.eclipse.swt\EBWebView\Default
2026-09-28 12:39:31.296: [INFO] MostRecentlyActiveProfile: name=Profile 1 path=C:\Eclipse Java\.metadata\.plugins\org.eclipse.swt\EBWebView\Default lastActive=2026-09-28T11:33:27.372Z
2026-09-28 12:39:31.296: [INFO] OnDoneLoading sync enabled: 0
2026-09-28 12:39:31.296: [INFO] BookmarkModelLoaded, ids_reassigned: 0
2026-09-28 12:39:31.296: [INFO] BookmarksLoadDropped droppedNodes=0
2026-09-28 12:39:31.296: [INFO] BookmarksSnapshot Startup total=0 bar=0 other=0 mobile=0 showBar=0 showBarNTP=1
2026-09-28 12:49:14.780: [INFO] BookmarksSnapshot Shutdown total=0 bar=0 other=0 mobile=0 showBar=0 showBarNTP=1
2026-09-28 12:50:58.904: [INFO] CurrentProfilePath: C:\Eclipse Java\.metadata\.plugins\org.eclipse.swt\EBWebView\Default
2026-09-28 12:50:58.904: [INFO] Profiles total count: 1
2026-09-28 12:50:58.904: [INFO] Profile: name=Profile 1 path=C:\Eclipse Java\.metadata\.plugins\org.eclipse.swt\EBWebView\Default lastActive=2026-09-28T11:33:27.372Z
2026-09-28 12:50:58.904: [INFO] LastUsedProfileDir: C:\Eclipse Java\.metadata\.plugins\org.eclipse.swt\EBWebView\Default
2026-09-28 12:50:58.904: [INFO] MostRecentlyActiveProfile: name=Profile 1 path=C:\Eclipse Java\.metadata\.plugins\org.eclipse.swt\EBWebView\Default lastActive=2026-09-28T11:33:27.372Z
2026-09-28 12:50:58.904: [INFO] OnDoneLoading sync enabled: 0
2026-09-28 12:50:58.904: [INFO] BookmarkModelLoaded, ids_reassigned: 0
2026-09-28 12:50:58.904: [INFO] BookmarksLoadDropped droppedNodes=0
2026-09-28 12:50:58.904: [INFO] BookmarksSnapshot Startup total=0 bar=0 other=0 mobile=0 showBar=0 showBarNTP=1
2026-09-28 13:46:42.735: [INFO] BookmarksSnapshot Shutdown total=0 bar=0 other=0 mobile=0 showBar=0 showBarNTP=1
2026-09-29 07:14:05.949: [INFO] CurrentProfilePath: C:\Eclipse Java\.metadata\.plugins\org.eclipse.swt\EBWebView\Default
2026-09-29 07:14:05.949: [INFO] Profiles total count: 1
2026-09-29 07:14:05.949: [INFO] Profile: name=Profile 1 path=C:\Eclipse Java\.metadata\.plugins\org.eclipse.swt\EBWebView\Default lastActive=2026-09-28T11:33:27.372Z
2026-09-29 07:14:05.949: [INFO] LastUsedProfileDir: C:\Eclipse Java\.metadata\.plugins\org.eclipse.swt\EBWebView\Default
2026-09-29 07:14:05.949: [INFO] MostRecentlyActiveProfile: name=Profile 1 path=C:\Eclipse Java\.metadata\.plugins\org.eclipse.swt\EBWebView\Default lastActive=2026-09-28T11:33:27.372Z
2026-09-29 07:14:05.949: [INFO] OnDoneLoading sync enabled: 0
2026-09-29 07:14:05.949: [INFO] BookmarkModelLoaded, ids_reassigned: 0
2026-09-29 07:14:05.949: [INFO] BookmarksLoadDropped droppedNodes=0
2026-09-29 07:14:05.949: [INFO] BookmarksSnapshot Startup total=0 bar=0 other=0 mobile=0 showBar=0 showBarNTP=1
2026-09-29 07:15:08.953: [INFO] BookmarksSnapshot Shutdown total=0 bar=0 other=0 mobile=0 showBar=0 showBarNTP=1
2026-09-29 07:17:02.936: [INFO] CurrentProfilePath: C:\Eclipse Java\.metadata\.plugins\org.eclipse.swt\EBWebView\Default
2026-09-29 07:17:02.936: [INFO] Profiles total count: 1
2026-09-29 07:17:02.936: [INFO] Profile: name=Profile 1 path=C:\Eclipse Java\.metadata\.plugins\org.eclipse.swt\EBWebView\Default lastActive=2026-09-28T11:33:27.372Z
2026-09-29 07:17:02.936: [INFO] LastUsedProfileDir: C:\Eclipse Java\.metadata\.plugins\org.eclipse.swt\EBWebView\Default
2026-09-29 07:17:02.936: [INFO] MostRecentlyActiveProfile: name=Profile 1 path=C:\Eclipse Java\.metadata\.plugins\org.eclipse.swt\EBWebView\Default lastActive=2026-09-28T11:33:27.372Z
2026-09-29 07:17:02.936: [INFO] OnDoneLoading sync enabled: 0
2026-09-29 07:17:02.936: [INFO] BookmarkModelLoaded, ids_reassigned: 0
2026-09-29 07:17:02.936: [INFO] BookmarksLoadDropped droppedNodes=0
2026-09-29 07:17:02.936: [INFO] BookmarksSnapshot Startup total=0 bar=0 other=0 mobile=0 showBar=0 showBarNTP=1
2026-09-29 07:19:13.880: [INFO] BookmarksSnapshot Shutdown total=0 bar=0 other=0 mobile=0 showBar=0 showBarNTP=1
2026-09-29 07:22:03.863: [INFO] CurrentProfilePath: C:\Eclipse Java\.metadata\.plugins\org.eclipse.swt\EBWebView\Default
2026-09-29 07:22:03.863: [INFO] Profiles total count: 1
2026-09-29 07:22:03.863: [INFO] Profile: name=Profile 1 path=C:\Eclipse Java\.metadata\.plugins\org.eclipse.swt\EBWebView\Default lastActive=2026-09-28T11:33:27.372Z
2026-09-29 07:22:03.863: [INFO] LastUsedProfileDir: C:\Eclipse Java\.metadata\.plugins\org.eclipse.swt\EBWebView\Default
2026-09-29 07:22:03.863: [INFO] MostRecentlyActiveProfile: name=Profile 1 path=C:\Eclipse Java\.metadata\.plugins\org.eclipse.swt\EBWebView\Default lastActive=2026-09-28T11:33:27.372Z
2026-09-29 07:22:03.863: [INFO] OnDoneLoading sync enabled: 0
2026-09-29 07:22:03.863: [INFO] BookmarkModelLoaded, ids_reassigned: 0
2026-09-29 07:22:03.863: [INFO] BookmarksLoadDropped droppedNodes=0
2026-09-29 07:22:03.863: [INFO] BookmarksSnapshot Startup total=0 bar=0 other=0 mobile=0 showBar=0 showBarNTP=1
2026-09-29 07:24:43.110: [INFO] BookmarksSnapshot Shutdown total=0 bar=0 other=0 mobile=0 showBar=0 showBarNTP=1
2026-09-29 07:24:46.665: [INFO] CurrentProfilePath: C:\Eclipse Java\.metadata\.plugins\org.eclipse.swt\EBWebView\Default
2026-09-29 07:24:46.665: [INFO] Profiles total count: 1
2026-09-29 07:24:46.665: [INFO] Profile: name=Profile 1 path=C:\Eclipse Java\.metadata\.plugins\org.eclipse.swt\EBWebView\Default lastActive=2026-09-28T11:33:27.372Z
2026-09-29 07:24:46.665: [INFO] LastUsedProfileDir: C:\Eclipse Java\.metadata\.plugins\org.eclipse.swt\EBWebView\Default
2026-09-29 07:24:46.665: [INFO] MostRecentlyActiveProfile: name=Profile 1 path=C:\Eclipse Java\.metadata\.plugins\org.eclipse.swt\EBWebView\Default lastActive=2026-09-28T11:33:27.372Z
2026-09-29 07:24:46.665: [INFO] OnDoneLoading sync enabled: 0
2026-09-29 07:24:46.665: [INFO] BookmarkModelLoaded, ids_reassigned: 0
2026-09-29 07:24:46.665: [INFO] BookmarksLoadDropped droppedNodes=0
2026-09-29 07:24:46.665: [INFO] BookmarksSnapshot Startup total=0 bar=0 other=0 mobile=0 showBar=0 showBarNTP=1
2026-09-29 07:25:25.725: [INFO] BookmarksSnapshot Shutdown total=0 bar=0 other=0 mobile=0 showBar=0 showBarNTP=1
2026-09-29 07:26:33.441: [INFO] CurrentProfilePath: C:\Eclipse Java\.metadata\.plugins\org.eclipse.swt\EBWebView\Default
2026-09-29 07:26:33.441: [INFO] Profiles total count: 1
2026-09-29 07:26:33.441: [INFO] Profile: name=Profile 1 path=C:\Eclipse Java\.metadata\.plugins\org.eclipse.swt\EBWebView\Default lastActive=2026-09-28T11:33:27.372Z
2026-09-29 07:26:33.441: [INFO] LastUsedProfileDir: C:\Eclipse Java\.metadata\.plugins\org.eclipse.swt\EBWebView\Default
2026-09-29 07:26:33.441: [INFO] MostRecentlyActiveProfile: name=Profile 1 path=C:\Eclipse Java\.metadata\.plugins\org.eclipse.swt\EBWebView\Default lastActive=2026-09-28T11:33:27.372Z
2026-09-29 07:26:33.441: [INFO] OnDoneLoading sync enabled: 0
2026-09-29 07:26:33.441: [INFO] BookmarkModelLoaded, ids_reassigned: 0
2026-09-29 07:26:33.441: [INFO] BookmarksLoadDropped droppedNodes=0
2026-09-29 07:26:33.441: [INFO] BookmarksSnapshot Startup total=0 bar=0 other=0 mobile=0 showBar=0 showBarNTP=1
2026-09-29 07:27:38.157: [INFO] BookmarksSnapshot Shutdown total=0 bar=0 other=0 mobile=0 showBar=0 showBarNTP=1
2026-09-29 07:32:42.966: [INFO] CurrentProfilePath: C:\Eclipse Java\.metadata\.plugins\org.eclipse.swt\EBWebView\Default
2026-09-29 07:32:42.966: [INFO] Profiles total count: 1
2026-09-29 07:32:42.966: [INFO] Profile: name=Profile 1 path=C:\Eclipse Java\.metadata\.plugins\org.eclipse.swt\EBWebView\Default lastActive=2026-09-28T11:33:27.372Z
2026-09-29 07:32:42.966: [INFO] LastUsedProfileDir: C:\Eclipse Java\.metadata\.plugins\org.eclipse.swt\EBWebView\Default
2026-09-29 07:32:42.966: [INFO] MostRecentlyActiveProfile: name=Profile 1 path=C:\Eclipse Java\.metadata\.plugins\org.eclipse.swt\EBWebView\Default lastActive=2026-09-28T11:33:27.372Z
2026-09-29 07:32:42.966: [INFO] OnDoneLoading sync enabled: 0
2026-09-29 07:32:42.966: [INFO] BookmarkModelLoaded, ids_reassigned: 0
2026-09-29 07:32:42.966: [INFO] BookmarksLoadDropped droppedNodes=0
2026-09-29 07:32:42.966: [INFO] BookmarksSnapshot Startup total=0 bar=0 other=0 mobile=0 showBar=0 showBarNTP=1
2026-09-29 07:36:30.107: [INFO] BookmarksSnapshot Shutdown total=0 bar=0 other=0 mobile=0 showBar=0 showBarNTP=1
2026-09-29 07:50:27.416: [INFO] CurrentProfilePath: C:\Eclipse Java\.metadata\.plugins\org.eclipse.swt\EBWebView\Default
2026-09-29 07:50:27.416: [INFO] Profiles total count: 1
2026-09-29 07:50:27.416: [INFO] Profile: name=Profile 1 path=C:\Eclipse Java\.metadata\.plugins\org.eclipse.swt\EBWebView\Default lastActive=2026-09-28T11:33:27.372Z
2026-09-29 07:50:27.416: [INFO] LastUsedProfileDir: C:\Eclipse Java\.metadata\.plugins\org.eclipse.swt\EBWebView\Default
2026-09-29 07:50:27.416: [INFO] MostRecentlyActiveProfile: name=Profile 1 path=C:\Eclipse Java\.metadata\.plugins\org.eclipse.swt\EBWebView\Default lastActive=2026-09-28T11:33:27.372Z
2026-09-29 07:50:27.416: [INFO] OnDoneLoading sync enabled: 0
2026-09-29 07:50:27.416: [INFO] BookmarkModelLoaded, ids_reassigned: 0
2026-09-29 07:50:27.416: [INFO] BookmarksLoadDropped droppedNodes=0
2026-09-29 07:50:27.416: [INFO] BookmarksSnapshot Startup total=0 bar=0 other=0 mobile=0 showBar=0 showBarNTP=1
2026-09-29 07:54:23.927: [INFO] BookmarksSnapshot Shutdown total=0 bar=0 other=0 mobile=0 showBar=0 showBarNTP=1
2026-09-29 07:58:58.686: [INFO] CurrentProfilePath: C:\Eclipse Java\.metadata\.plugins\org.eclipse.swt\EBWebView\Default
2026-09-29 07:58:58.686: [INFO] Profiles total count: 1
2026-09-29 07:58:58.687: [INFO] Profile: name=Profile 1 path=C:\Eclipse Java\.metadata\.plugins\org.eclipse.swt\EBWebView\Default lastActive=2026-09-28T11:33:27.372Z
2026-09-29 07:58:58.687: [INFO] LastUsedProfileDir: C:\Eclipse Java\.metadata\.plugins\org.eclipse.swt\EBWebView\Default
2026-09-29 07:58:58.687: [INFO] MostRecentlyActiveProfile: name=Profile 1 path=C:\Eclipse Java\.metadata\.plugins\org.eclipse.swt\EBWebView\Default lastActive=2026-09-28T11:33:27.372Z
2026-09-29 07:58:58.687: [INFO] OnDoneLoading sync enabled: 0
2026-09-29 07:58:58.687: [INFO] BookmarkModelLoaded, ids_reassigned: 0
2026-09-29 07:58:58.687: [INFO] BookmarksLoadDropped droppedNodes=0
2026-09-29 07:58:58.687: [INFO] BookmarksSnapshot Startup total=0 bar=0 other=0 mobile=0 showBar=0 showBarNTP=1
2026-09-29 08:34:59.937: [INFO] BookmarksSnapshot Shutdown total=0 bar=0 other=0 mobile=0 showBar=0 showBarNTP=1
2026-09-29 08:40:41.483: [INFO] CurrentProfilePath: C:\Eclipse Java\.metadata\.plugins\org.eclipse.swt\EBWebView\Default
2026-09-29 08:40:41.483: [INFO] Profiles total count: 1
2026-09-29 08:40:41.483: [INFO] Profile: name=Profile 1 path=C:\Eclipse Java\.metadata\.plugins\org.eclipse.swt\EBWebView\Default lastActive=2026-09-28T11:33:27.372Z
2026-09-29 08:40:41.483: [INFO] LastUsedProfileDir: C:\Eclipse Java\.metadata\.plugins\org.eclipse.swt\EBWebView\Default
2026-09-29 08:40:41.483: [INFO] MostRecentlyActiveProfile: name=Profile 1 path=C:\Eclipse Java\.metadata\.plugins\org.eclipse.swt\EBWebView\Default lastActive=2026-09-28T11:33:27.372Z
2026-09-29 08:40:41.483: [INFO] OnDoneLoading sync enabled: 0
2026-09-29 08:40:41.483: [INFO] BookmarkModelLoaded, ids_reassigned: 0
2026-09-29 08:40:41.483: [INFO] BookmarksLoadDropped droppedNodes=0
2026-09-29 08:40:41.483: [INFO] BookmarksSnapshot Startup total=0 bar=0 other=0 mobile=0 showBar=0 showBarNTP=1
2026-09-29 08:42:56.893: [INFO] BookmarksSnapshot Shutdown total=0 bar=0 other=0 mobile=0 showBar=0 showBarNTP=1
2026-09-29 08:47:12.268: [INFO] CurrentProfilePath: C:\Eclipse Java\.metadata\.plugins\org.eclipse.swt\EBWebView\Default
2026-09-29 08:47:12.268: [INFO] Profiles total count: 1
2026-09-29 08:47:12.268: [INFO] Profile: name=Profile 1 path=C:\Eclipse Java\.metadata\.plugins\org.eclipse.swt\EBWebView\Default lastActive=2026-09-28T11:33:27.372Z
2026-09-29 08:47:12.268: [INFO] LastUsedProfileDir: C:\Eclipse Java\.metadata\.plugins\org.eclipse.swt\EBWebView\Default
2026-09-29 08:47:12.268: [INFO] MostRecentlyActiveProfile: name=Profile 1 path=C:\Eclipse Java\.metadata\.plugins\org.eclipse.swt\EBWebView\Default lastActive=2026-09-28T11:33:27.372Z
2026-09-29 08:47:12.268: [INFO] OnDoneLoading sync enabled: 0
2026-09-29 08:47:12.268: [INFO] BookmarkModelLoaded, ids_reassigned: 0
2026-09-29 08:47:12.268: [INFO] BookmarksLoadDropped droppedNodes=0
2026-09-29 08:47:12.268: [INFO] BookmarksSnapshot Startup total=0 bar=0 other=0 mobile=0 showBar=0 showBarNTP=1
2026-09-29 13:27:32.669: [INFO] BookmarksSnapshot Shutdown total=0 bar=0 other=0 mobile=0 showBar=0 showBarNTP=1
2026-09-29 17:29:14.810: [INFO] CurrentProfilePath: C:\Eclipse Java\.metadata\.plugins\org.eclipse.swt\EBWebView\Default
2026-09-29 17:29:14.811: [INFO] Profiles total count: 1
2026-09-29 17:29:14.811: [INFO] Profile: name=Profile 1 path=C:\Eclipse Java\.metadata\.plugins\org.eclipse.swt\EBWebView\Default lastActive=2026-09-28T11:33:27.372Z
2026-09-29 17:29:14.811: [INFO] LastUsedProfileDir: C:\Eclipse Java\.metadata\.plugins\org.eclipse.swt\EBWebView\Default
2026-09-29 17:29:14.811: [INFO] MostRecentlyActiveProfile: name=Profile 1 path=C:\Eclipse Java\.metadata\.plugins\org.eclipse.swt\EBWebView\Default lastActive=2026-09-28T11:33:27.372Z
2026-09-29 17:29:14.811: [INFO] OnDoneLoading sync enabled: 0
2026-09-29 17:29:14.811: [INFO] BookmarkModelLoaded, ids_reassigned: 0
2026-09-29 17:29:14.811: [INFO] BookmarksLoadDropped droppedNodes=0
2026-09-29 17:29:14.811: [INFO] BookmarksSnapshot Startup total=0 bar=0 other=0 mobile=0 showBar=0 showBarNTP=1
2026-09-29 17:40:37.320: [INFO] BookmarksSnapshot Shutdown total=0 bar=0 other=0 mobile=0 showBar=0 showBarNTP=1
2026-09-29 17:47:36.447: [INFO] CurrentProfilePath: C:\Eclipse Java\.metadata\.plugins\org.eclipse.swt\EBWebView\Default
2026-09-29 17:47:36.447: [INFO] Profiles total count: 1
2026-09-29 17:47:36.447: [INFO] Profile: name=Profile 1 path=C:\Eclipse Java\.metadata\.plugins\org.eclipse.swt\EBWebView\Default lastActive=2026-09-28T11:33:27.372Z
2026-09-29 17:47:36.447: [INFO] LastUsedProfileDir: C:\Eclipse Java\.metadata\.plugins\org.eclipse.swt\EBWebView\Default
2026-09-29 17:47:36.447: [INFO] MostRecentlyActiveProfile: name=Profile 1 path=C:\Eclipse Java\.metadata\.plugins\org.eclipse.swt\EBWebView\Default lastActive=2026-09-28T11:33:27.372Z
2026-09-29 17:47:36.447: [INFO] OnDoneLoading sync enabled: 0
2026-09-29 17:47:36.447: [INFO] BookmarkModelLoaded, ids_reassigned: 0
2026-09-29 17:47:36.447: [INFO] BookmarksLoadDropped droppedNodes=0
2026-09-29 17:47:36.447: [INFO] BookmarksSnapshot Startup total=0 bar=0 other=0 mobile=0 showBar=0 showBarNTP=1
2026-09-29 17:48:26.957: [INFO] BookmarksSnapshot Shutdown total=0 bar=0 other=0 mobile=0 showBar=0 showBarNTP=1
2026-09-29 17:57:44.692: [INFO] CurrentProfilePath: C:\Eclipse Java\.metadata\.plugins\org.eclipse.swt\EBWebView\Default
2026-09-29 17:57:44.692: [INFO] Profiles total count: 1
2026-09-29 17:57:44.692: [INFO] Profile: name=Profile 1 path=C:\Eclipse Java\.metadata\.plugins\org.eclipse.swt\EBWebView\Default lastActive=2026-09-28T11:33:27.372Z
2026-09-29 17:57:44.692: [INFO] LastUsedProfileDir: C:\Eclipse Java\.metadata\.plugins\org.eclipse.swt\EBWebView\Default
2026-09-29 17:57:44.692: [INFO] MostRecentlyActiveProfile: name=Profile 1 path=C:\Eclipse Java\.metadata\.plugins\org.eclipse.swt\EBWebView\Default lastActive=2026-09-28T11:33:27.372Z
2026-09-29 17:57:44.692: [INFO] OnDoneLoading sync enabled: 0
2026-09-29 17:57:44.692: [INFO] BookmarkModelLoaded, ids_reassigned: 0
2026-09-29 17:57:44.692: [INFO] BookmarksLoadDropped droppedNodes=0
2026-09-29 17:57:44.692: [INFO] BookmarksSnapshot Startup total=0 bar=0 other=0 mobile=0 showBar=0 showBarNTP=1
2026-09-29 18:19:51.151: [INFO] BookmarksSnapshot Shutdown total=0 bar=0 other=0 mobile=0 showBar=0 showBarNTP=1
2026-09-30 02:36:08.592: [INFO] CurrentProfilePath: C:\Eclipse Java\.metadata\.plugins\org.eclipse.swt\EBWebView\Default
2026-09-30 02:36:08.592: [INFO] Profiles total count: 1
2026-09-30 02:36:08.592: [INFO] Profile: name=Profile 1 path=C:\Eclipse Java\.metadata\.plugins\org.eclipse.swt\EBWebView\Default lastActive=2026-09-28T11:33:27.372Z
2026-09-30 02:36:08.592: [INFO] LastUsedProfileDir: C:\Eclipse Java\.metadata\.plugins\org.eclipse.swt\EBWebView\Default
2026-09-30 02:36:08.592: [INFO] MostRecentlyActiveProfile: name=Profile 1 path=C:\Eclipse Java\.metadata\.plugins\org.eclipse.swt\EBWebView\Default lastActive=2026-09-28T11:33:27.372Z
2026-09-30 02:36:08.592: [INFO] OnDoneLoading sync enabled: 0
2026-09-30 02:36:08.592: [INFO] BookmarkModelLoaded, ids_reassigned: 0
2026-09-30 02:36:08.592: [INFO] BookmarksLoadDropped droppedNodes=0
2026-09-30 02:36:08.592: [INFO] BookmarksSnapshot Startup total=0 bar=0 other=0 mobile=0 showBar=0 showBarNTP=1
2026-09-30 02:36:58.127: [INFO] BookmarksSnapshot Shutdown total=0 bar=0 other=0 mobile=0 showBar=0 showBarNTP=1
2026-09-30 02:37:03.149: [INFO] CurrentProfilePath: C:\Eclipse Java\.metadata\.plugins\org.eclipse.swt\EBWebView\Default
2026-09-30 02:37:03.149: [INFO] Profiles total count: 1
2026-09-30 02:37:03.150: [INFO] Profile: name=Profile 1 path=C:\Eclipse Java\.metadata\.plugins\org.eclipse.swt\EBWebView\Default lastActive=2026-09-28T11:33:27.372Z
2026-09-30 02:37:03.150: [INFO] LastUsedProfileDir: C:\Eclipse Java\.metadata\.plugins\org.eclipse.swt\EBWebView\Default
2026-09-30 02:37:03.150: [INFO] MostRecentlyActiveProfile: name=Profile 1 path=C:\Eclipse Java\.metadata\.plugins\org.eclipse.swt\EBWebView\Default lastActive=2026-09-28T11:33:27.372Z
2026-09-30 02:37:03.150: [INFO] OnDoneLoading sync enabled: 0
2026-09-30 02:37:03.150: [INFO] BookmarkModelLoaded, ids_reassigned: 0
2026-09-30 02:37:03.150: [INFO] BookmarksLoadDropped droppedNodes=0
2026-09-30 02:37:03.150: [INFO] BookmarksSnapshot Startup total=0 bar=0 other=0 mobile=0 showBar=0 showBarNTP=1
2026-09-30 02:38:59.349: [INFO] BookmarksSnapshot Shutdown total=0 bar=0 other=0 mobile=0 showBar=0 showBarNTP=1
2026-09-30 03:04:05.593: [INFO] CurrentProfilePath: C:\Eclipse Java\.metadata\.plugins\org.eclipse.swt\EBWebView\Default
2026-09-30 03:04:05.593: [INFO] Profiles total count: 1
2026-09-30 03:04:05.593: [INFO] Profile: name=Profile 1 path=C:\Eclipse Java\.metadata\.plugins\org.eclipse.swt\EBWebView\Default lastActive=2026-09-28T11:33:27.372Z
2026-09-30 03:04:05.593: [INFO] LastUsedProfileDir: C:\Eclipse Java\.metadata\.plugins\org.eclipse.swt\EBWebView\Default
2026-09-30 03:04:05.593: [INFO] MostRecentlyActiveProfile: name=Profile 1 path=C:\Eclipse Java\.metadata\.plugins\org.eclipse.swt\EBWebView\Default lastActive=2026-09-28T11:33:27.372Z
2026-09-30 03:04:05.593: [INFO] OnDoneLoading sync enabled: 0
2026-09-30 03:04:05.593: [INFO] BookmarkModelLoaded, ids_reassigned: 0
2026-09-30 03:04:05.593: [INFO] BookmarksLoadDropped droppedNodes=0
2026-09-30 03:04:05.593: [INFO] BookmarksSnapshot Startup total=0 bar=0 other=0 mobile=0 showBar=0 showBarNTP=1
2026-09-30 03:28:03.597: [INFO] BookmarksSnapshot Shutdown total=0 bar=0 other=0 mobile=0 showBar=0 showBarNTP=1
2026-09-30 03:30:34.858: [INFO] CurrentProfilePath: C:\Eclipse Java\.metadata\.plugins\org.eclipse.swt\EBWebView\Default
2026-09-30 03:30:34.858: [INFO] Profiles total count: 1
2026-09-30 03:30:34.858: [INFO] Profile: name=Profile 1 path=C:\Eclipse Java\.metadata\.plugins\org.eclipse.swt\EBWebView\Default lastActive=2026-09-28T11:33:27.372Z
2026-09-30 03:30:34.858: [INFO] LastUsedProfileDir: C:\Eclipse Java\.metadata\.plugins\org.eclipse.swt\EBWebView\Default
2026-09-30 03:30:34.858: [INFO] MostRecentlyActiveProfile: name=Profile 1 path=C:\Eclipse Java\.metadata\.plugins\org.eclipse.swt\EBWebView\Default lastActive=2026-09-28T11:33:27.372Z
2026-09-30 03:30:34.858: [INFO] OnDoneLoading sync enabled: 0
2026-09-30 03:30:34.858: [INFO] BookmarkModelLoaded, ids_reassigned: 0
2026-09-30 03:30:34.858: [INFO] BookmarksLoadDropped droppedNodes=0
2026-09-30 03:30:34.858: [INFO] BookmarksSnapshot Startup total=0 bar=0 other=0 mobile=0 showBar=0 showBarNTP=1
2026-09-30 03:31:57.377: [INFO] BookmarksSnapshot Shutdown total=0 bar=0 other=0 mobile=0 showBar=0 showBarNTP=1
2026-09-30 04:08:03.312: [INFO] CurrentProfilePath: C:\Eclipse Java\.metadata\.plugins\org.eclipse.swt\EBWebView\Default
2026-09-30 04:08:03.312: [INFO] Profiles total count: 1
2026-09-30 04:08:03.312: [INFO] Profile: name=Profile 1 path=C:\Eclipse Java\.metadata\.plugins\org.eclipse.swt\EBWebView\Default lastActive=2026-09-28T11:33:27.372Z
2026-09-30 04:08:03.312: [INFO] LastUsedProfileDir: C:\Eclipse Java\.metadata\.plugins\org.eclipse.swt\EBWebView\Default
2026-09-30 04:08:03.312: [INFO] MostRecentlyActiveProfile: name=Profile 1 path=C:\Eclipse Java\.metadata\.plugins\org.eclipse.swt\EBWebView\Default lastActive=2026-09-28T11:33:27.372Z
2026-09-30 04:08:03.312: [INFO] OnDoneLoading sync enabled: 0
2026-09-30 04:08:03.312: [INFO] BookmarkModelLoaded, ids_reassigned: 0
2026-09-30 04:08:03.312: [INFO] BookmarksLoadDropped droppedNodes=0
2026-09-30 04:08:03.312: [INFO] BookmarksSnapshot Startup total=0 bar=0 other=0 mobile=0 showBar=0 showBarNTP=1
2026-09-30 04:09:25.538: [INFO] BookmarksSnapshot Shutdown total=0 bar=0 other=0 mobile=0 showBar=0 showBarNTP=1
2026-09-30 04:10:15.594: [INFO] CurrentProfilePath: C:\Eclipse Java\.metadata\.plugins\org.eclipse.swt\EBWebView\Default
2026-09-30 04:10:15.594: [INFO] Profiles total count: 1
2026-09-30 04:10:15.594: [INFO] Profile: name=Profile 1 path=C:\Eclipse Java\.metadata\.plugins\org.eclipse.swt\EBWebView\Default lastActive=2026-09-28T11:33:27.372Z
2026-09-30 04:10:15.594: [INFO] LastUsedProfileDir: C:\Eclipse Java\.metadata\.plugins\org.eclipse.swt\EBWebView\Default
2026-09-30 04:10:15.594: [INFO] MostRecentlyActiveProfile: name=Profile 1 path=C:\Eclipse Java\.metadata\.plugins\org.eclipse.swt\EBWebView\Default lastActive=2026-09-28T11:33:27.372Z
2026-09-30 04:10:15.594: [INFO] OnDoneLoading sync enabled: 0
2026-09-30 04:10:15.594: [INFO] BookmarkModelLoaded, ids_reassigned: 0
2026-09-30 04:10:15.594: [INFO] BookmarksLoadDropped droppedNodes=0
2026-09-30 04:10:15.594: [INFO] BookmarksSnapshot Startup total=0 bar=0 other=0 mobile=0 showBar=0 showBarNTP=1
2026-09-30 04:11:35.303: [INFO] BookmarksSnapshot Shutdown total=0 bar=0 other=0 mobile=0 showBar=0 showBarNTP=1
2026-09-30 04:17:18.250: [INFO] CurrentProfilePath: C:\Eclipse Java\.metadata\.plugins\org.eclipse.swt\EBWebView\Default
2026-09-30 04:17:18.250: [INFO] Profiles total count: 1
2026-09-30 04:17:18.250: [INFO] Profile: name=Profile 1 path=C:\Eclipse Java\.metadata\.plugins\org.eclipse.swt\EBWebView\Default lastActive=2026-09-28T11:33:27.372Z
2026-09-30 04:17:18.250: [INFO] LastUsedProfileDir: C:\Eclipse Java\.metadata\.plugins\org.eclipse.swt\EBWebView\Default
2026-09-30 04:17:18.250: [INFO] MostRecentlyActiveProfile: name=Profile 1 path=C:\Eclipse Java\.metadata\.plugins\org.eclipse.swt\EBWebView\Default lastActive=2026-09-28T11:33:27.372Z
2026-09-30 04:17:18.250: [INFO] OnDoneLoading sync enabled: 0
2026-09-30 04:17:18.250: [INFO] BookmarkModelLoaded, ids_reassigned: 0
2026-09-30 04:17:18.250: [INFO] BookmarksLoadDropped droppedNodes=0
2026-09-30 04:17:18.250: [INFO] BookmarksSnapshot Startup total=0 bar=0 other=0 mobile=0 showBar=0 showBarNTP=1
2026-09-30 17:15:48.536: [INFO] BookmarksSnapshot Shutdown total=0 bar=0 other=0 mobile=0 showBar=0 showBarNTP=1
2026-09-30 17:27:52.544: [INFO] CurrentProfilePath: C:\Eclipse Java\.metadata\.plugins\org.eclipse.swt\EBWebView\Default
2026-09-30 17:27:52.544: [INFO] Profiles total count: 1
2026-09-30 17:27:52.544: [INFO] Profile: name=Profile 1 path=C:\Eclipse Java\.metadata\.plugins\org.eclipse.swt\EBWebView\Default lastActive=2026-09-28T11:33:27.372Z
2026-09-30 17:27:52.544: [INFO] LastUsedProfileDir: C:\Eclipse Java\.metadata\.plugins\org.eclipse.swt\EBWebView\Default
2026-09-30 17:27:52.544: [INFO] MostRecentlyActiveProfile: name=Profile 1 path=C:\Eclipse Java\.metadata\.plugins\org.eclipse.swt\EBWebView\Default lastActive=2026-09-28T11:33:27.372Z
2026-09-30 17:27:52.544: [INFO] OnDoneLoading sync enabled: 0
2026-09-30 17:27:52.544: [INFO] BookmarkModelLoaded, ids_reassigned: 0
2026-09-30 17:27:52.544: [INFO] BookmarksLoadDropped droppedNodes=0
2026-09-30 17:27:52.544: [INFO] BookmarksSnapshot Startup total=0 bar=0 other=0 mobile=0 showBar=0 showBarNTP=1
2026-09-30 17:31:30.790: [INFO] BookmarksSnapshot Shutdown total=0 bar=0 other=0 mobile=0 showBar=0 showBarNTP=1
2026-09-30 17:37:22.342: [INFO] CurrentProfilePath: C:\Eclipse Java\.metadata\.plugins\org.eclipse.swt\EBWebView\Default
2026-09-30 17:37:22.342: [INFO] Profiles total count: 1
2026-09-30 17:37:22.342: [INFO] Profile: name=Profile 1 path=C:\Eclipse Java\.metadata\.plugins\org.eclipse.swt\EBWebView\Default lastActive=2026-09-28T11:33:27.372Z
2026-09-30 17:37:22.342: [INFO] LastUsedProfileDir: C:\Eclipse Java\.metadata\.plugins\org.eclipse.swt\EBWebView\Default
2026-09-30 17:37:22.342: [INFO] MostRecentlyActiveProfile: name=Profile 1 path=C:\Eclipse Java\.metadata\.plugins\org.eclipse.swt\EBWebView\Default lastActive=2026-09-28T11:33:27.372Z
2026-09-30 17:37:22.342: [INFO] OnDoneLoading sync enabled: 0
2026-09-30 17:37:22.342: [INFO] BookmarkModelLoaded, ids_reassigned: 0
2026-09-30 17:37:22.342: [INFO] BookmarksLoadDropped droppedNodes=0
2026-09-30 17:37:22.342: [INFO] BookmarksSnapshot Startup total=0 bar=0 other=0 mobile=0 showBar=0 showBarNTP=1
2026-09-30 18:23:30.724: [INFO] BookmarksSnapshot Shutdown total=0 bar=0 other=0 mobile=0 showBar=0 showBarNTP=1
2026-09-30 19:08:35.120: [INFO] CurrentProfilePath: C:\Eclipse Java\.metadata\.plugins\org.eclipse.swt\EBWebView\Default
2026-09-30 19:08:35.120: [INFO] Profiles total count: 1
2026-09-30 19:08:35.120: [INFO] Profile: name=Profile 1 path=C:\Eclipse Java\.metadata\.plugins\org.eclipse.swt\EBWebView\Default lastActive=2026-09-28T11:33:27.372Z
2026-09-30 19:08:35.120: [INFO] LastUsedProfileDir: C:\Eclipse Java\.metadata\.plugins\org.eclipse.swt\EBWebView\Default
2026-09-30 19:08:35.120: [INFO] MostRecentlyActiveProfile: name=Profile 1 path=C:\Eclipse Java\.metadata\.plugins\org.eclipse.swt\EBWebView\Default lastActive=2026-09-28T11:33:27.372Z
2026-09-30 19:08:35.120: [INFO] OnDoneLoading sync enabled: 0
2026-09-30 19:08:35.120: [INFO] BookmarkModelLoaded, ids_reassigned: 0
2026-09-30 19:08:35.120: [INFO] BookmarksLoadDropped droppedNodes=0
2026-09-30 19:08:35.120: [INFO] BookmarksSnapshot Startup total=0 bar=0 other=0 mobile=0 showBar=0 showBarNTP=1
2026-09-30 19:09:25.226: [INFO] BookmarksSnapshot Shutdown total=0 bar=0 other=0 mobile=0 showBar=0 showBarNTP=1
2026-09-30 19:12:10.926: [INFO] CurrentProfilePath: C:\Eclipse Java\.metadata\.plugins\org.eclipse.swt\EBWebView\Default
2026-09-30 19:12:10.926: [INFO] Profiles total count: 1
2026-09-30 19:12:10.926: [INFO] Profile: name=Profile 1 path=C:\Eclipse Java\.metadata\.plugins\org.eclipse.swt\EBWebView\Default lastActive=2026-09-28T11:33:27.372Z
2026-09-30 19:12:10.926: [INFO] LastUsedProfileDir: C:\Eclipse Java\.metadata\.plugins\org.eclipse.swt\EBWebView\Default
2026-09-30 19:12:10.926: [INFO] MostRecentlyActiveProfile: name=Profile 1 path=C:\Eclipse Java\.metadata\.plugins\org.eclipse.swt\EBWebView\Default lastActive=2026-09-28T11:33:27.372Z
2026-09-30 19:12:10.926: [INFO] OnDoneLoading sync enabled: 0
2026-09-30 19:12:10.926: [INFO] BookmarkModelLoaded, ids_reassigned: 0
2026-09-30 19:12:10.926: [INFO] BookmarksLoadDropped droppedNodes=0
2026-09-30 19:12:10.926: [INFO] BookmarksSnapshot Startup total=0 bar=0 other=0 mobile=0 showBar=0 showBarNTP=1
2026-09-30 19:17:58.795: [INFO] BookmarksSnapshot Shutdown total=0 bar=0 other=0 mobile=0 showBar=0 showBarNTP=1
2026-10-01 02:24:37.047: [INFO] CurrentProfilePath: C:\Eclipse Java\.metadata\.plugins\org.eclipse.swt\EBWebView\Default
2026-10-01 02:24:37.047: [INFO] Profiles total count: 1
2026-10-01 02:24:37.047: [INFO] Profile: name=Profile 1 path=C:\Eclipse Java\.metadata\.plugins\org.eclipse.swt\EBWebView\Default lastActive=2026-09-28T11:33:27.372Z
2026-10-01 02:24:37.047: [INFO] LastUsedProfileDir: C:\Eclipse Java\.metadata\.plugins\org.eclipse.swt\EBWebView\Default
2026-10-01 02:24:37.048: [INFO] MostRecentlyActiveProfile: name=Profile 1 path=C:\Eclipse Java\.metadata\.plugins\org.eclipse.swt\EBWebView\Default lastActive=2026-09-28T11:33:27.372Z
2026-10-01 02:24:37.048: [INFO] OnDoneLoading sync enabled: 0
2026-10-01 02:24:37.048: [INFO] BookmarkModelLoaded, ids_reassigned: 0
2026-10-01 02:24:37.048: [INFO] BookmarksLoadDropped droppedNodes=0
2026-10-01 02:24:37.048: [INFO] BookmarksSnapshot Startup total=0 bar=0 other=0 mobile=0 showBar=0 showBarNTP=1
2026-10-01 02:59:33.733: [INFO] BookmarksSnapshot Shutdown total=0 bar=0 other=0 mobile=0 showBar=0 showBarNTP=1
2026-10-01 03:10:43.172: [INFO] CurrentProfilePath: C:\Eclipse Java\.metadata\.plugins\org.eclipse.swt\EBWebView\Default
2026-10-01 03:10:43.172: [INFO] Profiles total count: 1
2026-10-01 03:10:43.172: [INFO] Profile: name=Profile 1 path=C:\Eclipse Java\.metadata\.plugins\org.eclipse.swt\EBWebView\Default lastActive=2026-09-28T11:33:27.372Z
2026-10-01 03:10:43.172: [INFO] LastUsedProfileDir: C:\Eclipse Java\.metadata\.plugins\org.eclipse.swt\EBWebView\Default
2026-10-01 03:10:43.172: [INFO] MostRecentlyActiveProfile: name=Profile 1 path=C:\Eclipse Java\.metadata\.plugins\org.eclipse.swt\EBWebView\Default lastActive=2026-09-28T11:33:27.372Z
2026-10-01 03:10:43.172: [INFO] OnDoneLoading sync enabled: 0
2026-10-01 03:10:43.172: [INFO] BookmarkModelLoaded, ids_reassigned: 0
2026-10-01 03:10:43.172: [INFO] BookmarksLoadDropped droppedNodes=0
2026-10-01 03:10:43.172: [INFO] BookmarksSnapshot Startup total=0 bar=0 other=0 mobile=0 showBar=0 showBarNTP=1
2026-10-01 03:30:57.219: [INFO] BookmarksSnapshot Shutdown total=0 bar=0 other=0 mobile=0 showBar=0 showBarNTP=1
2026-10-01 03:55:46.651: [INFO] CurrentProfilePath: C:\Eclipse Java\.metadata\.plugins\org.eclipse.swt\EBWebView\Default
2026-10-01 03:55:46.651: [INFO] Profiles total count: 1
2026-10-01 03:55:46.651: [INFO] Profile: name=Profile 1 path=C:\Eclipse Java\.metadata\.plugins\org.eclipse.swt\EBWebView\Default lastActive=2026-09-28T11:33:27.372Z
2026-10-01 03:55:46.651: [INFO] LastUsedProfileDir: C:\Eclipse Java\.metadata\.plugins\org.eclipse.swt\EBWebView\Default
2026-10-01 03:55:46.651: [INFO] MostRecentlyActiveProfile: name=Profile 1 path=C:\Eclipse Java\.metadata\.plugins\org.eclipse.swt\EBWebView\Default lastActive=2026-09-28T11:33:27.372Z
2026-10-01 03:55:46.651: [INFO] OnDoneLoading sync enabled: 0
2026-10-01 03:55:46.651: [INFO] BookmarkModelLoaded, ids_reassigned: 0
2026-10-01 03:55:46.651: [INFO] BookmarksLoadDropped droppedNodes=0
2026-10-01 03:55:46.651: [INFO] BookmarksSnapshot Startup total=0 bar=0 other=0 mobile=0 showBar=0 showBarNTP=1
2026-10-01 04:01:58.172: [INFO] BookmarksSnapshot Shutdown total=0 bar=0 other=0 mobile=0 showBar=0 showBarNTP=1
2026-10-01 04:03:04.754: [INFO] CurrentProfilePath: C:\Eclipse Java\.metadata\.plugins\org.eclipse.swt\EBWebView\Default
2026-10-01 04:03:04.754: [INFO] Profiles total count: 1
2026-10-01 04:03:04.754: [INFO] Profile: name=Profile 1 path=C:\Eclipse Java\.metadata\.plugins\org.eclipse.swt\EBWebView\Default lastActive=2026-09-28T11:33:27.372Z
2026-10-01 04:03:04.755: [INFO] LastUsedProfileDir: C:\Eclipse Java\.metadata\.plugins\org.eclipse.swt\EBWebView\Default
2026-10-01 04:03:04.755: [INFO] MostRecentlyActiveProfile: name=Profile 1 path=C:\Eclipse Java\.metadata\.plugins\org.eclipse.swt\EBWebView\Default lastActive=2026-09-28T11:33:27.372Z
2026-10-01 04:03:04.755: [INFO] OnDoneLoading sync enabled: 0
2026-10-01 04:03:04.755: [INFO] BookmarkModelLoaded, ids_reassigned: 0
2026-10-01 04:03:04.755: [INFO] BookmarksLoadDropped droppedNodes=0
2026-10-01 04:03:04.755: [INFO] BookmarksSnapshot Startup total=0 bar=0 other=0 mobile=0 showBar=0 showBarNTP=1
2026-10-01 10:22:43.595: [INFO] BookmarksSnapshot Shutdown total=0 bar=0 other=0 mobile=0 showBar=0 showBarNTP=1
2026-10-01 10:47:45.275: [INFO] CurrentProfilePath: C:\Eclipse Java\.metadata\.plugins\org.eclipse.swt\EBWebView\Default
2026-10-01 10:47:45.275: [INFO] Profiles total count: 1
2026-10-01 10:47:45.275: [INFO] Profile: name=Profile 1 path=C:\Eclipse Java\.metadata\.plugins\org.eclipse.swt\EBWebView\Default lastActive=2026-09-28T11:33:27.372Z
2026-10-01 10:47:45.275: [INFO] LastUsedProfileDir: C:\Eclipse Java\.metadata\.plugins\org.eclipse.swt\EBWebView\Default
2026-10-01 10:47:45.275: [INFO] MostRecentlyActiveProfile: name=Profile 1 path=C:\Eclipse Java\.metadata\.plugins\org.eclipse.swt\EBWebView\Default lastActive=2026-09-28T11:33:27.372Z
2026-10-01 10:47:45.275: [INFO] OnDoneLoading sync enabled: 0
2026-10-01 10:47:45.275: [INFO] BookmarkModelLoaded, ids_reassigned: 0
2026-10-01 10:47:45.275: [INFO] BookmarksLoadDropped droppedNodes=0
2026-10-01 10:47:45.275: [INFO] BookmarksSnapshot Startup total=0 bar=0 other=0 mobile=0 showBar=0 showBarNTP=1
2026-10-01 10:51:03.882: [INFO] BookmarksSnapshot Shutdown total=0 bar=0 other=0 mobile=0 showBar=0 showBarNTP=1
2026-10-01 11:10:43.945: [INFO] CurrentProfilePath: C:\Eclipse Java\.metadata\.plugins\org.eclipse.swt\EBWebView\Default
2026-10-01 11:10:43.945: [INFO] Profiles total count: 1
2026-10-01 11:10:43.945: [INFO] Profile: name=Profile 1 path=C:\Eclipse Java\.metadata\.plugins\org.eclipse.swt\EBWebView\Default lastActive=2026-09-28T11:33:27.372Z
2026-10-01 11:10:43.945: [INFO] LastUsedProfileDir: C:\Eclipse Java\.metadata\.plugins\org.eclipse.swt\EBWebView\Default
2026-10-01 11:10:43.945: [INFO] MostRecentlyActiveProfile: name=Profile 1 path=C:\Eclipse Java\.metadata\.plugins\org.eclipse.swt\EBWebView\Default lastActive=2026-09-28T11:33:27.372Z
2026-10-01 11:10:43.945: [INFO] OnDoneLoading sync enabled: 0
2026-10-01 11:10:43.945: [INFO] BookmarkModelLoaded, ids_reassigned: 0
2026-10-01 11:10:43.945: [INFO] BookmarksLoadDropped droppedNodes=0
2026-10-01 11:10:43.945: [INFO] BookmarksSnapshot Startup total=0 bar=0 other=0 mobile=0 showBar=0 showBarNTP=1
2026-10-01 11:19:17.298: [INFO] BookmarksSnapshot Shutdown total=0 bar=0 other=0 mobile=0 showBar=0 showBarNTP=1
2026-10-01 11:38:08.629: [INFO] CurrentProfilePath: C:\Eclipse Java\.metadata\.plugins\org.eclipse.swt\EBWebView\Default
2026-10-01 11:38:08.629: [INFO] Profiles total count: 1
2026-10-01 11:38:08.629: [INFO] Profile: name=Profile 1 path=C:\Eclipse Java\.metadata\.plugins\org.eclipse.swt\EBWebView\Default lastActive=2026-09-28T11:33:27.372Z
2026-10-01 11:38:08.629: [INFO] LastUsedProfileDir: C:\Eclipse Java\.metadata\.plugins\org.eclipse.swt\EBWebView\Default
2026-10-01 11:38:08.629: [INFO] MostRecentlyActiveProfile: name=Profile 1 path=C:\Eclipse Java\.metadata\.plugins\org.eclipse.swt\EBWebView\Default lastActive=2026-09-28T11:33:27.372Z
2026-10-01 11:38:08.629: [INFO] OnDoneLoading sync enabled: 0
2026-10-01 11:38:08.629: [INFO] BookmarkModelLoaded, ids_reassigned: 0
2026-10-01 11:38:08.629: [INFO] BookmarksLoadDropped droppedNodes=0
2026-10-01 11:38:08.629: [INFO] BookmarksSnapshot Startup total=0 bar=0 other=0 mobile=0 showBar=0 showBarNTP=1
2026-10-01 18:28:49.110: [INFO] BookmarksSnapshot Shutdown total=0 bar=0 other=0 mobile=0 showBar=0 showBarNTP=1
2026-10-02 09:09:03.208: [INFO] CurrentProfilePath: C:\Eclipse Java\.metadata\.plugins\org.eclipse.swt\EBWebView\Default
2026-10-02 09:09:03.208: [INFO] Profiles total count: 1
2026-10-02 09:09:03.208: [INFO] Profile: name=Profile 1 path=C:\Eclipse Java\.metadata\.plugins\org.eclipse.swt\EBWebView\Default lastActive=2026-09-28T11:33:27.372Z
2026-10-02 09:09:03.208: [INFO] LastUsedProfileDir: C:\Eclipse Java\.metadata\.plugins\org.eclipse.swt\EBWebView\Default
2026-10-02 09:09:03.208: [INFO] MostRecentlyActiveProfile: name=Profile 1 path=C:\Eclipse Java\.metadata\.plugins\org.eclipse.swt\EBWebView\Default lastActive=2026-09-28T11:33:27.372Z
2026-10-02 09:09:03.208: [INFO] OnDoneLoading sync enabled: 0
2026-10-02 09:09:03.208: [INFO] BookmarkModelLoaded, ids_reassigned: 0
2026-10-02 09:09:03.208: [INFO] BookmarksLoadDropped droppedNodes=0
2026-10-02 09:09:03.208: [INFO] BookmarksSnapshot Startup total=0 bar=0 other=0 mobile=0 showBar=0 showBarNTP=1
2026-10-02 09:09:26.392: [INFO] BookmarksSnapshot Shutdown total=0 bar=0 other=0 mobile=0 showBar=0 showBarNTP=1
2026-10-02 10:16:40.907: [INFO] CurrentProfilePath: C:\Eclipse Java\.metadata\.plugins\org.eclipse.swt\EBWebView\Default
2026-10-02 10:16:40.907: [INFO] Profiles total count: 1
2026-10-02 10:16:40.907: [INFO] Profile: name=Profile 1 path=C:\Eclipse Java\.metadata\.plugins\org.eclipse.swt\EBWebView\Default lastActive=2026-10-02T09:09:24.262Z
2026-10-02 10:16:40.907: [INFO] LastUsedProfileDir: C:\Eclipse Java\.metadata\.plugins\org.eclipse.swt\EBWebView\Default
2026-10-02 10:16:40.907: [INFO] MostRecentlyActiveProfile: name=Profile 1 path=C:\Eclipse Java\.metadata\.plugins\org.eclipse.swt\EBWebView\Default lastActive=2026-10-02T09:09:24.262Z
2026-10-02 10:16:40.907: [INFO] OnDoneLoading sync enabled: 0
2026-10-02 10:16:40.907: [INFO] BookmarkModelLoaded, ids_reassigned: 0
2026-10-02 10:16:40.907: [INFO] BookmarksLoadDropped droppedNodes=0
2026-10-02 10:16:40.907: [INFO] BookmarksSnapshot Startup total=0 bar=0 other=0 mobile=0 showBar=0 showBarNTP=1
2026-10-02 10:16:44.542: [INFO] BookmarksSnapshot Shutdown total=0 bar=0 other=0 mobile=0 showBar=0 showBarNTP=1
2026-10-02 10:29:46.328: [INFO] CurrentProfilePath: C:\Eclipse Java\.metadata\.plugins\org.eclipse.swt\EBWebView\Default
2026-10-02 10:29:46.328: [INFO] Profiles total count: 1
2026-10-02 10:29:46.328: [INFO] Profile: name=Profile 1 path=C:\Eclipse Java\.metadata\.plugins\org.eclipse.swt\EBWebView\Default lastActive=2026-10-02T09:09:24.262Z
2026-10-02 10:29:46.328: [INFO] LastUsedProfileDir: C:\Eclipse Java\.metadata\.plugins\org.eclipse.swt\EBWebView\Default
2026-10-02 10:29:46.328: [INFO] MostRecentlyActiveProfile: name=Profile 1 path=C:\Eclipse Java\.metadata\.plugins\org.eclipse.swt\EBWebView\Default lastActive=2026-10-02T09:09:24.262Z
2026-10-02 10:29:46.328: [INFO] OnDoneLoading sync enabled: 0
2026-10-02 10:29:46.328: [INFO] BookmarkModelLoaded, ids_reassigned: 0
2026-10-02 10:29:46.328: [INFO] BookmarksLoadDropped droppedNodes=0
2026-10-02 10:29:46.328: [INFO] BookmarksSnapshot Startup total=0 bar=0 other=0 mobile=0 showBar=0 showBarNTP=1
2026-10-02 10:36:22.911: [INFO] BookmarksSnapshot Shutdown total=0 bar=0 other=0 mobile=0 showBar=0 showBarNTP=1
2026-10-02 10:39:13.488: [INFO] CurrentProfilePath: C:\Eclipse Java\.metadata\.plugins\org.eclipse.swt\EBWebView\Default
2026-10-02 10:39:13.488: [INFO] Profiles total count: 1
2026-10-02 10:39:13.488: [INFO] Profile: name=Profile 1 path=C:\Eclipse Java\.metadata\.plugins\org.eclipse.swt\EBWebView\Default lastActive=2026-10-02T09:09:24.262Z
2026-10-02 10:39:13.488: [INFO] LastUsedProfileDir: C:\Eclipse Java\.metadata\.plugins\org.eclipse.swt\EBWebView\Default
2026-10-02 10:39:13.488: [INFO] MostRecentlyActiveProfile: name=Profile 1 path=C:\Eclipse Java\.metadata\.plugins\org.eclipse.swt\EBWebView\Default lastActive=2026-10-02T09:09:24.262Z
2026-10-02 10:39:13.488: [INFO] OnDoneLoading sync enabled: 0
2026-10-02 10:39:13.488: [INFO] BookmarkModelLoaded, ids_reassigned: 0
2026-10-02 10:39:13.488: [INFO] BookmarksLoadDropped droppedNodes=0
2026-10-02 10:39:13.488: [INFO] BookmarksSnapshot Startup total=0 bar=0 other=0 mobile=0 showBar=0 showBarNTP=1
2026-10-02 15:11:33.105: [INFO] BookmarksSnapshot Shutdown total=0 bar=0 other=0 mobile=0 showBar=0 showBarNTP=1
2026-10-02 15:49:23.743: [INFO] CurrentProfilePath: C:\Eclipse Java\.metadata\.plugins\org.eclipse.swt\EBWebView\Default
2026-10-02 15:49:23.743: [INFO] Profiles total count: 1
2026-10-02 15:49:23.744: [INFO] Profile: name=Profile 1 path=C:\Eclipse Java\.metadata\.plugins\org.eclipse.swt\EBWebView\Default lastActive=2026-10-02T09:09:24.262Z
2026-10-02 15:49:23.744: [INFO] LastUsedProfileDir: C:\Eclipse Java\.metadata\.plugins\org.eclipse.swt\EBWebView\Default
2026-10-02 15:49:23.744: [INFO] MostRecentlyActiveProfile: name=Profile 1 path=C:\Eclipse Java\.metadata\.plugins\org.eclipse.swt\EBWebView\Default lastActive=2026-10-02T09:09:24.262Z
2026-10-02 15:49:23.744: [INFO] OnDoneLoading sync enabled: 0
2026-10-02 15:49:23.744: [INFO] BookmarkModelLoaded, ids_reassigned: 0
2026-10-02 15:49:23.744: [INFO] BookmarksLoadDropped droppedNodes=0
2026-10-02 15:49:23.744: [INFO] BookmarksSnapshot Startup total=0 bar=0 other=0 mobile=0 showBar=0 showBarNTP=1
2026-10-02 16:10:38.848: [INFO] BookmarksSnapshot Shutdown total=0 bar=0 other=0 mobile=0 showBar=0 showBarNTP=1
2026-10-02 16:10:43.431: [INFO] CurrentProfilePath: C:\Eclipse Java\.metadata\.plugins\org.eclipse.swt\EBWebView\Default
2026-10-02 16:10:43.431: [INFO] Profiles total count: 1
2026-10-02 16:10:43.431: [INFO] Profile: name=Profile 1 path=C:\Eclipse Java\.metadata\.plugins\org.eclipse.swt\EBWebView\Default lastActive=2026-10-02T09:09:24.262Z
2026-10-02 16:10:43.431: [INFO] LastUsedProfileDir: C:\Eclipse Java\.metadata\.plugins\org.eclipse.swt\EBWebView\Default
2026-10-02 16:10:43.431: [INFO] MostRecentlyActiveProfile: name=Profile 1 path=C:\Eclipse Java\.metadata\.plugins\org.eclipse.swt\EBWebView\Default lastActive=2026-10-02T09:09:24.262Z
2026-10-02 16:10:43.431: [INFO] OnDoneLoading sync enabled: 0
2026-10-02 16:10:43.431: [INFO] BookmarkModelLoaded, ids_reassigned: 0
2026-10-02 16:10:43.431: [INFO] BookmarksLoadDropped droppedNodes=0
2026-10-02 16:10:43.431: [INFO] BookmarksSnapshot Startup total=0 bar=0 other=0 mobile=0 showBar=0 showBarNTP=1
2026-10-02 16:10:54.244: [INFO] BookmarksSnapshot Shutdown total=0 bar=0 other=0 mobile=0 showBar=0 showBarNTP=1
2026-10-02 17:35:48.666: [INFO] CurrentProfilePath: C:\Eclipse Java\.metadata\.plugins\org.eclipse.swt\EBWebView\Default
2026-10-02 17:35:48.666: [INFO] Profiles total count: 1
2026-10-02 17:35:48.666: [INFO] Profile: name=Profile 1 path=C:\Eclipse Java\.metadata\.plugins\org.eclipse.swt\EBWebView\Default lastActive=2026-10-02T09:09:24.262Z
2026-10-02 17:35:48.666: [INFO] LastUsedProfileDir: C:\Eclipse Java\.metadata\.plugins\org.eclipse.swt\EBWebView\Default
2026-10-02 17:35:48.666: [INFO] MostRecentlyActiveProfile: name=Profile 1 path=C:\Eclipse Java\.metadata\.plugins\org.eclipse.swt\EBWebView\Default lastActive=2026-10-02T09:09:24.262Z
2026-10-02 17:35:48.666: [INFO] OnDoneLoading sync enabled: 0
2026-10-02 17:35:48.666: [INFO] BookmarkModelLoaded, ids_reassigned: 0
2026-10-02 17:35:48.666: [INFO] BookmarksLoadDropped droppedNodes=0
2026-10-02 17:35:48.666: [INFO] BookmarksSnapshot Startup total=0 bar=0 other=0 mobile=0 showBar=0 showBarNTP=1
2026-10-02 17:37:36.802: [INFO] BookmarksSnapshot Shutdown total=0 bar=0 other=0 mobile=0 showBar=0 showBarNTP=1
2026-10-02 17:39:06.411: [INFO] CurrentProfilePath: C:\Eclipse Java\.metadata\.plugins\org.eclipse.swt\EBWebView\Default
2026-10-02 17:39:06.411: [INFO] Profiles total count: 1
2026-10-02 17:39:06.411: [INFO] Profile: name=Profile 1 path=C:\Eclipse Java\.metadata\.plugins\org.eclipse.swt\EBWebView\Default lastActive=2026-10-02T09:09:24.262Z
2026-10-02 17:39:06.411: [INFO] LastUsedProfileDir: C:\Eclipse Java\.metadata\.plugins\org.eclipse.swt\EBWebView\Default
2026-10-02 17:39:06.411: [INFO] MostRecentlyActiveProfile: name=Profile 1 path=C:\Eclipse Java\.metadata\.plugins\org.eclipse.swt\EBWebView\Default lastActive=2026-10-02T09:09:24.262Z
2026-10-02 17:39:06.411: [INFO] OnDoneLoading sync enabled: 0
2026-10-02 17:39:06.411: [INFO] BookmarkModelLoaded, ids_reassigned: 0
2026-10-02 17:39:06.411: [INFO] BookmarksLoadDropped droppedNodes=0
2026-10-02 17:39:06.411: [INFO] BookmarksSnapshot Startup total=0 bar=0 other=0 mobile=0 showBar=0 showBarNTP=1
2026-10-02 17:40:02.386: [INFO] BookmarksSnapshot Shutdown total=0 bar=0 other=0 mobile=0 showBar=0 showBarNTP=1
2026-10-02 17:40:09.568: [INFO] CurrentProfilePath: C:\Eclipse Java\.metadata\.plugins\org.eclipse.swt\EBWebView\Default
2026-10-02 17:40:09.568: [INFO] Profiles total count: 1
2026-10-02 17:40:09.568: [INFO] Profile: name=Profile 1 path=C:\Eclipse Java\.metadata\.plugins\org.eclipse.swt\EBWebView\Default lastActive=2026-10-02T09:09:24.262Z
2026-10-02 17:40:09.568: [INFO] LastUsedProfileDir: C:\Eclipse Java\.metadata\.plugins\org.eclipse.swt\EBWebView\Default
2026-10-02 17:40:09.568: [INFO] MostRecentlyActiveProfile: name=Profile 1 path=C:\Eclipse Java\.metadata\.plugins\org.eclipse.swt\EBWebView\Default lastActive=2026-10-02T09:09:24.262Z
2026-10-02 17:40:09.568: [INFO] OnDoneLoading sync enabled: 0
2026-10-02 17:40:09.568: [INFO] BookmarkModelLoaded, ids_reassigned: 0
2026-10-02 17:40:09.568: [INFO] BookmarksLoadDropped droppedNodes=0
2026-10-02 17:40:09.568: [INFO] BookmarksSnapshot Startup total=0 bar=0 other=0 mobile=0 showBar=0 showBarNTP=1
2026-10-02 17:40:12.616: [INFO] BookmarksSnapshot Shutdown total=0 bar=0 other=0 mobile=0 showBar=0 showBarNTP=1
2026-10-02 17:42:49.316: [INFO] CurrentProfilePath: C:\Eclipse Java\.metadata\.plugins\org.eclipse.swt\EBWebView\Default
2026-10-02 17:42:49.316: [INFO] Profiles total count: 1
2026-10-02 17:42:49.316: [INFO] Profile: name=Profile 1 path=C:\Eclipse Java\.metadata\.plugins\org.eclipse.swt\EBWebView\Default lastActive=2026-10-02T09:09:24.262Z
2026-10-02 17:42:49.316: [INFO] LastUsedProfileDir: C:\Eclipse Java\.metadata\.plugins\org.eclipse.swt\EBWebView\Default
2026-10-02 17:42:49.316: [INFO] MostRecentlyActiveProfile: name=Profile 1 path=C:\Eclipse Java\.metadata\.plugins\org.eclipse.swt\EBWebView\Default lastActive=2026-10-02T09:09:24.262Z
2026-10-02 17:42:49.316: [INFO] OnDoneLoading sync enabled: 0
2026-10-02 17:42:49.316: [INFO] BookmarkModelLoaded, ids_reassigned: 0
2026-10-02 17:42:49.316: [INFO] BookmarksLoadDropped droppedNodes=0
2026-10-02 17:42:49.316: [INFO] BookmarksSnapshot Startup total=0 bar=0 other=0 mobile=0 showBar=0 showBarNTP=1
2026-10-02 17:43:55.120: [INFO] BookmarksSnapshot Shutdown total=0 bar=0 other=0 mobile=0 showBar=0 showBarNTP=1
2026-10-02 17:44:46.247: [INFO] CurrentProfilePath: C:\Eclipse Java\.metadata\.plugins\org.eclipse.swt\EBWebView\Default
2026-10-02 17:44:46.247: [INFO] Profiles total count: 1
2026-10-02 17:44:46.247: [INFO] Profile: name=Profile 1 path=C:\Eclipse Java\.metadata\.plugins\org.eclipse.swt\EBWebView\Default lastActive=2026-10-02T09:09:24.262Z
2026-10-02 17:44:46.247: [INFO] LastUsedProfileDir: C:\Eclipse Java\.metadata\.plugins\org.eclipse.swt\EBWebView\Default
2026-10-02 17:44:46.247: [INFO] MostRecentlyActiveProfile: name=Profile 1 path=C:\Eclipse Java\.metadata\.plugins\org.eclipse.swt\EBWebView\Default lastActive=2026-10-02T09:09:24.262Z
2026-10-02 17:44:46.247: [INFO] OnDoneLoading sync enabled: 0
2026-10-02 17:44:46.247: [INFO] BookmarkModelLoaded, ids_reassigned: 0
2026-10-02 17:44:46.247: [INFO] BookmarksLoadDropped droppedNodes=0
2026-10-02 17:44:46.247: [INFO] BookmarksSnapshot Startup total=0 bar=0 other=0 mobile=0 showBar=0 showBarNTP=1
2026-10-02 17:44:54.271: [INFO] BookmarksSnapshot Shutdown total=0 bar=0 other=0 mobile=0 showBar=0 showBarNTP=1
2026-10-02 17:44:58.910: [INFO] CurrentProfilePath: C:\Eclipse Java\.metadata\.plugins\org.eclipse.swt\EBWebView\Default
2026-10-02 17:44:58.910: [INFO] Profiles total count: 1
2026-10-02 17:44:58.910: [INFO] Profile: name=Profile 1 path=C:\Eclipse Java\.metadata\.plugins\org.eclipse.swt\EBWebView\Default lastActive=2026-10-02T09:09:24.262Z
2026-10-02 17:44:58.910: [INFO] LastUsedProfileDir: C:\Eclipse Java\.metadata\.plugins\org.eclipse.swt\EBWebView\Default
2026-10-02 17:44:58.910: [INFO] MostRecentlyActiveProfile: name=Profile 1 path=C:\Eclipse Java\.metadata\.plugins\org.eclipse.swt\EBWebView\Default lastActive=2026-10-02T09:09:24.262Z
2026-10-02 17:44:58.910: [INFO] OnDoneLoading sync enabled: 0
2026-10-02 17:44:58.910: [INFO] BookmarkModelLoaded, ids_reassigned: 0
2026-10-02 17:44:58.910: [INFO] BookmarksLoadDropped droppedNodes=0
2026-10-02 17:44:58.910: [INFO] BookmarksSnapshot Startup total=0 bar=0 other=0 mobile=0 showBar=0 showBarNTP=1
2026-10-02 17:45:04.849: [INFO] BookmarksSnapshot Shutdown total=0 bar=0 other=0 mobile=0 showBar=0 showBarNTP=1
2026-10-02 17:45:41.873: [INFO] CurrentProfilePath: C:\Eclipse Java\.metadata\.plugins\org.eclipse.swt\EBWebView\Default
2026-10-02 17:45:41.873: [INFO] Profiles total count: 1
2026-10-02 17:45:41.873: [INFO] Profile: name=Profile 1 path=C:\Eclipse Java\.metadata\.plugins\org.eclipse.swt\EBWebView\Default lastActive=2026-10-02T09:09:24.262Z
2026-10-02 17:45:41.873: [INFO] LastUsedProfileDir: C:\Eclipse Java\.metadata\.plugins\org.eclipse.swt\EBWebView\Default
2026-10-02 17:45:41.873: [INFO] MostRecentlyActiveProfile: name=Profile 1 path=C:\Eclipse Java\.metadata\.plugins\org.eclipse.swt\EBWebView\Default lastActive=2026-10-02T09:09:24.262Z
2026-10-02 17:45:41.873: [INFO] OnDoneLoading sync enabled: 0
2026-10-02 17:45:41.873: [INFO] BookmarkModelLoaded, ids_reassigned: 0
2026-10-02 17:45:41.873: [INFO] BookmarksLoadDropped droppedNodes=0
2026-10-02 17:45:41.873: [INFO] BookmarksSnapshot Startup total=0 bar=0 other=0 mobile=0 showBar=0 showBarNTP=1
2026-10-02 18:01:10.448: [INFO] BookmarksSnapshot Shutdown total=0 bar=0 other=0 mobile=0 showBar=0 showBarNTP=1
2026-10-02 18:01:19.561: [INFO] CurrentProfilePath: C:\Eclipse Java\.metadata\.plugins\org.eclipse.swt\EBWebView\Default
2026-10-02 18:01:19.561: [INFO] Profiles total count: 1
2026-10-02 18:01:19.561: [INFO] Profile: name=Profile 1 path=C:\Eclipse Java\.metadata\.plugins\org.eclipse.swt\EBWebView\Default lastActive=2026-10-02T09:09:24.262Z
2026-10-02 18:01:19.561: [INFO] LastUsedProfileDir: C:\Eclipse Java\.metadata\.plugins\org.eclipse.swt\EBWebView\Default
2026-10-02 18:01:19.561: [INFO] MostRecentlyActiveProfile: name=Profile 1 path=C:\Eclipse Java\.metadata\.plugins\org.eclipse.swt\EBWebView\Default lastActive=2026-10-02T09:09:24.262Z
2026-10-02 18:01:19.561: [INFO] OnDoneLoading sync enabled: 0
2026-10-02 18:01:19.561: [INFO] BookmarkModelLoaded, ids_reassigned: 0
2026-10-02 18:01:19.561: [INFO] BookmarksLoadDropped droppedNodes=0
2026-10-02 18:01:19.561: [INFO] BookmarksSnapshot Startup total=0 bar=0 other=0 mobile=0 showBar=0 showBarNTP=1
2026-10-02 18:06:53.157: [INFO] BookmarksSnapshot Shutdown total=0 bar=0 other=0 mobile=0 showBar=0 showBarNTP=1
2026-10-02 18:07:26.287: [INFO] CurrentProfilePath: C:\Eclipse Java\.metadata\.plugins\org.eclipse.swt\EBWebView\Default
2026-10-02 18:07:26.287: [INFO] Profiles total count: 1
2026-10-02 18:07:26.287: [INFO] Profile: name=Profile 1 path=C:\Eclipse Java\.metadata\.plugins\org.eclipse.swt\EBWebView\Default lastActive=2026-10-02T09:09:24.262Z
2026-10-02 18:07:26.287: [INFO] LastUsedProfileDir: C:\Eclipse Java\.metadata\.plugins\org.eclipse.swt\EBWebView\Default
2026-10-02 18:07:26.287: [INFO] MostRecentlyActiveProfile: name=Profile 1 path=C:\Eclipse Java\.metadata\.plugins\org.eclipse.swt\EBWebView\Default lastActive=2026-10-02T09:09:24.262Z
2026-10-02 18:07:26.287: [INFO] OnDoneLoading sync enabled: 0
2026-10-02 18:07:26.287: [INFO] BookmarkModelLoaded, ids_reassigned: 0
2026-10-02 18:07:26.287: [INFO] BookmarksLoadDropped droppedNodes=0
2026-10-02 18:07:26.287: [INFO] BookmarksSnapshot Startup total=0 bar=0 other=0 mobile=0 showBar=0 showBarNTP=1
2026-10-02 18:32:19.253: [INFO] BookmarksSnapshot Shutdown total=0 bar=0 other=0 mobile=0 showBar=0 showBarNTP=1
2026-10-03 03:44:06.265: [INFO] CurrentProfilePath: C:\Eclipse Java\.metadata\.plugins\org.eclipse.swt\EBWebView\Default
2026-10-03 03:44:06.265: [INFO] Profiles total count: 1
2026-10-03 03:44:06.266: [INFO] Profile: name=Profile 1 path=C:\Eclipse Java\.metadata\.plugins\org.eclipse.swt\EBWebView\Default lastActive=2026-10-02T18:32:18.438Z
2026-10-03 03:44:06.266: [INFO] LastUsedProfileDir: C:\Eclipse Java\.metadata\.plugins\org.eclipse.swt\EBWebView\Default
2026-10-03 03:44:06.266: [INFO] MostRecentlyActiveProfile: name=Profile 1 path=C:\Eclipse Java\.metadata\.plugins\org.eclipse.swt\EBWebView\Default lastActive=2026-10-02T18:32:18.438Z
2026-10-03 03:44:06.266: [INFO] OnDoneLoading sync enabled: 0
2026-10-03 03:44:06.266: [INFO] BookmarkModelLoaded, ids_reassigned: 0
2026-10-03 03:44:06.266: [INFO] BookmarksLoadDropped droppedNodes=0
2026-10-03 03:44:06.266: [INFO] BookmarksSnapshot Startup total=0 bar=0 other=0 mobile=0 showBar=0 showBarNTP=1
2026-10-03 03:47:06.731: [INFO] BookmarksSnapshot Shutdown total=0 bar=0 other=0 mobile=0 showBar=0 showBarNTP=1
2026-10-03 05:13:00.193: [INFO] CurrentProfilePath: C:\Eclipse Java\.metadata\.plugins\org.eclipse.swt\EBWebView\Default
2026-10-03 05:13:00.193: [INFO] Profiles total count: 1
2026-10-03 05:13:00.193: [INFO] Profile: name=Profile 1 path=C:\Eclipse Java\.metadata\.plugins\org.eclipse.swt\EBWebView\Default lastActive=2026-10-02T18:32:18.438Z
2026-10-03 05:13:00.193: [INFO] LastUsedProfileDir: C:\Eclipse Java\.metadata\.plugins\org.eclipse.swt\EBWebView\Default
2026-10-03 05:13:00.193: [INFO] MostRecentlyActiveProfile: name=Profile 1 path=C:\Eclipse Java\.metadata\.plugins\org.eclipse.swt\EBWebView\Default lastActive=2026-10-02T18:32:18.438Z
2026-10-03 05:13:00.193: [INFO] OnDoneLoading sync enabled: 0
2026-10-03 05:13:00.193: [INFO] BookmarkModelLoaded, ids_reassigned: 0
2026-10-03 05:13:00.193: [INFO] BookmarksLoadDropped droppedNodes=0
2026-10-03 05:13:00.193: [INFO] BookmarksSnapshot Startup total=0 bar=0 other=0 mobile=0 showBar=0 showBarNTP=1
2026-10-03 08:59:06.916: [INFO] BookmarksSnapshot Shutdown total=0 bar=0 other=0 mobile=0 showBar=0 showBarNTP=1
2026-10-03 09:20:55.302: [INFO] CurrentProfilePath: C:\Eclipse Java\.metadata\.plugins\org.eclipse.swt\EBWebView\Default
2026-10-03 09:20:55.302: [INFO] Profiles total count: 1
2026-10-03 09:20:55.302: [INFO] Profile: name=Profile 1 path=C:\Eclipse Java\.metadata\.plugins\org.eclipse.swt\EBWebView\Default lastActive=2026-10-02T18:32:18.438Z
2026-10-03 09:20:55.302: [INFO] LastUsedProfileDir: C:\Eclipse Java\.metadata\.plugins\org.eclipse.swt\EBWebView\Default
2026-10-03 09:20:55.302: [INFO] MostRecentlyActiveProfile: name=Profile 1 path=C:\Eclipse Java\.metadata\.plugins\org.eclipse.swt\EBWebView\Default lastActive=2026-10-02T18:32:18.438Z
2026-10-03 09:20:55.302: [INFO] OnDoneLoading sync enabled: 0
2026-10-03 09:20:55.302: [INFO] BookmarkModelLoaded, ids_reassigned: 0
2026-10-03 09:20:55.302: [INFO] BookmarksLoadDropped droppedNodes=0
2026-10-03 09:20:55.302: [INFO] BookmarksSnapshot Startup total=0 bar=0 other=0 mobile=0 showBar=0 showBarNTP=1
2026-10-03 09:21:07.181: [INFO] BookmarksSnapshot Shutdown total=0 bar=0 other=0 mobile=0 showBar=0 showBarNTP=1
2026-10-03 17:15:12.938: [INFO] CurrentProfilePath: C:\Eclipse Java\.metadata\.plugins\org.eclipse.swt\EBWebView\Default
2026-10-03 17:15:12.938: [INFO] Profiles total count: 1
2026-10-03 17:15:12.938: [INFO] Profile: name=Profile 1 path=C:\Eclipse Java\.metadata\.plugins\org.eclipse.swt\EBWebView\Default lastActive=2026-10-02T18:32:18.438Z
2026-10-03 17:15:12.938: [INFO] LastUsedProfileDir: C:\Eclipse Java\.metadata\.plugins\org.eclipse.swt\EBWebView\Default
2026-10-03 17:15:12.938: [INFO] MostRecentlyActiveProfile: name=Profile 1 path=C:\Eclipse Java\.metadata\.plugins\org.eclipse.swt\EBWebView\Default lastActive=2026-10-02T18:32:18.438Z
2026-10-03 17:15:12.938: [INFO] OnDoneLoading sync enabled: 0
2026-10-03 17:15:12.938: [INFO] BookmarkModelLoaded, ids_reassigned: 0
2026-10-03 17:15:12.938: [INFO] BookmarksLoadDropped droppedNodes=0
2026-10-03 17:15:12.938: [INFO] BookmarksSnapshot Startup total=0 bar=0 other=0 mobile=0 showBar=0 showBarNTP=1
2026-10-03 17:15:18.166: [INFO] BookmarksSnapshot Shutdown total=0 bar=0 other=0 mobile=0 showBar=0 showBarNTP=1
2026-10-03 17:23:46.816: [INFO] CurrentProfilePath: C:\Eclipse Java\.metadata\.plugins\org.eclipse.swt\EBWebView\Default
2026-10-03 17:23:46.816: [INFO] Profiles total count: 1
2026-10-03 17:23:46.816: [INFO] Profile: name=Profile 1 path=C:\Eclipse Java\.metadata\.plugins\org.eclipse.swt\EBWebView\Default lastActive=2026-10-02T18:32:18.438Z
2026-10-03 17:23:46.816: [INFO] LastUsedProfileDir: C:\Eclipse Java\.metadata\.plugins\org.eclipse.swt\EBWebView\Default
2026-10-03 17:23:46.816: [INFO] MostRecentlyActiveProfile: name=Profile 1 path=C:\Eclipse Java\.metadata\.plugins\org.eclipse.swt\EBWebView\Default lastActive=2026-10-02T18:32:18.438Z
2026-10-03 17:23:46.816: [INFO] OnDoneLoading sync enabled: 0
2026-10-03 17:23:46.816: [INFO] BookmarkModelLoaded, ids_reassigned: 0
2026-10-03 17:23:46.816: [INFO] BookmarksLoadDropped droppedNodes=0
2026-10-03 17:23:46.816: [INFO] BookmarksSnapshot Startup total=0 bar=0 other=0 mobile=0 showBar=0 showBarNTP=1
2026-10-03 17:26:57.367: [INFO] BookmarksSnapshot Shutdown total=0 bar=0 other=0 mobile=0 showBar=0 showBarNTP=1
2026-10-03 17:28:10.491: [INFO] CurrentProfilePath: C:\Eclipse Java\.metadata\.plugins\org.eclipse.swt\EBWebView\Default
2026-10-03 17:28:10.491: [INFO] Profiles total count: 1
2026-10-03 17:28:10.491: [INFO] Profile: name=Profile 1 path=C:\Eclipse Java\.metadata\.plugins\org.eclipse.swt\EBWebView\Default lastActive=2026-10-02T18:32:18.438Z
2026-10-03 17:28:10.491: [INFO] LastUsedProfileDir: C:\Eclipse Java\.metadata\.plugins\org.eclipse.swt\EBWebView\Default
2026-10-03 17:28:10.491: [INFO] MostRecentlyActiveProfile: name=Profile 1 path=C:\Eclipse Java\.metadata\.plugins\org.eclipse.swt\EBWebView\Default lastActive=2026-10-02T18:32:18.438Z
2026-10-03 17:28:10.491: [INFO] OnDoneLoading sync enabled: 0
2026-10-03 17:28:10.491: [INFO] BookmarkModelLoaded, ids_reassigned: 0
2026-10-03 17:28:10.491: [INFO] BookmarksLoadDropped droppedNodes=0
2026-10-03 17:28:10.491: [INFO] BookmarksSnapshot Startup total=0 bar=0 other=0 mobile=0 showBar=0 showBarNTP=1
2026-10-03 17:28:16.585: [INFO] BookmarksSnapshot Shutdown total=0 bar=0 other=0 mobile=0 showBar=0 showBarNTP=1
2026-10-03 17:30:58.137: [INFO] CurrentProfilePath: C:\Eclipse Java\.metadata\.plugins\org.eclipse.swt\EBWebView\Default
2026-10-03 17:30:58.137: [INFO] Profiles total count: 1
2026-10-03 17:30:58.138: [INFO] Profile: name=Profile 1 path=C:\Eclipse Java\.metadata\.plugins\org.eclipse.swt\EBWebView\Default lastActive=2026-10-02T18:32:18.438Z
2026-10-03 17:30:58.138: [INFO] LastUsedProfileDir: C:\Eclipse Java\.metadata\.plugins\org.eclipse.swt\EBWebView\Default
2026-10-03 17:30:58.138: [INFO] MostRecentlyActiveProfile: name=Profile 1 path=C:\Eclipse Java\.metadata\.plugins\org.eclipse.swt\EBWebView\Default lastActive=2026-10-02T18:32:18.438Z
2026-10-03 17:30:58.138: [INFO] OnDoneLoading sync enabled: 0
2026-10-03 17:30:58.138: [INFO] BookmarkModelLoaded, ids_reassigned: 0
2026-10-03 17:30:58.138: [INFO] BookmarksLoadDropped droppedNodes=0
2026-10-03 17:30:58.138: [INFO] BookmarksSnapshot Startup total=0 bar=0 other=0 mobile=0 showBar=0 showBarNTP=1
2026-10-03 17:31:02.019: [INFO] BookmarksSnapshot Shutdown total=0 bar=0 other=0 mobile=0 showBar=0 showBarNTP=1
2026-10-03 17:34:19.550: [INFO] CurrentProfilePath: C:\Eclipse Java\.metadata\.plugins\org.eclipse.swt\EBWebView\Default
2026-10-03 17:34:19.550: [INFO] Profiles total count: 1
2026-10-03 17:34:19.550: [INFO] Profile: name=Profile 1 path=C:\Eclipse Java\.metadata\.plugins\org.eclipse.swt\EBWebView\Default lastActive=2026-10-02T18:32:18.438Z
2026-10-03 17:34:19.550: [INFO] LastUsedProfileDir: C:\Eclipse Java\.metadata\.plugins\org.eclipse.swt\EBWebView\Default
2026-10-03 17:34:19.550: [INFO] MostRecentlyActiveProfile: name=Profile 1 path=C:\Eclipse Java\.metadata\.plugins\org.eclipse.swt\EBWebView\Default lastActive=2026-10-02T18:32:18.438Z
2026-10-03 17:34:19.550: [INFO] OnDoneLoading sync enabled: 0
2026-10-03 17:34:19.550: [INFO] BookmarkModelLoaded, ids_reassigned: 0
2026-10-03 17:34:19.550: [INFO] BookmarksLoadDropped droppedNodes=0
2026-10-03 17:34:19.550: [INFO] BookmarksSnapshot Startup total=0 bar=0 other=0 mobile=0 showBar=0 showBarNTP=1
2026-10-03 17:46:10.499: [INFO] BookmarksSnapshot Shutdown total=0 bar=0 other=0 mobile=0 showBar=0 showBarNTP=1
2026-10-03 17:50:13.957: [INFO] CurrentProfilePath: C:\Eclipse Java\.metadata\.plugins\org.eclipse.swt\EBWebView\Default
2026-10-03 17:50:13.957: [INFO] Profiles total count: 1
2026-10-03 17:50:13.957: [INFO] Profile: name=Profile 1 path=C:\Eclipse Java\.metadata\.plugins\org.eclipse.swt\EBWebView\Default lastActive=2026-10-02T18:32:18.438Z
2026-10-03 17:50:13.957: [INFO] LastUsedProfileDir: C:\Eclipse Java\.metadata\.plugins\org.eclipse.swt\EBWebView\Default
2026-10-03 17:50:13.957: [INFO] MostRecentlyActiveProfile: name=Profile 1 path=C:\Eclipse Java\.metadata\.plugins\org.eclipse.swt\EBWebView\Default lastActive=2026-10-02T18:32:18.438Z
2026-10-03 17:50:13.957: [INFO] OnDoneLoading sync enabled: 0
2026-10-03 17:50:13.957: [INFO] BookmarkModelLoaded, ids_reassigned: 0
2026-10-03 17:50:13.957: [INFO] BookmarksLoadDropped droppedNodes=0
2026-10-03 17:50:13.957: [INFO] BookmarksSnapshot Startup total=0 bar=0 other=0 mobile=0 showBar=0 showBarNTP=1
2026-10-03 17:50:24.780: [INFO] BookmarksSnapshot Shutdown total=0 bar=0 other=0 mobile=0 showBar=0 showBarNTP=1
2026-10-03 17:54:24.230: [INFO] CurrentProfilePath: C:\Eclipse Java\.metadata\.plugins\org.eclipse.swt\EBWebView\Default
2026-10-03 17:54:24.230: [INFO] Profiles total count: 1
2026-10-03 17:54:24.230: [INFO] Profile: name=Profile 1 path=C:\Eclipse Java\.metadata\.plugins\org.eclipse.swt\EBWebView\Default lastActive=2026-10-02T18:32:18.438Z
2026-10-03 17:54:24.230: [INFO] LastUsedProfileDir: C:\Eclipse Java\.metadata\.plugins\org.eclipse.swt\EBWebView\Default
2026-10-03 17:54:24.230: [INFO] MostRecentlyActiveProfile: name=Profile 1 path=C:\Eclipse Java\.metadata\.plugins\org.eclipse.swt\EBWebView\Default lastActive=2026-10-02T18:32:18.438Z
2026-10-03 17:54:24.230: [INFO] OnDoneLoading sync enabled: 0
2026-10-03 17:54:24.230: [INFO] BookmarkModelLoaded, ids_reassigned: 0
2026-10-03 17:54:24.230: [INFO] BookmarksLoadDropped droppedNodes=0
2026-10-03 17:54:24.230: [INFO] BookmarksSnapshot Startup total=0 bar=0 other=0 mobile=0 showBar=0 showBarNTP=1
2026-10-03 17:54:29.848: [INFO] BookmarksSnapshot Shutdown total=0 bar=0 other=0 mobile=0 showBar=0 showBarNTP=1
2026-10-03 17:56:12.860: [INFO] CurrentProfilePath: C:\Eclipse Java\.metadata\.plugins\org.eclipse.swt\EBWebView\Default
2026-10-03 17:56:12.860: [INFO] Profiles total count: 1
2026-10-03 17:56:12.861: [INFO] Profile: name=Profile 1 path=C:\Eclipse Java\.metadata\.plugins\org.eclipse.swt\EBWebView\Default lastActive=2026-10-02T18:32:18.438Z
2026-10-03 17:56:12.861: [INFO] LastUsedProfileDir: C:\Eclipse Java\.metadata\.plugins\org.eclipse.swt\EBWebView\Default
2026-10-03 17:56:12.861: [INFO] MostRecentlyActiveProfile: name=Profile 1 path=C:\Eclipse Java\.metadata\.plugins\org.eclipse.swt\EBWebView\Default lastActive=2026-10-02T18:32:18.438Z
2026-10-03 17:56:12.861: [INFO] OnDoneLoading sync enabled: 0
2026-10-03 17:56:12.861: [INFO] BookmarkModelLoaded, ids_reassigned: 0
2026-10-03 17:56:12.861: [INFO] BookmarksLoadDropped droppedNodes=0
2026-10-03 17:56:12.861: [INFO] BookmarksSnapshot Startup total=0 bar=0 other=0 mobile=0 showBar=0 showBarNTP=1
2026-10-03 17:56:24.697: [INFO] BookmarksSnapshot Shutdown total=0 bar=0 other=0 mobile=0 showBar=0 showBarNTP=1
2026-10-03 17:57:37.593: [INFO] CurrentProfilePath: C:\Eclipse Java\.metadata\.plugins\org.eclipse.swt\EBWebView\Default
2026-10-03 17:57:37.593: [INFO] Profiles total count: 1
2026-10-03 17:57:37.593: [INFO] Profile: name=Profile 1 path=C:\Eclipse Java\.metadata\.plugins\org.eclipse.swt\EBWebView\Default lastActive=2026-10-02T18:32:18.438Z
2026-10-03 17:57:37.593: [INFO] LastUsedProfileDir: C:\Eclipse Java\.metadata\.plugins\org.eclipse.swt\EBWebView\Default
2026-10-03 17:57:37.593: [INFO] MostRecentlyActiveProfile: name=Profile 1 path=C:\Eclipse Java\.metadata\.plugins\org.eclipse.swt\EBWebView\Default lastActive=2026-10-02T18:32:18.438Z
2026-10-03 17:57:37.594: [INFO] OnDoneLoading sync enabled: 0
2026-10-03 17:57:37.594: [INFO] BookmarkModelLoaded, ids_reassigned: 0
2026-10-03 17:57:37.594: [INFO] BookmarksLoadDropped droppedNodes=0
2026-10-03 17:57:37.594: [INFO] BookmarksSnapshot Startup total=0 bar=0 other=0 mobile=0 showBar=0 showBarNTP=1
2026-10-03 18:14:17.550: [INFO] BookmarksSnapshot Shutdown total=0 bar=0 other=0 mobile=0 showBar=0 showBarNTP=1
2026-10-03 18:14:31.953: [INFO] CurrentProfilePath: C:\Eclipse Java\.metadata\.plugins\org.eclipse.swt\EBWebView\Default
2026-10-03 18:14:31.953: [INFO] Profiles total count: 1
2026-10-03 18:14:31.953: [INFO] Profile: name=Profile 1 path=C:\Eclipse Java\.metadata\.plugins\org.eclipse.swt\EBWebView\Default lastActive=2026-10-02T18:32:18.438Z
2026-10-03 18:14:31.953: [INFO] LastUsedProfileDir: C:\Eclipse Java\.metadata\.plugins\org.eclipse.swt\EBWebView\Default
2026-10-03 18:14:31.953: [INFO] MostRecentlyActiveProfile: name=Profile 1 path=C:\Eclipse Java\.metadata\.plugins\org.eclipse.swt\EBWebView\Default lastActive=2026-10-02T18:32:18.438Z
2026-10-03 18:14:31.953: [INFO] OnDoneLoading sync enabled: 0
2026-10-03 18:14:31.953: [INFO] BookmarkModelLoaded, ids_reassigned: 0
2026-10-03 18:14:31.953: [INFO] BookmarksLoadDropped droppedNodes=0
2026-10-03 18:14:31.953: [INFO] BookmarksSnapshot Startup total=0 bar=0 other=0 mobile=0 showBar=0 showBarNTP=1
2026-10-03 18:19:32.444: [INFO] BookmarksSnapshot Shutdown total=0 bar=0 other=0 mobile=0 showBar=0 showBarNTP=1
2026-10-03 18:19:46.138: [INFO] CurrentProfilePath: C:\Eclipse Java\.metadata\.plugins\org.eclipse.swt\EBWebView\Default
2026-10-03 18:19:46.138: [INFO] Profiles total count: 1
2026-10-03 18:19:46.138: [INFO] Profile: name=Profile 1 path=C:\Eclipse Java\.metadata\.plugins\org.eclipse.swt\EBWebView\Default lastActive=2026-10-02T18:32:18.438Z
2026-10-03 18:19:46.138: [INFO] LastUsedProfileDir: C:\Eclipse Java\.metadata\.plugins\org.eclipse.swt\EBWebView\Default
2026-10-03 18:19:46.138: [INFO] MostRecentlyActiveProfile: name=Profile 1 path=C:\Eclipse Java\.metadata\.plugins\org.eclipse.swt\EBWebView\Default lastActive=2026-10-02T18:32:18.438Z
2026-10-03 18:19:46.138: [INFO] OnDoneLoading sync enabled: 0
2026-10-03 18:19:46.138: [INFO] BookmarkModelLoaded, ids_reassigned: 0
2026-10-03 18:19:46.138: [INFO] BookmarksLoadDropped droppedNodes=0
2026-10-03 18:19:46.138: [INFO] BookmarksSnapshot Startup total=0 bar=0 other=0 mobile=0 showBar=0 showBarNTP=1
2026-10-03 18:32:28.622: [INFO] BookmarksSnapshot Shutdown total=0 bar=0 other=0 mobile=0 showBar=0 showBarNTP=1
2026-10-03 18:38:08.287: [INFO] CurrentProfilePath: C:\Eclipse Java\.metadata\.plugins\org.eclipse.swt\EBWebView\Default
2026-10-03 18:38:08.287: [INFO] Profiles total count: 1
2026-10-03 18:38:08.287: [INFO] Profile: name=Profile 1 path=C:\Eclipse Java\.metadata\.plugins\org.eclipse.swt\EBWebView\Default lastActive=2026-10-02T18:32:18.438Z
2026-10-03 18:38:08.287: [INFO] LastUsedProfileDir: C:\Eclipse Java\.metadata\.plugins\org.eclipse.swt\EBWebView\Default
2026-10-03 18:38:08.287: [INFO] MostRecentlyActiveProfile: name=Profile 1 path=C:\Eclipse Java\.metadata\.plugins\org.eclipse.swt\EBWebView\Default lastActive=2026-10-02T18:32:18.438Z
2026-10-03 18:38:08.287: [INFO] OnDoneLoading sync enabled: 0
2026-10-03 18:38:08.287: [INFO] BookmarkModelLoaded, ids_reassigned: 0
2026-10-03 18:38:08.287: [INFO] BookmarksLoadDropped droppedNodes=0
2026-10-03 18:38:08.287: [INFO] BookmarksSnapshot Startup total=0 bar=0 other=0 mobile=0 showBar=0 showBarNTP=1
2026-10-03 18:38:11.140: [INFO] BookmarksSnapshot Shutdown total=0 bar=0 other=0 mobile=0 showBar=0 showBarNTP=1
2026-10-04 16:08:23.870: [INFO] CurrentProfilePath: C:\Eclipse Java\.metadata\.plugins\org.eclipse.swt\EBWebView\Default
2026-10-04 16:08:23.870: [INFO] Profiles total count: 1
2026-10-04 16:08:23.870: [INFO] Profile: name=Profile 1 path=C:\Eclipse Java\.metadata\.plugins\org.eclipse.swt\EBWebView\Default lastActive=2026-10-03T18:38:10.659Z
2026-10-04 16:08:23.870: [INFO] LastUsedProfileDir: C:\Eclipse Java\.metadata\.plugins\org.eclipse.swt\EBWebView\Default
2026-10-04 16:08:23.870: [INFO] MostRecentlyActiveProfile: name=Profile 1 path=C:\Eclipse Java\.metadata\.plugins\org.eclipse.swt\EBWebView\Default lastActive=2026-10-03T18:38:10.659Z
2026-10-04 16:08:23.870: [INFO] OnDoneLoading sync enabled: 0
2026-10-04 16:08:23.870: [INFO] BookmarkModelLoaded, ids_reassigned: 0
2026-10-04 16:08:23.870: [INFO] BookmarksLoadDropped droppedNodes=0
2026-10-04 16:08:23.870: [INFO] BookmarksSnapshot Startup total=0 bar=0 other=0 mobile=0 showBar=0 showBarNTP=1
2026-10-04 16:50:28.096: [INFO] BookmarksSnapshot Shutdown total=0 bar=0 other=0 mobile=0 showBar=0 showBarNTP=1
2026-10-04 17:11:21.842: [INFO] CurrentProfilePath: C:\Eclipse Java\.metadata\.plugins\org.eclipse.swt\EBWebView\Default
2026-10-04 17:11:21.842: [INFO] Profiles total count: 1
2026-10-04 17:11:21.842: [INFO] Profile: name=Profile 1 path=C:\Eclipse Java\.metadata\.plugins\org.eclipse.swt\EBWebView\Default lastActive=2026-10-03T18:38:10.659Z
2026-10-04 17:11:21.842: [INFO] LastUsedProfileDir: C:\Eclipse Java\.metadata\.plugins\org.eclipse.swt\EBWebView\Default
2026-10-04 17:11:21.842: [INFO] MostRecentlyActiveProfile: name=Profile 1 path=C:\Eclipse Java\.metadata\.plugins\org.eclipse.swt\EBWebView\Default lastActive=2026-10-03T18:38:10.659Z
2026-10-04 17:11:21.842: [INFO] OnDoneLoading sync enabled: 0
2026-10-04 17:11:21.842: [INFO] BookmarkModelLoaded, ids_reassigned: 0
2026-10-04 17:11:21.842: [INFO] BookmarksLoadDropped droppedNodes=0
2026-10-04 17:11:21.842: [INFO] BookmarksSnapshot Startup total=0 bar=0 other=0 mobile=0 showBar=0 showBarNTP=1
2026-10-04 17:14:49.038: [INFO] BookmarksSnapshot Shutdown total=0 bar=0 other=0 mobile=0 showBar=0 showBarNTP=1
2026-10-04 18:27:47.470: [INFO] CurrentProfilePath: C:\Eclipse Java\.metadata\.plugins\org.eclipse.swt\EBWebView\Default
2026-10-04 18:27:47.470: [INFO] Profiles total count: 1
2026-10-04 18:27:47.470: [INFO] Profile: name=Profile 1 path=C:\Eclipse Java\.metadata\.plugins\org.eclipse.swt\EBWebView\Default lastActive=2026-10-03T18:38:10.659Z
2026-10-04 18:27:47.470: [INFO] LastUsedProfileDir: C:\Eclipse Java\.metadata\.plugins\org.eclipse.swt\EBWebView\Default
2026-10-04 18:27:47.470: [INFO] MostRecentlyActiveProfile: name=Profile 1 path=C:\Eclipse Java\.metadata\.plugins\org.eclipse.swt\EBWebView\Default lastActive=2026-10-03T18:38:10.659Z
2026-10-04 18:27:47.470: [INFO] OnDoneLoading sync enabled: 0
2026-10-04 18:27:47.470: [INFO] BookmarkModelLoaded, ids_reassigned: 0
2026-10-04 18:27:47.470: [INFO] BookmarksLoadDropped droppedNodes=0
2026-10-04 18:27:47.470: [INFO] BookmarksSnapshot Startup total=0 bar=0 other=0 mobile=0 showBar=0 showBarNTP=1
2026-10-04 18:27:54.502: [INFO] BookmarksSnapshot Shutdown total=0 bar=0 other=0 mobile=0 showBar=0 showBarNTP=1
2026-10-05 06:37:01.315: [INFO] CurrentProfilePath: C:\Eclipse Java\.metadata\.plugins\org.eclipse.swt\EBWebView\Default
2026-10-05 06:37:01.315: [INFO] Profiles total count: 1
2026-10-05 06:37:01.315: [INFO] Profile: name=Profile 1 path=C:\Eclipse Java\.metadata\.plugins\org.eclipse.swt\EBWebView\Default lastActive=2026-10-04T18:27:49.695Z
2026-10-05 06:37:01.315: [INFO] LastUsedProfileDir: C:\Eclipse Java\.metadata\.plugins\org.eclipse.swt\EBWebView\Default
2026-10-05 06:37:01.315: [INFO] MostRecentlyActiveProfile: name=Profile 1 path=C:\Eclipse Java\.metadata\.plugins\org.eclipse.swt\EBWebView\Default lastActive=2026-10-04T18:27:49.695Z
2026-10-05 06:37:01.315: [INFO] OnDoneLoading sync enabled: 0
2026-10-05 06:37:01.315: [INFO] BookmarkModelLoaded, ids_reassigned: 0
2026-10-05 06:37:01.315: [INFO] BookmarksLoadDropped droppedNodes=0
2026-10-05 06:37:01.315: [INFO] BookmarksSnapshot Startup total=0 bar=0 other=0 mobile=0 showBar=0 showBarNTP=1
2026-10-05 06:37:31.006: [INFO] BookmarksSnapshot Shutdown total=0 bar=0 other=0 mobile=0 showBar=0 showBarNTP=1
2026-10-05 11:22:38.605: [INFO] CurrentProfilePath: C:\Eclipse Java\.metadata\.plugins\org.eclipse.swt\EBWebView\Default
2026-10-05 11:22:38.605: [INFO] Profiles total count: 1
2026-10-05 11:22:38.605: [INFO] Profile: name=Profile 1 path=C:\Eclipse Java\.metadata\.plugins\org.eclipse.swt\EBWebView\Default lastActive=2026-10-05T06:37:11.589Z
2026-10-05 11:22:38.605: [INFO] LastUsedProfileDir: C:\Eclipse Java\.metadata\.plugins\org.eclipse.swt\EBWebView\Default
2026-10-05 11:22:38.605: [INFO] MostRecentlyActiveProfile: name=Profile 1 path=C:\Eclipse Java\.metadata\.plugins\org.eclipse.swt\EBWebView\Default lastActive=2026-10-05T06:37:11.589Z
2026-10-05 11:22:38.605: [INFO] OnDoneLoading sync enabled: 0
2026-10-05 11:22:38.605: [INFO] BookmarkModelLoaded, ids_reassigned: 0
2026-10-05 11:22:38.605: [INFO] BookmarksLoadDropped droppedNodes=0
2026-10-05 11:22:38.605: [INFO] BookmarksSnapshot Startup total=0 bar=0 other=0 mobile=0 showBar=0 showBarNTP=1
2026-10-05 11:23:36.804: [INFO] BookmarksSnapshot Shutdown total=0 bar=0 other=0 mobile=0 showBar=0 showBarNTP=1
2026-10-06 02:17:45.531: [INFO] CurrentProfilePath: C:\Eclipse Java\.metadata\.plugins\org.eclipse.swt\EBWebView\Default
2026-10-06 02:17:45.531: [INFO] Profiles total count: 1
2026-10-06 02:17:45.532: [INFO] Profile: name=Profile 1 path=C:\Eclipse Java\.metadata\.plugins\org.eclipse.swt\EBWebView\Default lastActive=2026-10-05T06:37:11.589Z
2026-10-06 02:17:45.532: [INFO] LastUsedProfileDir: C:\Eclipse Java\.metadata\.plugins\org.eclipse.swt\EBWebView\Default
2026-10-06 02:17:45.532: [INFO] MostRecentlyActiveProfile: name=Profile 1 path=C:\Eclipse Java\.metadata\.plugins\org.eclipse.swt\EBWebView\Default lastActive=2026-10-05T06:37:11.589Z
2026-10-06 02:17:45.532: [INFO] OnDoneLoading sync enabled: 0
2026-10-06 02:17:45.532: [INFO] BookmarkModelLoaded, ids_reassigned: 0
2026-10-06 02:17:45.532: [INFO] BookmarksLoadDropped droppedNodes=0
2026-10-06 02:17:45.532: [INFO] BookmarksSnapshot Startup total=0 bar=0 other=0 mobile=0 showBar=0 showBarNTP=1
2026-10-06 02:17:49.269: [INFO] BookmarksSnapshot Shutdown total=0 bar=0 other=0 mobile=0 showBar=0 showBarNTP=1
2026-10-06 03:00:45.717: [INFO] CurrentProfilePath: C:\Eclipse Java\.metadata\.plugins\org.eclipse.swt\EBWebView\Default
2026-10-06 03:00:45.717: [INFO] Profiles total count: 1
2026-10-06 03:00:45.717: [INFO] Profile: name=Profile 1 path=C:\Eclipse Java\.metadata\.plugins\org.eclipse.swt\EBWebView\Default lastActive=2026-10-05T06:37:11.589Z
2026-10-06 03:00:45.717: [INFO] LastUsedProfileDir: C:\Eclipse Java\.metadata\.plugins\org.eclipse.swt\EBWebView\Default
2026-10-06 03:00:45.717: [INFO] MostRecentlyActiveProfile: name=Profile 1 path=C:\Eclipse Java\.metadata\.plugins\org.eclipse.swt\EBWebView\Default lastActive=2026-10-05T06:37:11.589Z
2026-10-06 03:00:45.717: [INFO] OnDoneLoading sync enabled: 0
2026-10-06 03:00:45.717: [INFO] BookmarkModelLoaded, ids_reassigned: 0
2026-10-06 03:00:45.717: [INFO] BookmarksLoadDropped droppedNodes=0
2026-10-06 03:00:45.717: [INFO] BookmarksSnapshot Startup total=0 bar=0 other=0 mobile=0 showBar=0 showBarNTP=1
2026-10-06 03:02:55.674: [INFO] BookmarksSnapshot Shutdown total=0 bar=0 other=0 mobile=0 showBar=0 showBarNTP=1
2026-10-06 03:02:59.745: [INFO] CurrentProfilePath: C:\Eclipse Java\.metadata\.plugins\org.eclipse.swt\EBWebView\Default
2026-10-06 03:02:59.745: [INFO] Profiles total count: 1
2026-10-06 03:02:59.745: [INFO] Profile: name=Profile 1 path=C:\Eclipse Java\.metadata\.plugins\org.eclipse.swt\EBWebView\Default lastActive=2026-10-05T06:37:11.589Z
2026-10-06 03:02:59.745: [INFO] LastUsedProfileDir: C:\Eclipse Java\.metadata\.plugins\org.eclipse.swt\EBWebView\Default
2026-10-06 03:02:59.745: [INFO] MostRecentlyActiveProfile: name=Profile 1 path=C:\Eclipse Java\.metadata\.plugins\org.eclipse.swt\EBWebView\Default lastActive=2026-10-05T06:37:11.589Z
2026-10-06 03:02:59.745: [INFO] OnDoneLoading sync enabled: 0
2026-10-06 03:02:59.745: [INFO] BookmarkModelLoaded, ids_reassigned: 0
2026-10-06 03:02:59.745: [INFO] BookmarksLoadDropped droppedNodes=0
2026-10-06 03:02:59.745: [INFO] BookmarksSnapshot Startup total=0 bar=0 other=0 mobile=0 showBar=0 showBarNTP=1
2026-10-06 03:03:09.215: [INFO] BookmarksSnapshot Shutdown total=0 bar=0 other=0 mobile=0 showBar=0 showBarNTP=1
2026-10-06 03:04:31.648: [INFO] CurrentProfilePath: C:\Eclipse Java\.metadata\.plugins\org.eclipse.swt\EBWebView\Default
2026-10-06 03:04:31.648: [INFO] Profiles total count: 1
2026-10-06 03:04:31.648: [INFO] Profile: name=Profile 1 path=C:\Eclipse Java\.metadata\.plugins\org.eclipse.swt\EBWebView\Default lastActive=2026-10-05T06:37:11.589Z
2026-10-06 03:04:31.648: [INFO] LastUsedProfileDir: C:\Eclipse Java\.metadata\.plugins\org.eclipse.swt\EBWebView\Default
2026-10-06 03:04:31.648: [INFO] MostRecentlyActiveProfile: name=Profile 1 path=C:\Eclipse Java\.metadata\.plugins\org.eclipse.swt\EBWebView\Default lastActive=2026-10-05T06:37:11.589Z
2026-10-06 03:04:31.648: [INFO] OnDoneLoading sync enabled: 0
2026-10-06 03:04:31.648: [INFO] BookmarkModelLoaded, ids_reassigned: 0
2026-10-06 03:04:31.648: [INFO] BookmarksLoadDropped droppedNodes=0
2026-10-06 03:04:31.648: [INFO] BookmarksSnapshot Startup total=0 bar=0 other=0 mobile=0 showBar=0 showBarNTP=1
2026-10-06 03:04:36.811: [INFO] BookmarksSnapshot Shutdown total=0 bar=0 other=0 mobile=0 showBar=0 showBarNTP=1
2026-10-06 03:05:20.769: [INFO] CurrentProfilePath: C:\Eclipse Java\.metadata\.plugins\org.eclipse.swt\EBWebView\Default
2026-10-06 03:05:20.769: [INFO] Profiles total count: 1
2026-10-06 03:05:20.770: [INFO] Profile: name=Profile 1 path=C:\Eclipse Java\.metadata\.plugins\org.eclipse.swt\EBWebView\Default lastActive=2026-10-05T06:37:11.589Z
2026-10-06 03:05:20.770: [INFO] LastUsedProfileDir: C:\Eclipse Java\.metadata\.plugins\org.eclipse.swt\EBWebView\Default
2026-10-06 03:05:20.770: [INFO] MostRecentlyActiveProfile: name=Profile 1 path=C:\Eclipse Java\.metadata\.plugins\org.eclipse.swt\EBWebView\Default lastActive=2026-10-05T06:37:11.589Z
2026-10-06 03:05:20.770: [INFO] OnDoneLoading sync enabled: 0
2026-10-06 03:05:20.770: [INFO] BookmarkModelLoaded, ids_reassigned: 0
2026-10-06 03:05:20.770: [INFO] BookmarksLoadDropped droppedNodes=0
2026-10-06 03:05:20.770: [INFO] BookmarksSnapshot Startup total=0 bar=0 other=0 mobile=0 showBar=0 showBarNTP=1
2026-10-06 03:05:31.654: [INFO] BookmarksSnapshot Shutdown total=0 bar=0 other=0 mobile=0 showBar=0 showBarNTP=1
2026-10-06 03:05:37.586: [INFO] CurrentProfilePath: C:\Eclipse Java\.metadata\.plugins\org.eclipse.swt\EBWebView\Default
2026-10-06 03:05:37.586: [INFO] Profiles total count: 1
2026-10-06 03:05:37.587: [INFO] Profile: name=Profile 1 path=C:\Eclipse Java\.metadata\.plugins\org.eclipse.swt\EBWebView\Default lastActive=2026-10-05T06:37:11.589Z
2026-10-06 03:05:37.587: [INFO] LastUsedProfileDir: C:\Eclipse Java\.metadata\.plugins\org.eclipse.swt\EBWebView\Default
2026-10-06 03:05:37.587: [INFO] MostRecentlyActiveProfile: name=Profile 1 path=C:\Eclipse Java\.metadata\.plugins\org.eclipse.swt\EBWebView\Default lastActive=2026-10-05T06:37:11.589Z
2026-10-06 03:05:37.587: [INFO] OnDoneLoading sync enabled: 0
2026-10-06 03:05:37.587: [INFO] BookmarkModelLoaded, ids_reassigned: 0
2026-10-06 03:05:37.587: [INFO] BookmarksLoadDropped droppedNodes=0
2026-10-06 03:05:37.587: [INFO] BookmarksSnapshot Startup total=0 bar=0 other=0 mobile=0 showBar=0 showBarNTP=1
2026-10-06 03:06:12.539: [INFO] BookmarksSnapshot Shutdown total=0 bar=0 other=0 mobile=0 showBar=0 showBarNTP=1
2026-10-06 03:10:10.643: [INFO] CurrentProfilePath: C:\Eclipse Java\.metadata\.plugins\org.eclipse.swt\EBWebView\Default
2026-10-06 03:10:10.643: [INFO] Profiles total count: 1
2026-10-06 03:10:10.643: [INFO] Profile: name=Profile 1 path=C:\Eclipse Java\.metadata\.plugins\org.eclipse.swt\EBWebView\Default lastActive=2026-10-05T06:37:11.589Z
2026-10-06 03:10:10.643: [INFO] LastUsedProfileDir: C:\Eclipse Java\.metadata\.plugins\org.eclipse.swt\EBWebView\Default
2026-10-06 03:10:10.643: [INFO] MostRecentlyActiveProfile: name=Profile 1 path=C:\Eclipse Java\.metadata\.plugins\org.eclipse.swt\EBWebView\Default lastActive=2026-10-05T06:37:11.589Z
2026-10-06 03:10:10.643: [INFO] OnDoneLoading sync enabled: 0
2026-10-06 03:10:10.643: [INFO] BookmarkModelLoaded, ids_reassigned: 0
2026-10-06 03:10:10.643: [INFO] BookmarksLoadDropped droppedNodes=0
2026-10-06 03:10:10.643: [INFO] BookmarksSnapshot Startup total=0 bar=0 other=0 mobile=0 showBar=0 showBarNTP=1
2026-10-06 03:10:18.811: [INFO] BookmarksSnapshot Shutdown total=0 bar=0 other=0 mobile=0 showBar=0 showBarNTP=1
2026-10-06 03:14:58.801: [INFO] CurrentProfilePath: C:\Eclipse Java\.metadata\.plugins\org.eclipse.swt\EBWebView\Default
2026-10-06 03:14:58.801: [INFO] Profiles total count: 1
2026-10-06 03:14:58.801: [INFO] Profile: name=Profile 1 path=C:\Eclipse Java\.metadata\.plugins\org.eclipse.swt\EBWebView\Default lastActive=2026-10-05T06:37:11.589Z
2026-10-06 03:14:58.801: [INFO] LastUsedProfileDir: C:\Eclipse Java\.metadata\.plugins\org.eclipse.swt\EBWebView\Default
2026-10-06 03:14:58.801: [INFO] MostRecentlyActiveProfile: name=Profile 1 path=C:\Eclipse Java\.metadata\.plugins\org.eclipse.swt\EBWebView\Default lastActive=2026-10-05T06:37:11.589Z
2026-10-06 03:14:58.801: [INFO] OnDoneLoading sync enabled: 0
2026-10-06 03:14:58.801: [INFO] BookmarkModelLoaded, ids_reassigned: 0
2026-10-06 03:14:58.801: [INFO] BookmarksLoadDropped droppedNodes=0
2026-10-06 03:14:58.801: [INFO] BookmarksSnapshot Startup total=0 bar=0 other=0 mobile=0 showBar=0 showBarNTP=1
2026-10-06 03:15:07.437: [INFO] BookmarksSnapshot Shutdown total=0 bar=0 other=0 mobile=0 showBar=0 showBarNTP=1
2026-10-06 03:15:37.255: [INFO] CurrentProfilePath: C:\Eclipse Java\.metadata\.plugins\org.eclipse.swt\EBWebView\Default
2026-10-06 03:15:37.255: [INFO] Profiles total count: 1
2026-10-06 03:15:37.255: [INFO] Profile: name=Profile 1 path=C:\Eclipse Java\.metadata\.plugins\org.eclipse.swt\EBWebView\Default lastActive=2026-10-05T06:37:11.589Z
2026-10-06 03:15:37.255: [INFO] LastUsedProfileDir: C:\Eclipse Java\.metadata\.plugins\org.eclipse.swt\EBWebView\Default
2026-10-06 03:15:37.255: [INFO] MostRecentlyActiveProfile: name=Profile 1 path=C:\Eclipse Java\.metadata\.plugins\org.eclipse.swt\EBWebView\Default lastActive=2026-10-05T06:37:11.589Z
2026-10-06 03:15:37.255: [INFO] OnDoneLoading sync enabled: 0
2026-10-06 03:15:37.255: [INFO] BookmarkModelLoaded, ids_reassigned: 0
2026-10-06 03:15:37.255: [INFO] BookmarksLoadDropped droppedNodes=0
2026-10-06 03:15:37.255: [INFO] BookmarksSnapshot Startup total=0 bar=0 other=0 mobile=0 showBar=0 showBarNTP=1
2026-10-06 03:17:32.289: [INFO] BookmarksSnapshot Shutdown total=0 bar=0 other=0 mobile=0 showBar=0 showBarNTP=1
2026-10-06 03:17:54.995: [INFO] CurrentProfilePath: C:\Eclipse Java\.metadata\.plugins\org.eclipse.swt\EBWebView\Default
2026-10-06 03:17:54.995: [INFO] Profiles total count: 1
2026-10-06 03:17:54.996: [INFO] Profile: name=Profile 1 path=C:\Eclipse Java\.metadata\.plugins\org.eclipse.swt\EBWebView\Default lastActive=2026-10-05T06:37:11.589Z
2026-10-06 03:17:54.996: [INFO] LastUsedProfileDir: C:\Eclipse Java\.metadata\.plugins\org.eclipse.swt\EBWebView\Default
2026-10-06 03:17:54.996: [INFO] MostRecentlyActiveProfile: name=Profile 1 path=C:\Eclipse Java\.metadata\.plugins\org.eclipse.swt\EBWebView\Default lastActive=2026-10-05T06:37:11.589Z
2026-10-06 03:17:54.996: [INFO] OnDoneLoading sync enabled: 0
2026-10-06 03:17:54.996: [INFO] BookmarkModelLoaded, ids_reassigned: 0
2026-10-06 03:17:54.996: [INFO] BookmarksLoadDropped droppedNodes=0
2026-10-06 03:17:54.996: [INFO] BookmarksSnapshot Startup total=0 bar=0 other=0 mobile=0 showBar=0 showBarNTP=1
2026-10-06 03:18:14.182: [INFO] BookmarksSnapshot Shutdown total=0 bar=0 other=0 mobile=0 showBar=0 showBarNTP=1
2026-10-06 03:19:56.450: [INFO] CurrentProfilePath: C:\Eclipse Java\.metadata\.plugins\org.eclipse.swt\EBWebView\Default
2026-10-06 03:19:56.450: [INFO] Profiles total count: 1
2026-10-06 03:19:56.450: [INFO] Profile: name=Profile 1 path=C:\Eclipse Java\.metadata\.plugins\org.eclipse.swt\EBWebView\Default lastActive=2026-10-05T06:37:11.589Z
2026-10-06 03:19:56.450: [INFO] LastUsedProfileDir: C:\Eclipse Java\.metadata\.plugins\org.eclipse.swt\EBWebView\Default
2026-10-06 03:19:56.450: [INFO] MostRecentlyActiveProfile: name=Profile 1 path=C:\Eclipse Java\.metadata\.plugins\org.eclipse.swt\EBWebView\Default lastActive=2026-10-05T06:37:11.589Z
2026-10-06 03:19:56.450: [INFO] OnDoneLoading sync enabled: 0
2026-10-06 03:19:56.450: [INFO] BookmarkModelLoaded, ids_reassigned: 0
2026-10-06 03:19:56.450: [INFO] BookmarksLoadDropped droppedNodes=0
2026-10-06 03:19:56.450: [INFO] BookmarksSnapshot Startup total=0 bar=0 other=0 mobile=0 showBar=0 showBarNTP=1
2026-10-06 03:21:26.906: [INFO] BookmarksSnapshot Shutdown total=0 bar=0 other=0 mobile=0 showBar=0 showBarNTP=1
2026-10-06 03:21:31.496: [INFO] CurrentProfilePath: C:\Eclipse Java\.metadata\.plugins\org.eclipse.swt\EBWebView\Default
2026-10-06 03:21:31.496: [INFO] Profiles total count: 1
2026-10-06 03:21:31.496: [INFO] Profile: name=Profile 1 path=C:\Eclipse Java\.metadata\.plugins\org.eclipse.swt\EBWebView\Default lastActive=2026-10-05T06:37:11.589Z
2026-10-06 03:21:31.496: [INFO] LastUsedProfileDir: C:\Eclipse Java\.metadata\.plugins\org.eclipse.swt\EBWebView\Default
2026-10-06 03:21:31.496: [INFO] MostRecentlyActiveProfile: name=Profile 1 path=C:\Eclipse Java\.metadata\.plugins\org.eclipse.swt\EBWebView\Default lastActive=2026-10-05T06:37:11.589Z
2026-10-06 03:21:31.496: [INFO] OnDoneLoading sync enabled: 0
2026-10-06 03:21:31.496: [INFO] BookmarkModelLoaded, ids_reassigned: 0
2026-10-06 03:21:31.496: [INFO] BookmarksLoadDropped droppedNodes=0
2026-10-06 03:21:31.496: [INFO] BookmarksSnapshot Startup total=0 bar=0 other=0 mobile=0 showBar=0 showBarNTP=1
2026-10-06 03:22:03.488: [INFO] BookmarksSnapshot Shutdown total=0 bar=0 other=0 mobile=0 showBar=0 showBarNTP=1
2026-10-06 03:24:35.700: [INFO] CurrentProfilePath: C:\Eclipse Java\.metadata\.plugins\org.eclipse.swt\EBWebView\Default
2026-10-06 03:24:35.700: [INFO] Profiles total count: 1
2026-10-06 03:24:35.701: [INFO] Profile: name=Profile 1 path=C:\Eclipse Java\.metadata\.plugins\org.eclipse.swt\EBWebView\Default lastActive=2026-10-05T06:37:11.589Z
2026-10-06 03:24:35.701: [INFO] LastUsedProfileDir: C:\Eclipse Java\.metadata\.plugins\org.eclipse.swt\EBWebView\Default
2026-10-06 03:24:35.701: [INFO] MostRecentlyActiveProfile: name=Profile 1 path=C:\Eclipse Java\.metadata\.plugins\org.eclipse.swt\EBWebView\Default lastActive=2026-10-05T06:37:11.589Z
2026-10-06 03:24:35.701: [INFO] OnDoneLoading sync enabled: 0
2026-10-06 03:24:35.701: [INFO] BookmarkModelLoaded, ids_reassigned: 0
2026-10-06 03:24:35.701: [INFO] BookmarksLoadDropped droppedNodes=0
2026-10-06 03:24:35.701: [INFO] BookmarksSnapshot Startup total=0 bar=0 other=0 mobile=0 showBar=0 showBarNTP=1
2026-10-06 03:25:18.379: [INFO] BookmarksSnapshot Shutdown total=0 bar=0 other=0 mobile=0 showBar=0 showBarNTP=1
2026-10-06 03:28:18.212: [INFO] CurrentProfilePath: C:\Eclipse Java\.metadata\.plugins\org.eclipse.swt\EBWebView\Default
2026-10-06 03:28:18.212: [INFO] Profiles total count: 1
2026-10-06 03:28:18.212: [INFO] Profile: name=Profile 1 path=C:\Eclipse Java\.metadata\.plugins\org.eclipse.swt\EBWebView\Default lastActive=2026-10-05T06:37:11.589Z
2026-10-06 03:28:18.212: [INFO] LastUsedProfileDir: C:\Eclipse Java\.metadata\.plugins\org.eclipse.swt\EBWebView\Default
2026-10-06 03:28:18.212: [INFO] MostRecentlyActiveProfile: name=Profile 1 path=C:\Eclipse Java\.metadata\.plugins\org.eclipse.swt\EBWebView\Default lastActive=2026-10-05T06:37:11.589Z
2026-10-06 03:28:18.212: [INFO] OnDoneLoading sync enabled: 0
2026-10-06 03:28:18.212: [INFO] BookmarkModelLoaded, ids_reassigned: 0
2026-10-06 03:28:18.212: [INFO] BookmarksLoadDropped droppedNodes=0
2026-10-06 03:28:18.212: [INFO] BookmarksSnapshot Startup total=0 bar=0 other=0 mobile=0 showBar=0 showBarNTP=1
2026-10-06 03:29:28.546: [INFO] BookmarksSnapshot Shutdown total=0 bar=0 other=0 mobile=0 showBar=0 showBarNTP=1
2026-10-06 03:37:42.710: [INFO] CurrentProfilePath: C:\Eclipse Java\.metadata\.plugins\org.eclipse.swt\EBWebView\Default
2026-10-06 03:37:42.710: [INFO] Profiles total count: 1
2026-10-06 03:37:42.710: [INFO] Profile: name=Profile 1 path=C:\Eclipse Java\.metadata\.plugins\org.eclipse.swt\EBWebView\Default lastActive=2026-10-05T06:37:11.589Z
2026-10-06 03:37:42.710: [INFO] LastUsedProfileDir: C:\Eclipse Java\.metadata\.plugins\org.eclipse.swt\EBWebView\Default
2026-10-06 03:37:42.710: [INFO] MostRecentlyActiveProfile: name=Profile 1 path=C:\Eclipse Java\.metadata\.plugins\org.eclipse.swt\EBWebView\Default lastActive=2026-10-05T06:37:11.589Z
2026-10-06 03:37:42.710: [INFO] OnDoneLoading sync enabled: 0
2026-10-06 03:37:42.710: [INFO] BookmarkModelLoaded, ids_reassigned: 0
2026-10-06 03:37:42.710: [INFO] BookmarksLoadDropped droppedNodes=0
2026-10-06 03:37:42.710: [INFO] BookmarksSnapshot Startup total=0 bar=0 other=0 mobile=0 showBar=0 showBarNTP=1
2026-10-06 17:15:35.535: [INFO] BookmarksSnapshot Shutdown total=0 bar=0 other=0 mobile=0 showBar=0 showBarNTP=1
2026-10-06 17:16:03.716: [INFO] CurrentProfilePath: C:\Eclipse Java\.metadata\.plugins\org.eclipse.swt\EBWebView\Default
2026-10-06 17:16:03.716: [INFO] Profiles total count: 1
2026-10-06 17:16:03.716: [INFO] Profile: name=Profile 1 path=C:\Eclipse Java\.metadata\.plugins\org.eclipse.swt\EBWebView\Default lastActive=2026-10-06T15:39:04.363Z
2026-10-06 17:16:03.716: [INFO] LastUsedProfileDir: C:\Eclipse Java\.metadata\.plugins\org.eclipse.swt\EBWebView\Default
2026-10-06 17:16:03.716: [INFO] MostRecentlyActiveProfile: name=Profile 1 path=C:\Eclipse Java\.metadata\.plugins\org.eclipse.swt\EBWebView\Default lastActive=2026-10-06T15:39:04.363Z
2026-10-06 17:16:03.716: [INFO] OnDoneLoading sync enabled: 0
2026-10-06 17:16:03.716: [INFO] BookmarkModelLoaded, ids_reassigned: 0
2026-10-06 17:16:03.716: [INFO] BookmarksLoadDropped droppedNodes=0
2026-10-06 17:16:03.716: [INFO] BookmarksSnapshot Startup total=0 bar=0 other=0 mobile=0 showBar=0 showBarNTP=1
2026-10-06 17:16:15.222: [INFO] BookmarksSnapshot Shutdown total=0 bar=0 other=0 mobile=0 showBar=0 showBarNTP=1
2026-10-07 02:13:53.642: [INFO] CurrentProfilePath: C:\Eclipse Java\.metadata\.plugins\org.eclipse.swt\EBWebView\Default
2026-10-07 02:13:53.642: [INFO] Profiles total count: 1
2026-10-07 02:13:53.642: [INFO] Profile: name=Profile 1 path=C:\Eclipse Java\.metadata\.plugins\org.eclipse.swt\EBWebView\Default lastActive=2026-10-06T17:16:11.707Z
2026-10-07 02:13:53.642: [INFO] LastUsedProfileDir: C:\Eclipse Java\.metadata\.plugins\org.eclipse.swt\EBWebView\Default
2026-10-07 02:13:53.642: [INFO] MostRecentlyActiveProfile: name=Profile 1 path=C:\Eclipse Java\.metadata\.plugins\org.eclipse.swt\EBWebView\Default lastActive=2026-10-06T17:16:11.707Z
2026-10-07 02:13:53.642: [INFO] OnDoneLoading sync enabled: 0
2026-10-07 02:13:53.642: [INFO] BookmarkModelLoaded, ids_reassigned: 0
2026-10-07 02:13:53.642: [INFO] BookmarksLoadDropped droppedNodes=0
2026-10-07 02:13:53.642: [INFO] BookmarksSnapshot Startup total=0 bar=0 other=0 mobile=0 showBar=0 showBarNTP=1
2026-10-07 03:17:15.176: [INFO] BookmarksSnapshot Shutdown total=0 bar=0 other=0 mobile=0 showBar=0 showBarNTP=1
2026-10-07 03:18:34.936: [INFO] CurrentProfilePath: C:\Eclipse Java\.metadata\.plugins\org.eclipse.swt\EBWebView\Default
2026-10-07 03:18:34.936: [INFO] Profiles total count: 1
2026-10-07 03:18:34.936: [INFO] Profile: name=Profile 1 path=C:\Eclipse Java\.metadata\.plugins\org.eclipse.swt\EBWebView\Default lastActive=2026-10-06T17:16:11.707Z
2026-10-07 03:18:34.936: [INFO] LastUsedProfileDir: C:\Eclipse Java\.metadata\.plugins\org.eclipse.swt\EBWebView\Default
2026-10-07 03:18:34.936: [INFO] MostRecentlyActiveProfile: name=Profile 1 path=C:\Eclipse Java\.metadata\.plugins\org.eclipse.swt\EBWebView\Default lastActive=2026-10-06T17:16:11.707Z
2026-10-07 03:18:34.936: [INFO] OnDoneLoading sync enabled: 0
2026-10-07 03:18:34.936: [INFO] BookmarkModelLoaded, ids_reassigned: 0
2026-10-07 03:18:34.936: [INFO] BookmarksLoadDropped droppedNodes=0
2026-10-07 03:18:34.936: [INFO] BookmarksSnapshot Startup total=0 bar=0 other=0 mobile=0 showBar=0 showBarNTP=1
2026-10-07 03:18:40.486: [INFO] BookmarksSnapshot Shutdown total=0 bar=0 other=0 mobile=0 showBar=0 showBarNTP=1
2026-10-07 03:19:18.963: [INFO] CurrentProfilePath: C:\Eclipse Java\.metadata\.plugins\org.eclipse.swt\EBWebView\Default
2026-10-07 03:19:18.963: [INFO] Profiles total count: 1
2026-10-07 03:19:18.963: [INFO] Profile: name=Profile 1 path=C:\Eclipse Java\.metadata\.plugins\org.eclipse.swt\EBWebView\Default lastActive=2026-10-06T17:16:11.707Z
2026-10-07 03:19:18.963: [INFO] LastUsedProfileDir: C:\Eclipse Java\.metadata\.plugins\org.eclipse.swt\EBWebView\Default
2026-10-07 03:19:18.963: [INFO] MostRecentlyActiveProfile: name=Profile 1 path=C:\Eclipse Java\.metadata\.plugins\org.eclipse.swt\EBWebView\Default lastActive=2026-10-06T17:16:11.707Z
2026-10-07 03:19:18.963: [INFO] OnDoneLoading sync enabled: 0
2026-10-07 03:19:18.963: [INFO] BookmarkModelLoaded, ids_reassigned: 0
2026-10-07 03:19:18.963: [INFO] BookmarksLoadDropped droppedNodes=0
2026-10-07 03:19:18.963: [INFO] BookmarksSnapshot Startup total=0 bar=0 other=0 mobile=0 showBar=0 showBarNTP=1
2026-10-07 03:19:23.214: [INFO] BookmarksSnapshot Shutdown total=0 bar=0 other=0 mobile=0 showBar=0 showBarNTP=1
2026-10-07 03:20:18.295: [INFO] CurrentProfilePath: C:\Eclipse Java\.metadata\.plugins\org.eclipse.swt\EBWebView\Default
2026-10-07 03:20:18.295: [INFO] Profiles total count: 1
2026-10-07 03:20:18.295: [INFO] Profile: name=Profile 1 path=C:\Eclipse Java\.metadata\.plugins\org.eclipse.swt\EBWebView\Default lastActive=2026-10-06T17:16:11.707Z
2026-10-07 03:20:18.295: [INFO] LastUsedProfileDir: C:\Eclipse Java\.metadata\.plugins\org.eclipse.swt\EBWebView\Default
2026-10-07 03:20:18.295: [INFO] MostRecentlyActiveProfile: name=Profile 1 path=C:\Eclipse Java\.metadata\.plugins\org.eclipse.swt\EBWebView\Default lastActive=2026-10-06T17:16:11.707Z
2026-10-07 03:20:18.295: [INFO] OnDoneLoading sync enabled: 0
2026-10-07 03:20:18.295: [INFO] BookmarkModelLoaded, ids_reassigned: 0
2026-10-07 03:20:18.295: [INFO] BookmarksLoadDropped droppedNodes=0
2026-10-07 03:20:18.295: [INFO] BookmarksSnapshot Startup total=0 bar=0 other=0 mobile=0 showBar=0 showBarNTP=1
2026-10-07 03:23:57.921: [INFO] BookmarksSnapshot Shutdown total=0 bar=0 other=0 mobile=0 showBar=0 showBarNTP=1
2026-10-07 03:24:42.856: [INFO] CurrentProfilePath: C:\Eclipse Java\.metadata\.plugins\org.eclipse.swt\EBWebView\Default
2026-10-07 03:24:42.856: [INFO] Profiles total count: 1
2026-10-07 03:24:42.856: [INFO] Profile: name=Profile 1 path=C:\Eclipse Java\.metadata\.plugins\org.eclipse.swt\EBWebView\Default lastActive=2026-10-06T17:16:11.707Z
2026-10-07 03:24:42.856: [INFO] LastUsedProfileDir: C:\Eclipse Java\.metadata\.plugins\org.eclipse.swt\EBWebView\Default
2026-10-07 03:24:42.856: [INFO] MostRecentlyActiveProfile: name=Profile 1 path=C:\Eclipse Java\.metadata\.plugins\org.eclipse.swt\EBWebView\Default lastActive=2026-10-06T17:16:11.707Z
2026-10-07 03:24:42.856: [INFO] OnDoneLoading sync enabled: 0
2026-10-07 03:24:42.856: [INFO] BookmarkModelLoaded, ids_reassigned: 0
2026-10-07 03:24:42.856: [INFO] BookmarksLoadDropped droppedNodes=0
2026-10-07 03:24:42.856: [INFO] BookmarksSnapshot Startup total=0 bar=0 other=0 mobile=0 showBar=0 showBarNTP=1
2026-10-07 04:22:08.085: [INFO] BookmarksSnapshot Shutdown total=0 bar=0 other=0 mobile=0 showBar=0 showBarNTP=1
2026-10-07 04:51:07.672: [INFO] CurrentProfilePath: C:\Eclipse Java\.metadata\.plugins\org.eclipse.swt\EBWebView\Default
2026-10-07 04:51:07.672: [INFO] Profiles total count: 1
2026-10-07 04:51:07.673: [INFO] Profile: name=Profile 1 path=C:\Eclipse Java\.metadata\.plugins\org.eclipse.swt\EBWebView\Default lastActive=2026-10-06T17:16:11.707Z
2026-10-07 04:51:07.673: [INFO] LastUsedProfileDir: C:\Eclipse Java\.metadata\.plugins\org.eclipse.swt\EBWebView\Default
2026-10-07 04:51:07.673: [INFO] MostRecentlyActiveProfile: name=Profile 1 path=C:\Eclipse Java\.metadata\.plugins\org.eclipse.swt\EBWebView\Default lastActive=2026-10-06T17:16:11.707Z
2026-10-07 04:51:07.673: [INFO] OnDoneLoading sync enabled: 0
2026-10-07 04:51:07.673: [INFO] BookmarkModelLoaded, ids_reassigned: 0
2026-10-07 04:51:07.673: [INFO] BookmarksLoadDropped droppedNodes=0
2026-10-07 04:51:07.673: [INFO] BookmarksSnapshot Startup total=0 bar=0 other=0 mobile=0 showBar=0 showBarNTP=1
2026-10-07 04:53:29.621: [INFO] BookmarksSnapshot Shutdown total=0 bar=0 other=0 mobile=0 showBar=0 showBarNTP=1
2026-10-07 10:25:32.460: [INFO] CurrentProfilePath: C:\Eclipse Java\.metadata\.plugins\org.eclipse.swt\EBWebView\Default
2026-10-07 10:25:32.460: [INFO] Profiles total count: 1
2026-10-07 10:25:32.460: [INFO] Profile: name=Profile 1 path=C:\Eclipse Java\.metadata\.plugins\org.eclipse.swt\EBWebView\Default lastActive=2026-10-07T04:53:26.556Z
2026-10-07 10:25:32.460: [INFO] LastUsedProfileDir: C:\Eclipse Java\.metadata\.plugins\org.eclipse.swt\EBWebView\Default
2026-10-07 10:25:32.460: [INFO] MostRecentlyActiveProfile: name=Profile 1 path=C:\Eclipse Java\.metadata\.plugins\org.eclipse.swt\EBWebView\Default lastActive=2026-10-07T04:53:26.556Z
2026-10-07 10:25:32.460: [INFO] OnDoneLoading sync enabled: 0
2026-10-07 10:25:32.460: [INFO] BookmarkModelLoaded, ids_reassigned: 0
2026-10-07 10:25:32.460: [INFO] BookmarksLoadDropped droppedNodes=0
2026-10-07 10:25:32.460: [INFO] BookmarksSnapshot Startup total=0 bar=0 other=0 mobile=0 showBar=0 showBarNTP=1
2026-10-07 10:44:09.861: [INFO] BookmarksSnapshot Shutdown total=0 bar=0 other=0 mobile=0 showBar=0 showBarNTP=1
2026-10-07 10:44:09.935: [INFO] CurrentProfilePath: C:\Eclipse Java\.metadata\.plugins\org.eclipse.swt\EBWebView\Default
2026-10-07 10:44:09.935: [INFO] Profiles total count: 1
2026-10-07 10:44:09.935: [INFO] Profile: name=Profile 1 path=C:\Eclipse Java\.metadata\.plugins\org.eclipse.swt\EBWebView\Default lastActive=2026-10-07T04:53:26.556Z
2026-10-07 10:44:09.935: [INFO] LastUsedProfileDir: C:\Eclipse Java\.metadata\.plugins\org.eclipse.swt\EBWebView\Default
2026-10-07 10:44:09.935: [INFO] MostRecentlyActiveProfile: name=Profile 1 path=C:\Eclipse Java\.metadata\.plugins\org.eclipse.swt\EBWebView\Default lastActive=2026-10-07T04:53:26.556Z
2026-10-07 10:44:09.935: [INFO] OnDoneLoading sync enabled: 0
2026-10-07 10:44:09.935: [INFO] BookmarkModelLoaded, ids_reassigned: 0
2026-10-07 10:44:09.935: [INFO] BookmarksLoadDropped droppedNodes=0
2026-10-07 10:44:09.935: [INFO] BookmarksSnapshot Startup total=0 bar=0 other=0 mobile=0 showBar=0 showBarNTP=1
2026-10-07 10:50:31.379: [INFO] BookmarksSnapshot Shutdown total=0 bar=0 other=0 mobile=0 showBar=0 showBarNTP=1
2026-10-07 10:50:31.580: [INFO] CurrentProfilePath: C:\Eclipse Java\.metadata\.plugins\org.eclipse.swt\EBWebView\Default
2026-10-07 10:50:31.580: [INFO] Profiles total count: 1
2026-10-07 10:50:31.580: [INFO] Profile: name=Profile 1 path=C:\Eclipse Java\.metadata\.plugins\org.eclipse.swt\EBWebView\Default lastActive=2026-10-07T04:53:26.556Z
2026-10-07 10:50:31.580: [INFO] LastUsedProfileDir: C:\Eclipse Java\.metadata\.plugins\org.eclipse.swt\EBWebView\Default
2026-10-07 10:50:31.580: [INFO] MostRecentlyActiveProfile: name=Profile 1 path=C:\Eclipse Java\.metadata\.plugins\org.eclipse.swt\EBWebView\Default lastActive=2026-10-07T04:53:26.556Z
2026-10-07 10:50:31.580: [INFO] OnDoneLoading sync enabled: 0
2026-10-07 10:50:31.580: [INFO] BookmarkModelLoaded, ids_reassigned: 0
2026-10-07 10:50:31.580: [INFO] BookmarksLoadDropped droppedNodes=0
2026-10-07 10:50:31.580: [INFO] BookmarksSnapshot Startup total=0 bar=0 other=0 mobile=0 showBar=0 showBarNTP=1
2026-10-07 10:59:38.791: [INFO] BookmarksSnapshot Shutdown total=0 bar=0 other=0 mobile=0 showBar=0 showBarNTP=1
2026-10-07 11:00:52.902: [INFO] CurrentProfilePath: C:\Eclipse Java\.metadata\.plugins\org.eclipse.swt\EBWebView\Default
2026-10-07 11:00:52.902: [INFO] Profiles total count: 1
2026-10-07 11:00:52.902: [INFO] Profile: name=Profile 1 path=C:\Eclipse Java\.metadata\.plugins\org.eclipse.swt\EBWebView\Default lastActive=2026-10-07T04:53:26.556Z
2026-10-07 11:00:52.902: [INFO] LastUsedProfileDir: C:\Eclipse Java\.metadata\.plugins\org.eclipse.swt\EBWebView\Default
2026-10-07 11:00:52.902: [INFO] MostRecentlyActiveProfile: name=Profile 1 path=C:\Eclipse Java\.metadata\.plugins\org.eclipse.swt\EBWebView\Default lastActive=2026-10-07T04:53:26.556Z
2026-10-07 11:00:52.902: [INFO] OnDoneLoading sync enabled: 0
2026-10-07 11:00:52.902: [INFO] BookmarkModelLoaded, ids_reassigned: 0
2026-10-07 11:00:52.902: [INFO] BookmarksLoadDropped droppedNodes=0
2026-10-07 11:00:52.902: [INFO] BookmarksSnapshot Startup total=0 bar=0 other=0 mobile=0 showBar=0 showBarNTP=1
2026-10-07 11:10:40.064: [INFO] BookmarksSnapshot Shutdown total=0 bar=0 other=0 mobile=0 showBar=0 showBarNTP=1
2026-10-07 15:46:51.554: [INFO] CurrentProfilePath: C:\Eclipse Java\.metadata\.plugins\org.eclipse.swt\EBWebView\Default
2026-10-07 15:46:51.554: [INFO] Profiles total count: 1
2026-10-07 15:46:51.554: [INFO] Profile: name=Profile 1 path=C:\Eclipse Java\.metadata\.plugins\org.eclipse.swt\EBWebView\Default lastActive=2026-10-07T04:53:26.556Z
2026-10-07 15:46:51.554: [INFO] LastUsedProfileDir: C:\Eclipse Java\.metadata\.plugins\org.eclipse.swt\EBWebView\Default
2026-10-07 15:46:51.554: [INFO] MostRecentlyActiveProfile: name=Profile 1 path=C:\Eclipse Java\.metadata\.plugins\org.eclipse.swt\EBWebView\Default lastActive=2026-10-07T04:53:26.556Z
2026-10-07 15:46:51.555: [INFO] OnDoneLoading sync enabled: 0
2026-10-07 15:46:51.555: [INFO] BookmarkModelLoaded, ids_reassigned: 0
2026-10-07 15:46:51.555: [INFO] BookmarksLoadDropped droppedNodes=0
2026-10-07 15:46:51.555: [INFO] BookmarksSnapshot Startup total=0 bar=0 other=0 mobile=0 showBar=0 showBarNTP=1
2026-10-07 15:46:56.116: [INFO] BookmarksSnapshot Shutdown total=0 bar=0 other=0 mobile=0 showBar=0 showBarNTP=1
2026-10-08 03:09:18.825: [INFO] CurrentProfilePath: C:\Eclipse Java\.metadata\.plugins\org.eclipse.swt\EBWebView\Default
2026-10-08 03:09:18.825: [INFO] Profiles total count: 1
2026-10-08 03:09:18.825: [INFO] Profile: name=Profile 1 path=C:\Eclipse Java\.metadata\.plugins\org.eclipse.swt\EBWebView\Default lastActive=2026-10-07T04:53:26.556Z
2026-10-08 03:09:18.825: [INFO] LastUsedProfileDir: C:\Eclipse Java\.metadata\.plugins\org.eclipse.swt\EBWebView\Default
2026-10-08 03:09:18.825: [INFO] MostRecentlyActiveProfile: name=Profile 1 path=C:\Eclipse Java\.metadata\.plugins\org.eclipse.swt\EBWebView\Default lastActive=2026-10-07T04:53:26.556Z
2026-10-08 03:09:18.825: [INFO] OnDoneLoading sync enabled: 0
2026-10-08 03:09:18.825: [INFO] BookmarkModelLoaded, ids_reassigned: 0
2026-10-08 03:09:18.825: [INFO] BookmarksLoadDropped droppedNodes=0
2026-10-08 03:09:18.825: [INFO] BookmarksSnapshot Startup total=0 bar=0 other=0 mobile=0 showBar=0 showBarNTP=1
2026-10-08 03:09:35.284: [INFO] BookmarksSnapshot Shutdown total=0 bar=0 other=0 mobile=0 showBar=0 showBarNTP=1
2026-10-08 03:10:30.091: [INFO] CurrentProfilePath: C:\Eclipse Java\.metadata\.plugins\org.eclipse.swt\EBWebView\Default
2026-10-08 03:10:30.091: [INFO] Profiles total count: 1
2026-10-08 03:10:30.091: [INFO] Profile: name=Profile 1 path=C:\Eclipse Java\.metadata\.plugins\org.eclipse.swt\EBWebView\Default lastActive=2026-10-07T04:53:26.556Z
2026-10-08 03:10:30.091: [INFO] LastUsedProfileDir: C:\Eclipse Java\.metadata\.plugins\org.eclipse.swt\EBWebView\Default
2026-10-08 03:10:30.091: [INFO] MostRecentlyActiveProfile: name=Profile 1 path=C:\Eclipse Java\.metadata\.plugins\org.eclipse.swt\EBWebView\Default lastActive=2026-10-07T04:53:26.556Z
2026-10-08 03:10:30.091: [INFO] OnDoneLoading sync enabled: 0
2026-10-08 03:10:30.091: [INFO] BookmarkModelLoaded, ids_reassigned: 0
2026-10-08 03:10:30.091: [INFO] BookmarksLoadDropped droppedNodes=0
2026-10-08 03:10:30.091: [INFO] BookmarksSnapshot Startup total=0 bar=0 other=0 mobile=0 showBar=0 showBarNTP=1
2026-10-08 03:10:45.522: [INFO] BookmarksSnapshot Shutdown total=0 bar=0 other=0 mobile=0 showBar=0 showBarNTP=1
2026-10-08 03:23:57.188: [INFO] CurrentProfilePath: C:\Eclipse Java\.metadata\.plugins\org.eclipse.swt\EBWebView\Default
2026-10-08 03:23:57.188: [INFO] Profiles total count: 1
2026-10-08 03:23:57.189: [INFO] Profile: name=Profile 1 path=C:\Eclipse Java\.metadata\.plugins\org.eclipse.swt\EBWebView\Default lastActive=2026-10-07T04:53:26.556Z
2026-10-08 03:23:57.189: [INFO] LastUsedProfileDir: C:\Eclipse Java\.metadata\.plugins\org.eclipse.swt\EBWebView\Default
2026-10-08 03:23:57.189: [INFO] MostRecentlyActiveProfile: name=Profile 1 path=C:\Eclipse Java\.metadata\.plugins\org.eclipse.swt\EBWebView\Default lastActive=2026-10-07T04:53:26.556Z
2026-10-08 03:23:57.189: [INFO] OnDoneLoading sync enabled: 0
2026-10-08 03:23:57.189: [INFO] BookmarkModelLoaded, ids_reassigned: 0
2026-10-08 03:23:57.189: [INFO] BookmarksLoadDropped droppedNodes=0
2026-10-08 03:23:57.189: [INFO] BookmarksSnapshot Startup total=0 bar=0 other=0 mobile=0 showBar=0 showBarNTP=1
2026-10-08 03:29:34.031: [INFO] BookmarksSnapshot Shutdown total=0 bar=0 other=0 mobile=0 showBar=0 showBarNTP=1
2026-10-08 03:29:34.103: [INFO] CurrentProfilePath: C:\Eclipse Java\.metadata\.plugins\org.eclipse.swt\EBWebView\Default
2026-10-08 03:29:34.103: [INFO] Profiles total count: 1
2026-10-08 03:29:34.103: [INFO] Profile: name=Profile 1 path=C:\Eclipse Java\.metadata\.plugins\org.eclipse.swt\EBWebView\Default lastActive=2026-10-07T04:53:26.556Z
2026-10-08 03:29:34.103: [INFO] LastUsedProfileDir: C:\Eclipse Java\.metadata\.plugins\org.eclipse.swt\EBWebView\Default
2026-10-08 03:29:34.103: [INFO] MostRecentlyActiveProfile: name=Profile 1 path=C:\Eclipse Java\.metadata\.plugins\org.eclipse.swt\EBWebView\Default lastActive=2026-10-07T04:53:26.556Z
2026-10-08 03:29:34.103: [INFO] OnDoneLoading sync enabled: 0
2026-10-08 03:29:34.103: [INFO] BookmarkModelLoaded, ids_reassigned: 0
2026-10-08 03:29:34.103: [INFO] BookmarksLoadDropped droppedNodes=0
2026-10-08 03:29:34.103: [INFO] BookmarksSnapshot Startup total=0 bar=0 other=0 mobile=0 showBar=0 showBarNTP=1
2026-10-08 04:32:10.294: [INFO] BookmarksSnapshot Shutdown total=0 bar=0 other=0 mobile=0 showBar=0 showBarNTP=1
2026-10-08 04:32:33.686: [INFO] CurrentProfilePath: C:\Eclipse Java\.metadata\.plugins\org.eclipse.swt\EBWebView\Default
2026-10-08 04:32:33.686: [INFO] Profiles total count: 1
2026-10-08 04:32:33.687: [INFO] Profile: name=Profile 1 path=C:\Eclipse Java\.metadata\.plugins\org.eclipse.swt\EBWebView\Default lastActive=2026-10-07T04:53:26.556Z
2026-10-08 04:32:33.687: [INFO] LastUsedProfileDir: C:\Eclipse Java\.metadata\.plugins\org.eclipse.swt\EBWebView\Default
2026-10-08 04:32:33.687: [INFO] MostRecentlyActiveProfile: name=Profile 1 path=C:\Eclipse Java\.metadata\.plugins\org.eclipse.swt\EBWebView\Default lastActive=2026-10-07T04:53:26.556Z
2026-10-08 04:32:33.687: [INFO] OnDoneLoading sync enabled: 0
2026-10-08 04:32:33.687: [INFO] BookmarkModelLoaded, ids_reassigned: 0
2026-10-08 04:32:33.687: [INFO] BookmarksLoadDropped droppedNodes=0
2026-10-08 04:32:33.687: [INFO] BookmarksSnapshot Startup total=0 bar=0 other=0 mobile=0 showBar=0 showBarNTP=1
2026-10-08 04:33:00.905: [INFO] BookmarksSnapshot Shutdown total=0 bar=0 other=0 mobile=0 showBar=0 showBarNTP=1
2026-10-08 04:33:01.023: [INFO] CurrentProfilePath: C:\Eclipse Java\.metadata\.plugins\org.eclipse.swt\EBWebView\Default
2026-10-08 04:33:01.023: [INFO] Profiles total count: 1
2026-10-08 04:33:01.023: [INFO] Profile: name=Profile 1 path=C:\Eclipse Java\.metadata\.plugins\org.eclipse.swt\EBWebView\Default lastActive=2026-10-07T04:53:26.556Z
2026-10-08 04:33:01.024: [INFO] LastUsedProfileDir: C:\Eclipse Java\.metadata\.plugins\org.eclipse.swt\EBWebView\Default
2026-10-08 04:33:01.024: [INFO] MostRecentlyActiveProfile: name=Profile 1 path=C:\Eclipse Java\.metadata\.plugins\org.eclipse.swt\EBWebView\Default lastActive=2026-10-07T04:53:26.556Z
2026-10-08 04:33:01.024: [INFO] OnDoneLoading sync enabled: 0
2026-10-08 04:33:01.024: [INFO] BookmarkModelLoaded, ids_reassigned: 0
2026-10-08 04:33:01.024: [INFO] BookmarksLoadDropped droppedNodes=0
2026-10-08 04:33:01.024: [INFO] BookmarksSnapshot Startup total=0 bar=0 other=0 mobile=0 showBar=0 showBarNTP=1
2026-10-08 04:36:14.350: [INFO] BookmarksSnapshot Shutdown total=0 bar=0 other=0 mobile=0 showBar=0 showBarNTP=1
