{"logTime": "0921/064335", "level": "INFO", "message": "UserPrefStore loaded: error=NO_FILE (6)"}
{"logTime": "0921/065316", "level": "INFO", "message": "UserPrefStore loaded: error=NONE (0)"}
{"logTime": "0921/065456", "level": "INFO", "message": "UserPrefStore loaded: error=NONE (0)"}
{"logTime": "0921/071514", "level": "INFO", "message": "UserPrefStore loaded: error=NONE (0)"}
{"logTime": "0921/071729", "level": "INFO", "message": "UserPrefStore loaded: error=NONE (0)"}
{"logTime": "0921/072735", "level": "INFO", "message": "UserPrefStore loaded: error=NONE (0)"}
{"logTime": "0921/072846", "level": "INFO", "message": "UserPrefStore loaded: error=NONE (0)"}
{"logTime": "0921/082006", "level": "INFO", "message": "UserPrefStore loaded: error=NONE (0)"}
{"logTime": "0921/130652", "level": "INFO", "message": "UserPrefStore loaded: error=NONE (0)"}
{"logTime": "0921/152805", "level": "INFO", "message": "UserPrefStore loaded: error=NONE (0)"}
{"logTime": "0921/160617", "level": "INFO", "message": "UserPrefStore loaded: error=NONE (0)"}
{"logTime": "0921/162511", "level": "INFO", "message": "UserPrefStore loaded: error=NONE (0)"}
{"logTime": "0922/023725", "level": "INFO", "message": "UserPrefStore loaded: error=NONE (0)"}
{"logTime": "0922/030135", "level": "INFO", "message": "UserPrefStore loaded: error=NONE (0)"}
{"logTime": "0922/084454", "level": "INFO", "message": "UserPrefStore loaded: error=NONE (0)"}
{"logTime": "0922/091541", "level": "INFO", "message": "UserPrefStore loaded: error=NONE (0)"}
{"logTime": "0922/123840", "level": "INFO", "message": "UserPrefStore loaded: error=NONE (0)"}
{"logTime": "0922/125059", "level": "INFO", "message": "UserPrefStore loaded: error=NONE (0)"}
{"logTime": "0922/125252", "level": "INFO", "message": "UserPrefStore loaded: error=NONE (0)"}
{"logTime": "0922/125309", "level": "INFO", "message": "UserPrefStore loaded: error=NONE (0)"}
{"logTime": "0922/160520", "level": "INFO", "message": "UserPrefStore loaded: error=NONE (0)"}
{"logTime": "0922/160924", "level": "INFO", "message": "UserPrefStore loaded: error=NONE (0)"}
{"logTime": "0922/170616", "level": "INFO", "message": "UserPrefStore loaded: error=NONE (0)"}
{"logTime": "0922/171016", "level": "INFO", "message": "UserPrefStore loaded: error=NONE (0)"}
{"logTime": "0922/171141", "level": "INFO", "message": "UserPrefStore loaded: error=NONE (0)"}
{"logTime": "0923/020806", "level": "INFO", "message": "UserPrefStore loaded: error=NONE (0)"}
{"logTime": "0923/020942", "level": "INFO", "message": "UserPrefStore loaded: error=NONE (0)"}
{"logTime": "0923/033219", "level": "INFO", "message": "UserPrefStore loaded: error=NONE (0)"}
{"logTime": "0923/034743", "level": "INFO", "message": "UserPrefStore loaded: error=NONE (0)"}
{"logTime": "0923/035303", "level": "INFO", "message": "UserPrefStore loaded: error=NONE (0)"}
{"logTime": "0923/035408", "level": "INFO", "message": "UserPrefStore loaded: error=NONE (0)"}
{"logTime": "0923/035520", "level": "INFO", "message": "UserPrefStore loaded: error=NONE (0)"}
{"logTime": "0923/041132", "level": "INFO", "message": "UserPrefStore loaded: error=NONE (0)"}
{"logTime": "0923/041229", "level": "INFO", "message": "UserPrefStore loaded: error=NONE (0)"}
{"logTime": "0923/041336", "level": "INFO", "message": "UserPrefStore loaded: error=NONE (0)"}
{"logTime": "0923/090242", "level": "INFO", "message": "UserPrefStore loaded: error=NONE (0)"}
{"logTime": "0923/092353", "level": "INFO", "message": "UserPrefStore loaded: error=NONE (0)"}
{"logTime": "0923/093118", "level": "INFO", "message": "UserPrefStore loaded: error=NONE (0)"}
{"logTime": "0923/093205", "level": "INFO", "message": "UserPrefStore loaded: error=NONE (0)"}
{"logTime": "0923/100331", "level": "INFO", "message": "UserPrefStore loaded: error=NONE (0)"}
{"logTime": "0923/161237", "level": "INFO", "message": "UserPrefStore loaded: error=NONE (0)"}
{"logTime": "0923/170934", "level": "INFO", "message": "UserPrefStore loaded: error=NONE (0)"}
{"logTime": "0923/184033", "level": "INFO", "message": "UserPrefStore loaded: error=NONE (0)"}
{"logTime": "0923/191613", "level": "INFO", "message": "UserPrefStore loaded: error=NONE (0)"}
{"logTime": "0923/191945", "level": "INFO", "message": "UserPrefStore loaded: error=NONE (0)"}
{"logTime": "0924/021314", "level": "INFO", "message": "UserPrefStore loaded: error=NONE (0)"}
{"logTime": "0924/032356", "level": "INFO", "message": "UserPrefStore loaded: error=NONE (0)"}
{"logTime": "0924/032644", "level": "INFO", "message": "UserPrefStore loaded: error=NONE (0)"}
{"logTime": "0924/032716", "level": "INFO", "message": "UserPrefStore loaded: error=NONE (0)"}
{"logTime": "0924/032730", "level": "INFO", "message": "UserPrefStore loaded: error=NONE (0)"}
{"logTime": "0924/032829", "level": "INFO", "message": "UserPrefStore loaded: error=NONE (0)"}
{"logTime": "0924/033456", "level": "INFO", "message": "UserPrefStore loaded: error=NONE (0)"}
{"logTime": "0924/034049", "level": "INFO", "message": "UserPrefStore loaded: error=NONE (0)"}
{"logTime": "0924/034340", "level": "INFO", "message": "UserPrefStore loaded: error=NONE (0)"}
{"logTime": "0924/035651", "level": "INFO", "message": "UserPrefStore loaded: error=NONE (0)"}
{"logTime": "0924/040054", "level": "INFO", "message": "UserPrefStore loaded: error=NONE (0)"}
{"logTime": "0924/040132", "level": "INFO", "message": "UserPrefStore loaded: error=NONE (0)"}
{"logTime": "0924/040643", "level": "INFO", "message": "UserPrefStore loaded: error=NONE (0)"}
{"logTime": "0924/040809", "level": "INFO", "message": "UserPrefStore loaded: error=NONE (0)"}
{"logTime": "0924/040919", "level": "INFO", "message": "UserPrefStore loaded: error=NONE (0)"}
{"logTime": "0924/040943", "level": "INFO", "message": "UserPrefStore loaded: error=NONE (0)"}
{"logTime": "0924/041111", "level": "INFO", "message": "UserPrefStore loaded: error=NONE (0)"}
{"logTime": "0924/041651", "level": "INFO", "message": "UserPrefStore loaded: error=NONE (0)"}
{"logTime": "0924/043328", "level": "INFO", "message": "UserPrefStore loaded: error=NONE (0)"}
{"logTime": "0924/084426", "level": "INFO", "message": "UserPrefStore loaded: error=NONE (0)"}
{"logTime": "0924/085621", "level": "INFO", "message": "UserPrefStore loaded: error=NONE (0)"}
{"logTime": "0924/091252", "level": "INFO", "message": "UserPrefStore loaded: error=NONE (0)"}
{"logTime": "0924/091449", "level": "INFO", "message": "UserPrefStore loaded: error=NONE (0)"}
{"logTime": "0924/091513", "level": "INFO", "message": "UserPrefStore loaded: error=NONE (0)"}
{"logTime": "0924/091522", "level": "INFO", "message": "UserPrefStore loaded: error=NONE (0)"}
{"logTime": "0924/091631", "level": "INFO", "message": "UserPrefStore loaded: error=NONE (0)"}
{"logTime": "0924/092400", "level": "INFO", "message": "UserPrefStore loaded: error=NONE (0)"}
{"logTime": "0924/094131", "level": "INFO", "message": "UserPrefStore loaded: error=NONE (0)"}
{"logTime": "0924/102819", "level": "INFO", "message": "UserPrefStore loaded: error=NONE (0)"}
{"logTime": "0924/103720", "level": "INFO", "message": "UserPrefStore loaded: error=NONE (0)"}
{"logTime": "0924/132950", "level": "INFO", "message": "UserPrefStore loaded: error=NONE (0)"}
{"logTime": "0924/133213", "level": "INFO", "message": "UserPrefStore loaded: error=NONE (0)"}
{"logTime": "0924/133317", "level": "INFO", "message": "UserPrefStore loaded: error=NONE (0)"}
{"logTime": "0924/133918", "level": "INFO", "message": "UserPrefStore loaded: error=NONE (0)"}
{"logTime": "0924/165151", "level": "INFO", "message": "UserPrefStore loaded: error=NONE (0)"}
{"logTime": "0924/165728", "level": "INFO", "message": "UserPrefStore loaded: error=NONE (0)"}
{"logTime": "0924/170020", "level": "INFO", "message": "UserPrefStore loaded: error=NONE (0)"}
{"logTime": "0924/170457", "level": "INFO", "message": "UserPrefStore loaded: error=NONE (0)"}
{"logTime": "0924/170729", "level": "INFO", "message": "UserPrefStore loaded: error=NONE (0)"}
{"logTime": "0924/175157", "level": "INFO", "message": "UserPrefStore loaded: error=NONE (0)"}
{"logTime": "0925/021721", "level": "INFO", "message": "UserPrefStore loaded: error=NONE (0)"}
{"logTime": "0925/033622", "level": "INFO", "message": "UserPrefStore loaded: error=NONE (0)"}
{"logTime": "0925/034727", "level": "INFO", "message": "UserPrefStore loaded: error=NONE (0)"}
{"logTime": "0925/034843", "level": "INFO", "message": "UserPrefStore loaded: error=NONE (0)"}
{"logTime": "0925/035023", "level": "INFO", "message": "UserPrefStore loaded: error=NONE (0)"}
{"logTime": "0925/035400", "level": "INFO", "message": "UserPrefStore loaded: error=NONE (0)"}
{"logTime": "0926/074813", "level": "INFO", "message": "UserPrefStore loaded: error=NONE (0)"}
{"logTime": "0926/094227", "level": "INFO", "message": "UserPrefStore loaded: error=NONE (0)"}
{"logTime": "0926/095114", "level": "INFO", "message": "UserPrefStore loaded: error=NONE (0)"}
{"logTime": "0926/104708", "level": "INFO", "message": "UserPrefStore loaded: error=NONE (0)"}
{"logTime": "0926/104746", "level": "INFO", "message": "UserPrefStore loaded: error=NONE (0)"}
{"logTime": "0926/104934", "level": "INFO", "message": "UserPrefStore loaded: error=NONE (0)"}
{"logTime": "0926/112048", "level": "INFO", "message": "UserPrefStore loaded: error=NONE (0)"}
{"logTime": "0926/113435", "level": "INFO", "message": "UserPrefStore loaded: error=NONE (0)"}
{"logTime": "0926/122334", "level": "INFO", "message": "UserPrefStore loaded: error=NONE (0)"}
{"logTime": "0926/153259", "level": "INFO", "message": "UserPrefStore loaded: error=NONE (0)"}
{"logTime": "0926/153442", "level": "INFO", "message": "UserPrefStore loaded: error=NONE (0)"}
{"logTime": "0926/173402", "level": "INFO", "message": "UserPrefStore loaded: error=NONE (0)"}
{"logTime": "0928/015333", "level": "INFO", "message": "UserPrefStore loaded: error=NONE (0)"}
{"logTime": "0928/015420", "level": "INFO", "message": "UserPrefStore loaded: error=NONE (0)"}
{"logTime": "0928/022635", "level": "INFO", "message": "UserPrefStore loaded: error=NONE (0)"}
{"logTime": "0928/030809", "level": "INFO", "message": "UserPrefStore loaded: error=NONE (0)"}
{"logTime": "0928/031604", "level": "INFO", "message": "UserPrefStore loaded: error=NONE (0)"}
{"logTime": "0928/032232", "level": "INFO", "message": "UserPrefStore loaded: error=NONE (0)"}
{"logTime": "0928/034346", "level": "INFO", "message": "UserPrefStore loaded: error=NONE (0)"}
{"logTime": "0928/034401", "level": "INFO", "message": "UserPrefStore loaded: error=NONE (0)"}
{"logTime": "0928/034412", "level": "INFO", "message": "UserPrefStore loaded: error=NONE (0)"}
{"logTime": "0928/115043", "level": "INFO", "message": "UserPrefStore loaded: error=NONE (0)"}
{"logTime": "0928/115122", "level": "INFO", "message": "UserPrefStore loaded: error=NONE (0)"}
{"logTime": "0928/115327", "level": "INFO", "message": "UserPrefStore loaded: error=NONE (0)"}
{"logTime": "0928/115420", "level": "INFO", "message": "UserPrefStore loaded: error=NONE (0)"}
{"logTime": "0928/120205", "level": "INFO", "message": "UserPrefStore loaded: error=NONE (0)"}
{"logTime": "0928/122520", "level": "INFO", "message": "UserPrefStore loaded: error=NONE (0)"}
{"logTime": "0928/123931", "level": "INFO", "message": "UserPrefStore loaded: error=NONE (0)"}
{"logTime": "0928/125058", "level": "INFO", "message": "UserPrefStore loaded: error=NONE (0)"}
{"logTime": "0929/071405", "level": "INFO", "message": "UserPrefStore loaded: error=NONE (0)"}
{"logTime": "0929/071702", "level": "INFO", "message": "UserPrefStore loaded: error=NONE (0)"}
{"logTime": "0929/072203", "level": "INFO", "message": "UserPrefStore loaded: error=NONE (0)"}
{"logTime": "0929/072446", "level": "INFO", "message": "UserPrefStore loaded: error=NONE (0)"}
{"logTime": "0929/072633", "level": "INFO", "message": "UserPrefStore loaded: error=NONE (0)"}
{"logTime": "0929/073242", "level": "INFO", "message": "UserPrefStore loaded: error=NONE (0)"}
{"logTime": "0929/075027", "level": "INFO", "message": "UserPrefStore loaded: error=NONE (0)"}
{"logTime": "0929/075858", "level": "INFO", "message": "UserPrefStore loaded: error=NONE (0)"}
{"logTime": "0929/084041", "level": "INFO", "message": "UserPrefStore loaded: error=NONE (0)"}
{"logTime": "0929/084712", "level": "INFO", "message": "UserPrefStore loaded: error=NONE (0)"}
{"logTime": "0929/172914", "level": "INFO", "message": "UserPrefStore loaded: error=NONE (0)"}
{"logTime": "0929/174736", "level": "INFO", "message": "UserPrefStore loaded: error=NONE (0)"}
{"logTime": "0929/175744", "level": "INFO", "message": "UserPrefStore loaded: error=NONE (0)"}
{"logTime": "0930/023608", "level": "INFO", "message": "UserPrefStore loaded: error=NONE (0)"}
{"logTime": "0930/023608", "level": "INFO", "message": "Preference changed: name=optimization_guide.previously_registered_optimization_types, new_value=[object], source=unknown"}
{"logTime": "0930/023608", "level": "INFO", "message": "Preference changed: name=extensions.chrome_url_overrides, new_value=[object], source=unknown"}
{"logTime": "0930/023608", "level": "INFO", "message": "Preference changed: name=sessions.session_data_status, new_value=1, source=unknown"}
{"logTime": "0930/023608", "level": "INFO", "message": "Preference changed: name=sessions.event_log, new_value=[object], source=unknown"}
{"logTime": "0930/023608", "level": "INFO", "message": "Preference changed: name=optimization_guide.previously_registered_optimization_types, new_value=[object], source=unknown"}
{"logTime": "0930/023608", "level": "INFO", "message": "Preference changed: name=optimization_guide.previously_registered_optimization_types, new_value=[object], source=unknown"}
{"logTime": "0930/023608", "level": "INFO", "message": "Preference changed: name=optimization_guide.previously_registered_optimization_types, new_value=[object], source=unknown"}
{"logTime": "0930/023608", "level": "INFO", "message": "Preference changed: name=optimization_guide.previously_registered_optimization_types, new_value=[object], source=unknown"}
{"logTime": "0930/023608", "level": "INFO", "message": "Preference changed: name=optimization_guide.previously_registered_optimization_types, new_value=[object], source=unknown"}
{"logTime": "0930/023608", "level": "INFO", "message": "Preference changed: name=profile.network_pbs, new_value=[object], source=unknown"}
{"logTime": "0930/023608", "level": "INFO", "message": "Preference changed: name=profile.password_hash_data_list, new_value=[object], source=unknown"}
{"logTime": "0930/023608", "level": "INFO", "message": "Preference changed: name=schedule_to_flush_to_disk, new_value=\"13435209368591305\", source=unknown"}
{"logTime": "0930/023608", "level": "INFO", "message": "Preference changed: name=schedule_to_flush_to_disk, new_value=\"13435209368592067\", source=unknown"}
{"logTime": "0930/023608", "level": "INFO", "message": "Preference changed: name=edge.services.signin_scoped_device_id, new_value=\"04770f43-b590-467c-96a3-d7b469addd0f\", source=unknown"}
{"logTime": "0930/023608", "level": "INFO", "message": "Preference changed: name=optimization_guide.previously_registered_optimization_types, new_value=[object], source=unknown"}
{"logTime": "0930/023608", "level": "INFO", "message": "Preference changed: name=extensions.chrome_url_overrides, new_value=[object], source=unknown"}
{"logTime": "0930/023608", "level": "INFO", "message": "Preference changed: name=autofill.credit_card_enabled, new_value=false, source=unknown"}
{"logTime": "0930/023608", "level": "INFO", "message": "Preference changed: name=enable_edge_collections, new_value=false, source=unknown"}
{"logTime": "0930/023608", "level": "INFO", "message": "Preference changed: name=resolve_navigation_errors_use_web_service.enabled, new_value=false, source=unknown"}
{"logTime": "0930/023608", "level": "INFO", "message": "Preference changed: name=alternate_error_pages.enabled, new_value=false, source=unknown"}
{"logTime": "0930/023608", "level": "INFO", "message": "Preference changed: name=optimization_guide.previously_registered_optimization_types, new_value=[object], source=unknown"}
{"logTime": "0930/023608", "level": "INFO", "message": "Preference changed: name=in_product_help.session_last_active_time, new_value=\"13435209368639224\", source=unknown"}
{"logTime": "0930/023608", "level": "INFO", "message": "Preference changed: name=optimization_guide.previously_registered_optimization_types, new_value=[object], source=unknown"}
{"logTime": "0930/023608", "level": "INFO", "message": "Preference changed: name=profile.content_settings.exceptions.storage_access_header_origin_trial, new_value=[object], source=unknown"}
{"logTime": "0930/023608", "level": "INFO", "message": "Preference changed: name=sessions.session_data_status, new_value=2, source=unknown"}
{"logTime": "0930/023608", "level": "INFO", "message": "Preference changed: name=sessions.session_data_status, new_value=3, source=unknown"}
{"logTime": "0930/023608", "level": "INFO", "message": "Preference changed: name=sessions.session_data_status, new_value=1, source=unknown"}
{"logTime": "0930/023608", "level": "INFO", "message": "Preference changed: name=sessions.event_log, new_value=[object], source=unknown"}
{"logTime": "0930/023608", "level": "INFO", "message": "Preference changed: name=edge_rewards.coachmark_promotions, new_value=[object], source=unknown"}
{"logTime": "0930/023608", "level": "INFO", "message": "Preference changed: name=edge_rewards.hva_promotions, new_value=[object], source=unknown"}
{"logTime": "0930/023618", "level": "INFO", "message": "PrefStore write completed: store=4, success=true"}
{"logTime": "0930/023618", "level": "INFO", "message": "PrefStore write completed: store=4, success=true"}
{"logTime": "0930/023658", "level": "INFO", "message": "Preference changed: name=sessions.session_data_status, new_value=2, source=unknown"}
{"logTime": "0930/023658", "level": "INFO", "message": "Preference changed: name=sessions.session_data_status, new_value=3, source=unknown"}
{"logTime": "0930/023703", "level": "INFO", "message": "UserPrefStore loaded: error=NONE (0)"}
{"logTime": "0930/023703", "level": "INFO", "message": "Preference changed: name=optimization_guide.previously_registered_optimization_types, new_value=[object], source=unknown"}
{"logTime": "0930/023703", "level": "INFO", "message": "Preference changed: name=extensions.chrome_url_overrides, new_value=[object], source=unknown"}
{"logTime": "0930/023703", "level": "INFO", "message": "Preference changed: name=sessions.session_data_status, new_value=1, source=unknown"}
{"logTime": "0930/023703", "level": "INFO", "message": "Preference changed: name=sessions.event_log, new_value=[object], source=unknown"}
{"logTime": "0930/023703", "level": "INFO", "message": "Preference changed: name=optimization_guide.previously_registered_optimization_types, new_value=[object], source=unknown"}
{"logTime": "0930/023703", "level": "INFO", "message": "Preference changed: name=optimization_guide.previously_registered_optimization_types, new_value=[object], source=unknown"}
{"logTime": "0930/023703", "level": "INFO", "message": "Preference changed: name=optimization_guide.previously_registered_optimization_types, new_value=[object], source=unknown"}
{"logTime": "0930/023703", "level": "INFO", "message": "Preference changed: name=optimization_guide.previously_registered_optimization_types, new_value=[object], source=unknown"}
{"logTime": "0930/023703", "level": "INFO", "message": "Preference changed: name=optimization_guide.previously_registered_optimization_types, new_value=[object], source=unknown"}
{"logTime": "0930/023703", "level": "INFO", "message": "Preference changed: name=profile.network_pbs, new_value=[object], source=unknown"}
{"logTime": "0930/023703", "level": "INFO", "message": "Preference changed: name=profile.password_hash_data_list, new_value=[object], source=unknown"}
{"logTime": "0930/023703", "level": "INFO", "message": "Preference changed: name=schedule_to_flush_to_disk, new_value=\"13435209423148897\", source=unknown"}
{"logTime": "0930/023703", "level": "INFO", "message": "Preference changed: name=schedule_to_flush_to_disk, new_value=\"13435209423149586\", source=unknown"}
{"logTime": "0930/023703", "level": "INFO", "message": "Preference changed: name=edge.services.signin_scoped_device_id, new_value=\"48650e9d-1951-4b17-9c5b-55f25e233246\", source=unknown"}
{"logTime": "0930/023703", "level": "INFO", "message": "Preference changed: name=optimization_guide.previously_registered_optimization_types, new_value=[object], source=unknown"}
{"logTime": "0930/023703", "level": "INFO", "message": "Preference changed: name=extensions.chrome_url_overrides, new_value=[object], source=unknown"}
{"logTime": "0930/023703", "level": "INFO", "message": "Preference changed: name=autofill.credit_card_enabled, new_value=false, source=unknown"}
{"logTime": "0930/023703", "level": "INFO", "message": "Preference changed: name=enable_edge_collections, new_value=false, source=unknown"}
{"logTime": "0930/023703", "level": "INFO", "message": "Preference changed: name=resolve_navigation_errors_use_web_service.enabled, new_value=false, source=unknown"}
{"logTime": "0930/023703", "level": "INFO", "message": "Preference changed: name=alternate_error_pages.enabled, new_value=false, source=unknown"}
{"logTime": "0930/023703", "level": "INFO", "message": "Preference changed: name=optimization_guide.previously_registered_optimization_types, new_value=[object], source=unknown"}
{"logTime": "0930/023703", "level": "INFO", "message": "Preference changed: name=in_product_help.session_last_active_time, new_value=\"13435209423195412\", source=unknown"}
{"logTime": "0930/023703", "level": "INFO", "message": "Preference changed: name=optimization_guide.previously_registered_optimization_types, new_value=[object], source=unknown"}
{"logTime": "0930/023703", "level": "INFO", "message": "Preference changed: name=profile.content_settings.exceptions.storage_access_header_origin_trial, new_value=[object], source=unknown"}
{"logTime": "0930/023703", "level": "INFO", "message": "Preference changed: name=edge_rewards.coachmark_promotions, new_value=[object], source=unknown"}
{"logTime": "0930/023703", "level": "INFO", "message": "Preference changed: name=edge_rewards.hva_promotions, new_value=[object], source=unknown"}
{"logTime": "0930/023713", "level": "INFO", "message": "PrefStore write completed: store=4, success=true"}
{"logTime": "0930/023713", "level": "INFO", "message": "PrefStore write completed: store=4, success=true"}
{"logTime": "0930/023859", "level": "INFO", "message": "Preference changed: name=sessions.session_data_status, new_value=2, source=unknown"}
{"logTime": "0930/023859", "level": "INFO", "message": "Preference changed: name=sessions.session_data_status, new_value=3, source=unknown"}
{"logTime": "0930/023859", "level": "INFO", "message": "Preference changed: name=sessions.event_log, new_value=[object], source=unknown"}
{"logTime": "0930/030405", "level": "INFO", "message": "UserPrefStore loaded: error=NONE (0)"}
{"logTime": "0930/030405", "level": "INFO", "message": "Preference changed: name=optimization_guide.previously_registered_optimization_types, new_value=[object], source=unknown"}
{"logTime": "0930/030405", "level": "INFO", "message": "Preference changed: name=extensions.chrome_url_overrides, new_value=[object], source=unknown"}
{"logTime": "0930/030405", "level": "INFO", "message": "Preference changed: name=sessions.session_data_status, new_value=1, source=unknown"}
{"logTime": "0930/030405", "level": "INFO", "message": "Preference changed: name=sessions.event_log, new_value=[object], source=unknown"}
{"logTime": "0930/030405", "level": "INFO", "message": "Preference changed: name=optimization_guide.previously_registered_optimization_types, new_value=[object], source=unknown"}
{"logTime": "0930/030405", "level": "INFO", "message": "Preference changed: name=optimization_guide.previously_registered_optimization_types, new_value=[object], source=unknown"}
{"logTime": "0930/030405", "level": "INFO", "message": "Preference changed: name=optimization_guide.previously_registered_optimization_types, new_value=[object], source=unknown"}
{"logTime": "0930/030405", "level": "INFO", "message": "Preference changed: name=optimization_guide.previously_registered_optimization_types, new_value=[object], source=unknown"}
{"logTime": "0930/030405", "level": "INFO", "message": "Preference changed: name=optimization_guide.previously_registered_optimization_types, new_value=[object], source=unknown"}
{"logTime": "0930/030405", "level": "INFO", "message": "Preference changed: name=profile.network_pbs, new_value=[object], source=unknown"}
{"logTime": "0930/030405", "level": "INFO", "message": "Preference changed: name=profile.password_hash_data_list, new_value=[object], source=unknown"}
{"logTime": "0930/030405", "level": "INFO", "message": "Preference changed: name=schedule_to_flush_to_disk, new_value=\"13435211045592310\", source=unknown"}
{"logTime": "0930/030405", "level": "INFO", "message": "Preference changed: name=schedule_to_flush_to_disk, new_value=\"13435211045593040\", source=unknown"}
{"logTime": "0930/030405", "level": "INFO", "message": "Preference changed: name=edge.services.signin_scoped_device_id, new_value=\"c321ae75-0e3a-41b2-bd93-d93eeb8b4194\", source=unknown"}
{"logTime": "0930/030405", "level": "INFO", "message": "Preference changed: name=optimization_guide.previously_registered_optimization_types, new_value=[object], source=unknown"}
{"logTime": "0930/030405", "level": "INFO", "message": "Preference changed: name=extensions.chrome_url_overrides, new_value=[object], source=unknown"}
{"logTime": "0930/030405", "level": "INFO", "message": "Preference changed: name=autofill.credit_card_enabled, new_value=false, source=unknown"}
{"logTime": "0930/030405", "level": "INFO", "message": "Preference changed: name=enable_edge_collections, new_value=false, source=unknown"}
{"logTime": "0930/030405", "level": "INFO", "message": "Preference changed: name=resolve_navigation_errors_use_web_service.enabled, new_value=false, source=unknown"}
{"logTime": "0930/030405", "level": "INFO", "message": "Preference changed: name=alternate_error_pages.enabled, new_value=false, source=unknown"}
{"logTime": "0930/030405", "level": "INFO", "message": "Preference changed: name=optimization_guide.previously_registered_optimization_types, new_value=[object], source=unknown"}
{"logTime": "0930/030405", "level": "INFO", "message": "Preference changed: name=in_product_help.session_last_active_time, new_value=\"13435211045639848\", source=unknown"}
{"logTime": "0930/030405", "level": "INFO", "message": "Preference changed: name=optimization_guide.previously_registered_optimization_types, new_value=[object], source=unknown"}
{"logTime": "0930/030405", "level": "INFO", "message": "Preference changed: name=profile.content_settings.exceptions.storage_access_header_origin_trial, new_value=[object], source=unknown"}
{"logTime": "0930/030405", "level": "INFO", "message": "Preference changed: name=edge_rewards.coachmark_promotions, new_value=[object], source=unknown"}
{"logTime": "0930/030405", "level": "INFO", "message": "Preference changed: name=edge_rewards.hva_promotions, new_value=[object], source=unknown"}
{"logTime": "0930/030415", "level": "INFO", "message": "PrefStore write completed: store=4, success=true"}
{"logTime": "0930/030415", "level": "INFO", "message": "PrefStore write completed: store=4, success=true"}
{"logTime": "0930/030732", "level": "INFO", "message": "Preference changed: name=sessions.event_log, new_value=[object], source=unknown"}
{"logTime": "0930/030742", "level": "INFO", "message": "PrefStore write completed: store=4, success=true"}
{"logTime": "0930/032803", "level": "INFO", "message": "Preference changed: name=sessions.session_data_status, new_value=2, source=unknown"}
{"logTime": "0930/032803", "level": "INFO", "message": "Preference changed: name=sessions.session_data_status, new_value=3, source=unknown"}
{"logTime": "0930/033034", "level": "INFO", "message": "UserPrefStore loaded: error=NONE (0)"}
{"logTime": "0930/033034", "level": "INFO", "message": "Preference changed: name=optimization_guide.previously_registered_optimization_types, new_value=[object], source=unknown"}
{"logTime": "0930/033034", "level": "INFO", "message": "Preference changed: name=extensions.chrome_url_overrides, new_value=[object], source=unknown"}
{"logTime": "0930/033034", "level": "INFO", "message": "Preference changed: name=sessions.session_data_status, new_value=1, source=unknown"}
{"logTime": "0930/033034", "level": "INFO", "message": "Preference changed: name=sessions.event_log, new_value=[object], source=unknown"}
{"logTime": "0930/033034", "level": "INFO", "message": "Preference changed: name=optimization_guide.previously_registered_optimization_types, new_value=[object], source=unknown"}
{"logTime": "0930/033034", "level": "INFO", "message": "Preference changed: name=optimization_guide.previously_registered_optimization_types, new_value=[object], source=unknown"}
{"logTime": "0930/033034", "level": "INFO", "message": "Preference changed: name=optimization_guide.previously_registered_optimization_types, new_value=[object], source=unknown"}
{"logTime": "0930/033034", "level": "INFO", "message": "Preference changed: name=optimization_guide.previously_registered_optimization_types, new_value=[object], source=unknown"}
{"logTime": "0930/033034", "level": "INFO", "message": "Preference changed: name=optimization_guide.previously_registered_optimization_types, new_value=[object], source=unknown"}
{"logTime": "0930/033034", "level": "INFO", "message": "Preference changed: name=profile.network_pbs, new_value=[object], source=unknown"}
{"logTime": "0930/033034", "level": "INFO", "message": "Preference changed: name=profile.password_hash_data_list, new_value=[object], source=unknown"}
{"logTime": "0930/033034", "level": "INFO", "message": "Preference changed: name=schedule_to_flush_to_disk, new_value=\"13435212634857530\", source=unknown"}
{"logTime": "0930/033034", "level": "INFO", "message": "Preference changed: name=schedule_to_flush_to_disk, new_value=\"13435212634858229\", source=unknown"}
{"logTime": "0930/033034", "level": "INFO", "message": "Preference changed: name=edge.services.signin_scoped_device_id, new_value=\"e92757ef-57c2-4008-8682-741c01fecfc9\", source=unknown"}
{"logTime": "0930/033034", "level": "INFO", "message": "Preference changed: name=optimization_guide.previously_registered_optimization_types, new_value=[object], source=unknown"}
{"logTime": "0930/033034", "level": "INFO", "message": "Preference changed: name=extensions.chrome_url_overrides, new_value=[object], source=unknown"}
{"logTime": "0930/033034", "level": "INFO", "message": "Preference changed: name=autofill.credit_card_enabled, new_value=false, source=unknown"}
{"logTime": "0930/033034", "level": "INFO", "message": "Preference changed: name=enable_edge_collections, new_value=false, source=unknown"}
{"logTime": "0930/033034", "level": "INFO", "message": "Preference changed: name=resolve_navigation_errors_use_web_service.enabled, new_value=false, source=unknown"}
{"logTime": "0930/033034", "level": "INFO", "message": "Preference changed: name=alternate_error_pages.enabled, new_value=false, source=unknown"}
{"logTime": "0930/033034", "level": "INFO", "message": "Preference changed: name=optimization_guide.previously_registered_optimization_types, new_value=[object], source=unknown"}
{"logTime": "0930/033034", "level": "INFO", "message": "Preference changed: name=in_product_help.session_last_active_time, new_value=\"13435212634903821\", source=unknown"}
{"logTime": "0930/033034", "level": "INFO", "message": "Preference changed: name=optimization_guide.previously_registered_optimization_types, new_value=[object], source=unknown"}
{"logTime": "0930/033034", "level": "INFO", "message": "Preference changed: name=profile.content_settings.exceptions.storage_access_header_origin_trial, new_value=[object], source=unknown"}
{"logTime": "0930/033035", "level": "INFO", "message": "Preference changed: name=edge_rewards.coachmark_promotions, new_value=[object], source=unknown"}
{"logTime": "0930/033035", "level": "INFO", "message": "Preference changed: name=edge_rewards.hva_promotions, new_value=[object], source=unknown"}
{"logTime": "0930/033044", "level": "INFO", "message": "PrefStore write completed: store=4, success=true"}
{"logTime": "0930/033044", "level": "INFO", "message": "PrefStore write completed: store=4, success=true"}
{"logTime": "0930/033121", "level": "INFO", "message": "Preference changed: name=sessions.event_log, new_value=[object], source=unknown"}
{"logTime": "0930/033131", "level": "INFO", "message": "PrefStore write completed: store=4, success=true"}
{"logTime": "0930/033157", "level": "INFO", "message": "Preference changed: name=sessions.session_data_status, new_value=2, source=unknown"}
{"logTime": "0930/033157", "level": "INFO", "message": "Preference changed: name=sessions.session_data_status, new_value=3, source=unknown"}
{"logTime": "0930/040803", "level": "INFO", "message": "UserPrefStore loaded: error=NONE (0)"}
{"logTime": "0930/040803", "level": "INFO", "message": "Preference changed: name=optimization_guide.previously_registered_optimization_types, new_value=[object], source=unknown"}
{"logTime": "0930/040803", "level": "INFO", "message": "Preference changed: name=extensions.chrome_url_overrides, new_value=[object], source=unknown"}
{"logTime": "0930/040803", "level": "INFO", "message": "Preference changed: name=sessions.session_data_status, new_value=1, source=unknown"}
{"logTime": "0930/040803", "level": "INFO", "message": "Preference changed: name=sessions.event_log, new_value=[object], source=unknown"}
{"logTime": "0930/040803", "level": "INFO", "message": "Preference changed: name=optimization_guide.previously_registered_optimization_types, new_value=[object], source=unknown"}
{"logTime": "0930/040803", "level": "INFO", "message": "Preference changed: name=optimization_guide.previously_registered_optimization_types, new_value=[object], source=unknown"}
{"logTime": "0930/040803", "level": "INFO", "message": "Preference changed: name=optimization_guide.previously_registered_optimization_types, new_value=[object], source=unknown"}
{"logTime": "0930/040803", "level": "INFO", "message": "Preference changed: name=optimization_guide.previously_registered_optimization_types, new_value=[object], source=unknown"}
{"logTime": "0930/040803", "level": "INFO", "message": "Preference changed: name=optimization_guide.previously_registered_optimization_types, new_value=[object], source=unknown"}
{"logTime": "0930/040803", "level": "INFO", "message": "Preference changed: name=profile.network_pbs, new_value=[object], source=unknown"}
{"logTime": "0930/040803", "level": "INFO", "message": "Preference changed: name=profile.password_hash_data_list, new_value=[object], source=unknown"}
{"logTime": "0930/040803", "level": "INFO", "message": "Preference changed: name=schedule_to_flush_to_disk, new_value=\"13435214883311321\", source=unknown"}
{"logTime": "0930/040803", "level": "INFO", "message": "Preference changed: name=schedule_to_flush_to_disk, new_value=\"13435214883312034\", source=unknown"}
{"logTime": "0930/040803", "level": "INFO", "message": "Preference changed: name=edge.services.signin_scoped_device_id, new_value=\"be7dcffa-8116-45f4-8e46-8e1013670c42\", source=unknown"}
{"logTime": "0930/040803", "level": "INFO", "message": "Preference changed: name=optimization_guide.previously_registered_optimization_types, new_value=[object], source=unknown"}
{"logTime": "0930/040803", "level": "INFO", "message": "Preference changed: name=extensions.chrome_url_overrides, new_value=[object], source=unknown"}
{"logTime": "0930/040803", "level": "INFO", "message": "Preference changed: name=autofill.credit_card_enabled, new_value=false, source=unknown"}
{"logTime": "0930/040803", "level": "INFO", "message": "Preference changed: name=enable_edge_collections, new_value=false, source=unknown"}
{"logTime": "0930/040803", "level": "INFO", "message": "Preference changed: name=resolve_navigation_errors_use_web_service.enabled, new_value=false, source=unknown"}
{"logTime": "0930/040803", "level": "INFO", "message": "Preference changed: name=alternate_error_pages.enabled, new_value=false, source=unknown"}
{"logTime": "0930/040803", "level": "INFO", "message": "Preference changed: name=optimization_guide.previously_registered_optimization_types, new_value=[object], source=unknown"}
{"logTime": "0930/040803", "level": "INFO", "message": "Preference changed: name=in_product_help.session_last_active_time, new_value=\"13435214883358604\", source=unknown"}
{"logTime": "0930/040803", "level": "INFO", "message": "Preference changed: name=optimization_guide.previously_registered_optimization_types, new_value=[object], source=unknown"}
{"logTime": "0930/040803", "level": "INFO", "message": "Preference changed: name=profile.content_settings.exceptions.storage_access_header_origin_trial, new_value=[object], source=unknown"}
{"logTime": "0930/040803", "level": "INFO", "message": "Preference changed: name=edge_rewards.coachmark_promotions, new_value=[object], source=unknown"}
{"logTime": "0930/040803", "level": "INFO", "message": "Preference changed: name=edge_rewards.hva_promotions, new_value=[object], source=unknown"}
{"logTime": "0930/040813", "level": "INFO", "message": "PrefStore write completed: store=4, success=true"}
{"logTime": "0930/040813", "level": "INFO", "message": "PrefStore write completed: store=4, success=true"}
{"logTime": "0930/040854", "level": "INFO", "message": "Preference changed: name=language_dwell_time_average, new_value=[object], source=unknown"}
{"logTime": "0930/040854", "level": "INFO", "message": "Preference changed: name=language_usage_count, new_value=[object], source=unknown"}
{"logTime": "0930/040854", "level": "INFO", "message": "Preference changed: name=language_model_counters, new_value=[object], source=unknown"}
{"logTime": "0930/040904", "level": "INFO", "message": "PrefStore write completed: store=4, success=true"}
{"logTime": "0930/040925", "level": "INFO", "message": "Preference changed: name=sessions.session_data_status, new_value=2, source=unknown"}
{"logTime": "0930/040925", "level": "INFO", "message": "Preference changed: name=sessions.session_data_status, new_value=3, source=unknown"}
{"logTime": "0930/040925", "level": "INFO", "message": "Preference changed: name=sessions.event_log, new_value=[object], source=unknown"}
{"logTime": "0930/041015", "level": "INFO", "message": "UserPrefStore loaded: error=NONE (0)"}
{"logTime": "0930/041015", "level": "INFO", "message": "Preference changed: name=optimization_guide.previously_registered_optimization_types, new_value=[object], source=unknown"}
{"logTime": "0930/041015", "level": "INFO", "message": "Preference changed: name=extensions.chrome_url_overrides, new_value=[object], source=unknown"}
{"logTime": "0930/041015", "level": "INFO", "message": "Preference changed: name=sessions.session_data_status, new_value=1, source=unknown"}
{"logTime": "0930/041015", "level": "INFO", "message": "Preference changed: name=sessions.event_log, new_value=[object], source=unknown"}
{"logTime": "0930/041015", "level": "INFO", "message": "Preference changed: name=optimization_guide.previously_registered_optimization_types, new_value=[object], source=unknown"}
{"logTime": "0930/041015", "level": "INFO", "message": "Preference changed: name=optimization_guide.previously_registered_optimization_types, new_value=[object], source=unknown"}
{"logTime": "0930/041015", "level": "INFO", "message": "Preference changed: name=optimization_guide.previously_registered_optimization_types, new_value=[object], source=unknown"}
{"logTime": "0930/041015", "level": "INFO", "message": "Preference changed: name=optimization_guide.previously_registered_optimization_types, new_value=[object], source=unknown"}
{"logTime": "0930/041015", "level": "INFO", "message": "Preference changed: name=optimization_guide.previously_registered_optimization_types, new_value=[object], source=unknown"}
{"logTime": "0930/041015", "level": "INFO", "message": "Preference changed: name=profile.network_pbs, new_value=[object], source=unknown"}
{"logTime": "0930/041015", "level": "INFO", "message": "Preference changed: name=profile.password_hash_data_list, new_value=[object], source=unknown"}
{"logTime": "0930/041015", "level": "INFO", "message": "Preference changed: name=schedule_to_flush_to_disk, new_value=\"13435215015592941\", source=unknown"}
{"logTime": "0930/041015", "level": "INFO", "message": "Preference changed: name=schedule_to_flush_to_disk, new_value=\"13435215015593648\", source=unknown"}
{"logTime": "0930/041015", "level": "INFO", "message": "Preference changed: name=edge.services.signin_scoped_device_id, new_value=\"5a2c71a6-1cec-45fc-a933-f81c4eb1d390\", source=unknown"}
{"logTime": "0930/041015", "level": "INFO", "message": "Preference changed: name=optimization_guide.previously_registered_optimization_types, new_value=[object], source=unknown"}
{"logTime": "0930/041015", "level": "INFO", "message": "Preference changed: name=extensions.chrome_url_overrides, new_value=[object], source=unknown"}
{"logTime": "0930/041015", "level": "INFO", "message": "Preference changed: name=autofill.credit_card_enabled, new_value=false, source=unknown"}
{"logTime": "0930/041015", "level": "INFO", "message": "Preference changed: name=enable_edge_collections, new_value=false, source=unknown"}
{"logTime": "0930/041015", "level": "INFO", "message": "Preference changed: name=resolve_navigation_errors_use_web_service.enabled, new_value=false, source=unknown"}
{"logTime": "0930/041015", "level": "INFO", "message": "Preference changed: name=alternate_error_pages.enabled, new_value=false, source=unknown"}
{"logTime": "0930/041015", "level": "INFO", "message": "Preference changed: name=optimization_guide.previously_registered_optimization_types, new_value=[object], source=unknown"}
{"logTime": "0930/041015", "level": "INFO", "message": "Preference changed: name=in_product_help.session_last_active_time, new_value=\"13435215015641709\", source=unknown"}
{"logTime": "0930/041015", "level": "INFO", "message": "Preference changed: name=optimization_guide.previously_registered_optimization_types, new_value=[object], source=unknown"}
{"logTime": "0930/041015", "level": "INFO", "message": "Preference changed: name=profile.content_settings.exceptions.storage_access_header_origin_trial, new_value=[object], source=unknown"}
{"logTime": "0930/041015", "level": "INFO", "message": "Preference changed: name=edge_rewards.coachmark_promotions, new_value=[object], source=unknown"}
{"logTime": "0930/041015", "level": "INFO", "message": "Preference changed: name=edge_rewards.hva_promotions, new_value=[object], source=unknown"}
{"logTime": "0930/041025", "level": "INFO", "message": "PrefStore write completed: store=4, success=true"}
{"logTime": "0930/041025", "level": "INFO", "message": "PrefStore write completed: store=4, success=true"}
{"logTime": "0930/041135", "level": "INFO", "message": "Preference changed: name=sessions.session_data_status, new_value=2, source=unknown"}
{"logTime": "0930/041135", "level": "INFO", "message": "Preference changed: name=sessions.session_data_status, new_value=3, source=unknown"}
{"logTime": "0930/041135", "level": "INFO", "message": "Preference changed: name=sessions.event_log, new_value=[object], source=unknown"}
{"logTime": "0930/041718", "level": "INFO", "message": "UserPrefStore loaded: error=NONE (0)"}
{"logTime": "0930/041718", "level": "INFO", "message": "Preference changed: name=optimization_guide.previously_registered_optimization_types, new_value=[object], source=unknown"}
{"logTime": "0930/041718", "level": "INFO", "message": "Preference changed: name=extensions.chrome_url_overrides, new_value=[object], source=unknown"}
{"logTime": "0930/041718", "level": "INFO", "message": "Preference changed: name=sessions.session_data_status, new_value=1, source=unknown"}
{"logTime": "0930/041718", "level": "INFO", "message": "Preference changed: name=sessions.event_log, new_value=[object], source=unknown"}
{"logTime": "0930/041718", "level": "INFO", "message": "Preference changed: name=optimization_guide.previously_registered_optimization_types, new_value=[object], source=unknown"}
{"logTime": "0930/041718", "level": "INFO", "message": "Preference changed: name=optimization_guide.previously_registered_optimization_types, new_value=[object], source=unknown"}
{"logTime": "0930/041718", "level": "INFO", "message": "Preference changed: name=optimization_guide.previously_registered_optimization_types, new_value=[object], source=unknown"}
{"logTime": "0930/041718", "level": "INFO", "message": "Preference changed: name=optimization_guide.previously_registered_optimization_types, new_value=[object], source=unknown"}
{"logTime": "0930/041718", "level": "INFO", "message": "Preference changed: name=optimization_guide.previously_registered_optimization_types, new_value=[object], source=unknown"}
{"logTime": "0930/041718", "level": "INFO", "message": "Preference changed: name=profile.network_pbs, new_value=[object], source=unknown"}
{"logTime": "0930/041718", "level": "INFO", "message": "Preference changed: name=profile.password_hash_data_list, new_value=[object], source=unknown"}
{"logTime": "0930/041718", "level": "INFO", "message": "Preference changed: name=schedule_to_flush_to_disk, new_value=\"13435215438249286\", source=unknown"}
{"logTime": "0930/041718", "level": "INFO", "message": "Preference changed: name=schedule_to_flush_to_disk, new_value=\"13435215438250005\", source=unknown"}
{"logTime": "0930/041718", "level": "INFO", "message": "Preference changed: name=edge.services.signin_scoped_device_id, new_value=\"0471a28d-c310-4ca6-a745-93af54b506f6\", source=unknown"}
{"logTime": "0930/041718", "level": "INFO", "message": "Preference changed: name=optimization_guide.previously_registered_optimization_types, new_value=[object], source=unknown"}
{"logTime": "0930/041718", "level": "INFO", "message": "Preference changed: name=extensions.chrome_url_overrides, new_value=[object], source=unknown"}
{"logTime": "0930/041718", "level": "INFO", "message": "Preference changed: name=autofill.credit_card_enabled, new_value=false, source=unknown"}
{"logTime": "0930/041718", "level": "INFO", "message": "Preference changed: name=enable_edge_collections, new_value=false, source=unknown"}
{"logTime": "0930/041718", "level": "INFO", "message": "Preference changed: name=resolve_navigation_errors_use_web_service.enabled, new_value=false, source=unknown"}
{"logTime": "0930/041718", "level": "INFO", "message": "Preference changed: name=alternate_error_pages.enabled, new_value=false, source=unknown"}
{"logTime": "0930/041718", "level": "INFO", "message": "Preference changed: name=optimization_guide.previously_registered_optimization_types, new_value=[object], source=unknown"}
{"logTime": "0930/041718", "level": "INFO", "message": "Preference changed: name=in_product_help.session_last_active_time, new_value=\"13435215438297312\", source=unknown"}
{"logTime": "0930/041718", "level": "INFO", "message": "Preference changed: name=optimization_guide.previously_registered_optimization_types, new_value=[object], source=unknown"}
{"logTime": "0930/041718", "level": "INFO", "message": "Preference changed: name=profile.content_settings.exceptions.storage_access_header_origin_trial, new_value=[object], source=unknown"}
{"logTime": "0930/041718", "level": "INFO", "message": "Preference changed: name=edge_rewards.coachmark_promotions, new_value=[object], source=unknown"}
{"logTime": "0930/041718", "level": "INFO", "message": "Preference changed: name=edge_rewards.hva_promotions, new_value=[object], source=unknown"}
{"logTime": "0930/041728", "level": "INFO", "message": "PrefStore write completed: store=4, success=true"}
{"logTime": "0930/041728", "level": "INFO", "message": "PrefStore write completed: store=4, success=true"}
{"logTime": "0930/041939", "level": "INFO", "message": "Preference changed: name=sessions.event_log, new_value=[object], source=unknown"}
{"logTime": "0930/041949", "level": "INFO", "message": "PrefStore write completed: store=4, success=true"}
{"logTime": "0930/080710", "level": "INFO", "message": "Preference changed: name=muid.last_sync, new_value=\"13435229230973586\", source=unknown"}
{"logTime": "0930/080710", "level": "INFO", "message": "Preference changed: name=account_tracker_service_last_update, new_value=\"13435229230974392\", source=unknown"}
{"logTime": "0930/080710", "level": "INFO", "message": "Preference changed: name=gaia_cookie.periodic_report_time_2, new_value=\"13435229230974476\", source=unknown"}
{"logTime": "0930/080710", "level": "INFO", "message": "Preference changed: name=bookmark.storage_computation_last_update, new_value=\"13435229230974640\", source=unknown"}
{"logTime": "0930/080710", "level": "INFO", "message": "Preference changed: name=commerce_daily_metrics_last_update_time, new_value=\"13435229230974910\", source=unknown"}
{"logTime": "0930/080720", "level": "INFO", "message": "PrefStore write completed: store=4, success=true"}
{"logTime": "0930/125035", "level": "INFO", "message": "Preference changed: name=profile.content_settings.exceptions.site_engagement, new_value=[object], source=unknown"}
{"logTime": "0930/125035", "level": "INFO", "message": "Preference changed: name=profile.last_engagement_time, new_value=\"13435217435323431\", source=unknown"}
{"logTime": "0930/135323", "level": "INFO", "message": "Preference changed: name=profile.content_settings.exceptions.site_engagement, new_value=[object], source=unknown"}
{"logTime": "0930/135323", "level": "INFO", "message": "Preference changed: name=profile.last_engagement_time, new_value=\"13435221203007807\", source=unknown"}
{"logTime": "0930/170857", "level": "INFO", "message": "Preference changed: name=profile.content_settings.exceptions.site_engagement, new_value=[object], source=unknown"}
{"logTime": "0930/170857", "level": "INFO", "message": "Preference changed: name=profile.last_engagement_time, new_value=\"13435232937048690\", source=unknown"}
{"logTime": "0930/171548", "level": "INFO", "message": "Preference changed: name=sessions.session_data_status, new_value=2, source=unknown"}
{"logTime": "0930/171548", "level": "INFO", "message": "Preference changed: name=sessions.session_data_status, new_value=3, source=unknown"}
{"logTime": "0930/172752", "level": "INFO", "message": "UserPrefStore loaded: error=NONE (0)"}
{"logTime": "0930/172752", "level": "INFO", "message": "Preference changed: name=optimization_guide.previously_registered_optimization_types, new_value=[object], source=unknown"}
{"logTime": "0930/172752", "level": "INFO", "message": "Preference changed: name=extensions.chrome_url_overrides, new_value=[object], source=unknown"}
{"logTime": "0930/172752", "level": "INFO", "message": "Preference changed: name=sessions.session_data_status, new_value=1, source=unknown"}
{"logTime": "0930/172752", "level": "INFO", "message": "Preference changed: name=sessions.event_log, new_value=[object], source=unknown"}
{"logTime": "0930/172752", "level": "INFO", "message": "Preference changed: name=optimization_guide.previously_registered_optimization_types, new_value=[object], source=unknown"}
{"logTime": "0930/172752", "level": "INFO", "message": "Preference changed: name=optimization_guide.previously_registered_optimization_types, new_value=[object], source=unknown"}
{"logTime": "0930/172752", "level": "INFO", "message": "Preference changed: name=optimization_guide.previously_registered_optimization_types, new_value=[object], source=unknown"}
{"logTime": "0930/172752", "level": "INFO", "message": "Preference changed: name=optimization_guide.previously_registered_optimization_types, new_value=[object], source=unknown"}
{"logTime": "0930/172752", "level": "INFO", "message": "Preference changed: name=optimization_guide.previously_registered_optimization_types, new_value=[object], source=unknown"}
{"logTime": "0930/172752", "level": "INFO", "message": "Preference changed: name=profile.network_pbs, new_value=[object], source=unknown"}
{"logTime": "0930/172752", "level": "INFO", "message": "Preference changed: name=profile.password_hash_data_list, new_value=[object], source=unknown"}
{"logTime": "0930/172752", "level": "INFO", "message": "Preference changed: name=schedule_to_flush_to_disk, new_value=\"13435262872542908\", source=unknown"}
{"logTime": "0930/172752", "level": "INFO", "message": "Preference changed: name=schedule_to_flush_to_disk, new_value=\"13435262872543687\", source=unknown"}
{"logTime": "0930/172752", "level": "INFO", "message": "Preference changed: name=edge.services.signin_scoped_device_id, new_value=\"6f1f55a3-803d-4a07-92c6-757496b0967d\", source=unknown"}
{"logTime": "0930/172752", "level": "INFO", "message": "Preference changed: name=optimization_guide.previously_registered_optimization_types, new_value=[object], source=unknown"}
{"logTime": "0930/172752", "level": "INFO", "message": "Preference changed: name=extensions.chrome_url_overrides, new_value=[object], source=unknown"}
{"logTime": "0930/172752", "level": "INFO", "message": "Preference changed: name=autofill.credit_card_enabled, new_value=false, source=unknown"}
{"logTime": "0930/172752", "level": "INFO", "message": "Preference changed: name=enable_edge_collections, new_value=false, source=unknown"}
{"logTime": "0930/172752", "level": "INFO", "message": "Preference changed: name=resolve_navigation_errors_use_web_service.enabled, new_value=false, source=unknown"}
{"logTime": "0930/172752", "level": "INFO", "message": "Preference changed: name=alternate_error_pages.enabled, new_value=false, source=unknown"}
{"logTime": "0930/172752", "level": "INFO", "message": "Preference changed: name=optimization_guide.previously_registered_optimization_types, new_value=[object], source=unknown"}
{"logTime": "0930/172752", "level": "INFO", "message": "Preference changed: name=in_product_help.session_start_time, new_value=\"13435262872593551\", source=unknown"}
{"logTime": "0930/172752", "level": "INFO", "message": "Preference changed: name=in_product_help.session_number, new_value=19, source=unknown"}
{"logTime": "0930/172752", "level": "INFO", "message": "Preference changed: name=in_product_help.session_last_active_time, new_value=\"13435262872593551\", source=unknown"}
{"logTime": "0930/172752", "level": "INFO", "message": "Preference changed: name=in_product_help.recent_session_start_times, new_value=[object], source=unknown"}
{"logTime": "0930/172752", "level": "INFO", "message": "Preference changed: name=optimization_guide.previously_registered_optimization_types, new_value=[object], source=unknown"}
{"logTime": "0930/172752", "level": "INFO", "message": "Preference changed: name=profile.content_settings.exceptions.storage_access_header_origin_trial, new_value=[object], source=unknown"}
{"logTime": "0930/172752", "level": "INFO", "message": "Preference changed: name=edge_rewards.coachmark_promotions, new_value=[object], source=unknown"}
{"logTime": "0930/172752", "level": "INFO", "message": "Preference changed: name=edge_rewards.hva_promotions, new_value=[object], source=unknown"}
{"logTime": "0930/172802", "level": "INFO", "message": "PrefStore write completed: store=4, success=true"}
{"logTime": "0930/172802", "level": "INFO", "message": "PrefStore write completed: store=4, success=true"}
{"logTime": "0930/172802", "level": "INFO", "message": "Preference changed: name=edge.bookmarks.last_dup_info_record_time, new_value=\"13435262882547248\", source=unknown"}
{"logTime": "0930/172812", "level": "INFO", "message": "PrefStore write completed: store=4, success=true"}
{"logTime": "0930/172822", "level": "INFO", "message": "Preference changed: name=profile.last_time_password_store_metrics_reported, new_value=1790789302.523842, source=unknown"}
{"logTime": "0930/172822", "level": "INFO", "message": "Preference changed: name=edge_wallet.passwords.password_lost_report_date, new_value=\"13435262902523990\", source=unknown"}
{"logTime": "0930/172832", "level": "INFO", "message": "PrefStore write completed: store=4, success=true"}
{"logTime": "0930/172903", "level": "INFO", "message": "Preference changed: name=sessions.event_log, new_value=[object], source=unknown"}
{"logTime": "0930/172913", "level": "INFO", "message": "PrefStore write completed: store=4, success=true"}
{"logTime": "0930/173130", "level": "INFO", "message": "Preference changed: name=sessions.session_data_status, new_value=2, source=unknown"}
{"logTime": "0930/173130", "level": "INFO", "message": "Preference changed: name=sessions.session_data_status, new_value=3, source=unknown"}
{"logTime": "0930/173722", "level": "INFO", "message": "UserPrefStore loaded: error=NONE (0)"}
{"logTime": "0930/173722", "level": "INFO", "message": "Preference changed: name=optimization_guide.previously_registered_optimization_types, new_value=[object], source=unknown"}
{"logTime": "0930/173722", "level": "INFO", "message": "Preference changed: name=extensions.chrome_url_overrides, new_value=[object], source=unknown"}
{"logTime": "0930/173722", "level": "INFO", "message": "Preference changed: name=sessions.session_data_status, new_value=1, source=unknown"}
{"logTime": "0930/173722", "level": "INFO", "message": "Preference changed: name=sessions.event_log, new_value=[object], source=unknown"}
{"logTime": "0930/173722", "level": "INFO", "message": "Preference changed: name=optimization_guide.previously_registered_optimization_types, new_value=[object], source=unknown"}
{"logTime": "0930/173722", "level": "INFO", "message": "Preference changed: name=optimization_guide.previously_registered_optimization_types, new_value=[object], source=unknown"}
{"logTime": "0930/173722", "level": "INFO", "message": "Preference changed: name=optimization_guide.previously_registered_optimization_types, new_value=[object], source=unknown"}
{"logTime": "0930/173722", "level": "INFO", "message": "Preference changed: name=optimization_guide.previously_registered_optimization_types, new_value=[object], source=unknown"}
{"logTime": "0930/173722", "level": "INFO", "message": "Preference changed: name=optimization_guide.previously_registered_optimization_types, new_value=[object], source=unknown"}
{"logTime": "0930/173722", "level": "INFO", "message": "Preference changed: name=profile.network_pbs, new_value=[object], source=unknown"}
{"logTime": "0930/173722", "level": "INFO", "message": "Preference changed: name=profile.password_hash_data_list, new_value=[object], source=unknown"}
{"logTime": "0930/173722", "level": "INFO", "message": "Preference changed: name=schedule_to_flush_to_disk, new_value=\"13435263442341473\", source=unknown"}
{"logTime": "0930/173722", "level": "INFO", "message": "Preference changed: name=schedule_to_flush_to_disk, new_value=\"13435263442342195\", source=unknown"}
{"logTime": "0930/173722", "level": "INFO", "message": "Preference changed: name=edge.services.signin_scoped_device_id, new_value=\"778074e5-1390-4dfa-aa1f-a4495fd6c752\", source=unknown"}
{"logTime": "0930/173722", "level": "INFO", "message": "Preference changed: name=optimization_guide.previously_registered_optimization_types, new_value=[object], source=unknown"}
{"logTime": "0930/173722", "level": "INFO", "message": "Preference changed: name=extensions.chrome_url_overrides, new_value=[object], source=unknown"}
{"logTime": "0930/173722", "level": "INFO", "message": "Preference changed: name=autofill.credit_card_enabled, new_value=false, source=unknown"}
{"logTime": "0930/173722", "level": "INFO", "message": "Preference changed: name=enable_edge_collections, new_value=false, source=unknown"}
{"logTime": "0930/173722", "level": "INFO", "message": "Preference changed: name=resolve_navigation_errors_use_web_service.enabled, new_value=false, source=unknown"}
{"logTime": "0930/173722", "level": "INFO", "message": "Preference changed: name=alternate_error_pages.enabled, new_value=false, source=unknown"}
{"logTime": "0930/173722", "level": "INFO", "message": "Preference changed: name=optimization_guide.previously_registered_optimization_types, new_value=[object], source=unknown"}
{"logTime": "0930/173722", "level": "INFO", "message": "Preference changed: name=in_product_help.session_last_active_time, new_value=\"13435263442391628\", source=unknown"}
{"logTime": "0930/173722", "level": "INFO", "message": "Preference changed: name=optimization_guide.previously_registered_optimization_types, new_value=[object], source=unknown"}
{"logTime": "0930/173722", "level": "INFO", "message": "Preference changed: name=profile.content_settings.exceptions.storage_access_header_origin_trial, new_value=[object], source=unknown"}
{"logTime": "0930/173722", "level": "INFO", "message": "Preference changed: name=edge_rewards.coachmark_promotions, new_value=[object], source=unknown"}
{"logTime": "0930/173722", "level": "INFO", "message": "Preference changed: name=edge_rewards.hva_promotions, new_value=[object], source=unknown"}
{"logTime": "0930/173732", "level": "INFO", "message": "PrefStore write completed: store=4, success=true"}
{"logTime": "0930/173732", "level": "INFO", "message": "PrefStore write completed: store=4, success=true"}
{"logTime": "0930/180422", "level": "INFO", "message": "Preference changed: name=sessions.event_log, new_value=[object], source=unknown"}
{"logTime": "0930/180432", "level": "INFO", "message": "PrefStore write completed: store=4, success=true"}
{"logTime": "0930/180907", "level": "INFO", "message": "Preference changed: name=profile.content_settings.exceptions.site_engagement, new_value=[object], source=unknown"}
{"logTime": "0930/180907", "level": "INFO", "message": "Preference changed: name=profile.last_engagement_time, new_value=\"13435236547509774\", source=unknown"}
{"logTime": "0930/182330", "level": "INFO", "message": "Preference changed: name=sessions.session_data_status, new_value=2, source=unknown"}
{"logTime": "0930/182330", "level": "INFO", "message": "Preference changed: name=sessions.session_data_status, new_value=3, source=unknown"}
{"logTime": "0930/190835", "level": "INFO", "message": "UserPrefStore loaded: error=NONE (0)"}
{"logTime": "0930/190835", "level": "INFO", "message": "Preference changed: name=optimization_guide.previously_registered_optimization_types, new_value=[object], source=unknown"}
{"logTime": "0930/190835", "level": "INFO", "message": "Preference changed: name=extensions.chrome_url_overrides, new_value=[object], source=unknown"}
{"logTime": "0930/190835", "level": "INFO", "message": "Preference changed: name=sessions.session_data_status, new_value=1, source=unknown"}
{"logTime": "0930/190835", "level": "INFO", "message": "Preference changed: name=sessions.event_log, new_value=[object], source=unknown"}
{"logTime": "0930/190835", "level": "INFO", "message": "Preference changed: name=optimization_guide.previously_registered_optimization_types, new_value=[object], source=unknown"}
{"logTime": "0930/190835", "level": "INFO", "message": "Preference changed: name=optimization_guide.previously_registered_optimization_types, new_value=[object], source=unknown"}
{"logTime": "0930/190835", "level": "INFO", "message": "Preference changed: name=optimization_guide.previously_registered_optimization_types, new_value=[object], source=unknown"}
{"logTime": "0930/190835", "level": "INFO", "message": "Preference changed: name=optimization_guide.previously_registered_optimization_types, new_value=[object], source=unknown"}
{"logTime": "0930/190835", "level": "INFO", "message": "Preference changed: name=optimization_guide.previously_registered_optimization_types, new_value=[object], source=unknown"}
{"logTime": "0930/190835", "level": "INFO", "message": "Preference changed: name=profile.network_pbs, new_value=[object], source=unknown"}
{"logTime": "0930/190835", "level": "INFO", "message": "Preference changed: name=profile.password_hash_data_list, new_value=[object], source=unknown"}
{"logTime": "0930/190835", "level": "INFO", "message": "Preference changed: name=schedule_to_flush_to_disk, new_value=\"13435268915118600\", source=unknown"}
{"logTime": "0930/190835", "level": "INFO", "message": "Preference changed: name=schedule_to_flush_to_disk, new_value=\"13435268915119973\", source=unknown"}
{"logTime": "0930/190835", "level": "INFO", "message": "Preference changed: name=edge.services.signin_scoped_device_id, new_value=\"31924f46-b6b5-47bd-acd7-84e718d12584\", source=unknown"}
{"logTime": "0930/190835", "level": "INFO", "message": "Preference changed: name=optimization_guide.previously_registered_optimization_types, new_value=[object], source=unknown"}
{"logTime": "0930/190835", "level": "INFO", "message": "Preference changed: name=extensions.chrome_url_overrides, new_value=[object], source=unknown"}
{"logTime": "0930/190835", "level": "INFO", "message": "Preference changed: name=autofill.credit_card_enabled, new_value=false, source=unknown"}
{"logTime": "0930/190835", "level": "INFO", "message": "Preference changed: name=enable_edge_collections, new_value=false, source=unknown"}
{"logTime": "0930/190835", "level": "INFO", "message": "Preference changed: name=resolve_navigation_errors_use_web_service.enabled, new_value=false, source=unknown"}
{"logTime": "0930/190835", "level": "INFO", "message": "Preference changed: name=alternate_error_pages.enabled, new_value=false, source=unknown"}
{"logTime": "0930/190835", "level": "INFO", "message": "Preference changed: name=optimization_guide.previously_registered_optimization_types, new_value=[object], source=unknown"}
{"logTime": "0930/190835", "level": "INFO", "message": "Preference changed: name=in_product_help.session_last_active_time, new_value=\"13435268915208891\", source=unknown"}
{"logTime": "0930/190835", "level": "INFO", "message": "Preference changed: name=optimization_guide.previously_registered_optimization_types, new_value=[object], source=unknown"}
{"logTime": "0930/190835", "level": "INFO", "message": "Preference changed: name=profile.content_settings.exceptions.storage_access_header_origin_trial, new_value=[object], source=unknown"}
{"logTime": "0930/190835", "level": "INFO", "message": "Preference changed: name=sessions.session_data_status, new_value=2, source=unknown"}
{"logTime": "0930/190835", "level": "INFO", "message": "Preference changed: name=sessions.session_data_status, new_value=3, source=unknown"}
{"logTime": "0930/190835", "level": "INFO", "message": "Preference changed: name=sessions.session_data_status, new_value=1, source=unknown"}
{"logTime": "0930/190835", "level": "INFO", "message": "Preference changed: name=sessions.event_log, new_value=[object], source=unknown"}
{"logTime": "0930/190835", "level": "INFO", "message": "Preference changed: name=edge_rewards.coachmark_promotions, new_value=[object], source=unknown"}
{"logTime": "0930/190835", "level": "INFO", "message": "Preference changed: name=edge_rewards.hva_promotions, new_value=[object], source=unknown"}
{"logTime": "0930/190845", "level": "INFO", "message": "PrefStore write completed: store=4, success=true"}
{"logTime": "0930/190845", "level": "INFO", "message": "PrefStore write completed: store=4, success=true"}
{"logTime": "0930/190925", "level": "INFO", "message": "Preference changed: name=sessions.session_data_status, new_value=2, source=unknown"}
{"logTime": "0930/190925", "level": "INFO", "message": "Preference changed: name=sessions.session_data_status, new_value=3, source=unknown"}
{"logTime": "0930/191210", "level": "INFO", "message": "UserPrefStore loaded: error=NONE (0)"}
{"logTime": "0930/191210", "level": "INFO", "message": "Preference changed: name=optimization_guide.previously_registered_optimization_types, new_value=[object], source=unknown"}
{"logTime": "0930/191210", "level": "INFO", "message": "Preference changed: name=extensions.chrome_url_overrides, new_value=[object], source=unknown"}
{"logTime": "0930/191210", "level": "INFO", "message": "Preference changed: name=sessions.session_data_status, new_value=1, source=unknown"}
{"logTime": "0930/191210", "level": "INFO", "message": "Preference changed: name=sessions.event_log, new_value=[object], source=unknown"}
{"logTime": "0930/191210", "level": "INFO", "message": "Preference changed: name=optimization_guide.previously_registered_optimization_types, new_value=[object], source=unknown"}
{"logTime": "0930/191210", "level": "INFO", "message": "Preference changed: name=optimization_guide.previously_registered_optimization_types, new_value=[object], source=unknown"}
{"logTime": "0930/191210", "level": "INFO", "message": "Preference changed: name=optimization_guide.previously_registered_optimization_types, new_value=[object], source=unknown"}
{"logTime": "0930/191210", "level": "INFO", "message": "Preference changed: name=optimization_guide.previously_registered_optimization_types, new_value=[object], source=unknown"}
{"logTime": "0930/191210", "level": "INFO", "message": "Preference changed: name=optimization_guide.previously_registered_optimization_types, new_value=[object], source=unknown"}
{"logTime": "0930/191210", "level": "INFO", "message": "Preference changed: name=profile.network_pbs, new_value=[object], source=unknown"}
{"logTime": "0930/191210", "level": "INFO", "message": "Preference changed: name=profile.password_hash_data_list, new_value=[object], source=unknown"}
{"logTime": "0930/191210", "level": "INFO", "message": "Preference changed: name=schedule_to_flush_to_disk, new_value=\"13435269130924193\", source=unknown"}
{"logTime": "0930/191210", "level": "INFO", "message": "Preference changed: name=schedule_to_flush_to_disk, new_value=\"13435269130925713\", source=unknown"}
{"logTime": "0930/191210", "level": "INFO", "message": "Preference changed: name=edge.services.signin_scoped_device_id, new_value=\"7c94ce1b-517a-4a2b-9f09-e8dd8fb1e1bd\", source=unknown"}
{"logTime": "0930/191210", "level": "INFO", "message": "Preference changed: name=optimization_guide.previously_registered_optimization_types, new_value=[object], source=unknown"}
{"logTime": "0930/191210", "level": "INFO", "message": "Preference changed: name=extensions.chrome_url_overrides, new_value=[object], source=unknown"}
{"logTime": "0930/191210", "level": "INFO", "message": "Preference changed: name=autofill.credit_card_enabled, new_value=false, source=unknown"}
{"logTime": "0930/191210", "level": "INFO", "message": "Preference changed: name=enable_edge_collections, new_value=false, source=unknown"}
{"logTime": "0930/191210", "level": "INFO", "message": "Preference changed: name=resolve_navigation_errors_use_web_service.enabled, new_value=false, source=unknown"}
{"logTime": "0930/191210", "level": "INFO", "message": "Preference changed: name=alternate_error_pages.enabled, new_value=false, source=unknown"}
{"logTime": "0930/191210", "level": "INFO", "message": "Preference changed: name=optimization_guide.previously_registered_optimization_types, new_value=[object], source=unknown"}
{"logTime": "0930/191211", "level": "INFO", "message": "Preference changed: name=in_product_help.session_last_active_time, new_value=\"13435269131015724\", source=unknown"}
{"logTime": "0930/191211", "level": "INFO", "message": "Preference changed: name=optimization_guide.previously_registered_optimization_types, new_value=[object], source=unknown"}
{"logTime": "0930/191211", "level": "INFO", "message": "Preference changed: name=profile.content_settings.exceptions.storage_access_header_origin_trial, new_value=[object], source=unknown"}
{"logTime": "0930/191211", "level": "INFO", "message": "Preference changed: name=edge_rewards.coachmark_promotions, new_value=[object], source=unknown"}
{"logTime": "0930/191211", "level": "INFO", "message": "Preference changed: name=edge_rewards.hva_promotions, new_value=[object], source=unknown"}
{"logTime": "0930/191220", "level": "INFO", "message": "PrefStore write completed: store=4, success=true"}
{"logTime": "0930/191220", "level": "INFO", "message": "PrefStore write completed: store=4, success=true"}
{"logTime": "0930/191755", "level": "INFO", "message": "Preference changed: name=sessions.event_log, new_value=[object], source=unknown"}
{"logTime": "0930/191758", "level": "INFO", "message": "Preference changed: name=sessions.session_data_status, new_value=2, source=unknown"}
{"logTime": "0930/191758", "level": "INFO", "message": "Preference changed: name=sessions.session_data_status, new_value=3, source=unknown"}
{"logTime": "1001/022437", "level": "INFO", "message": "UserPrefStore loaded: error=NONE (0)"}
{"logTime": "1001/022437", "level": "INFO", "message": "Preference changed: name=optimization_guide.previously_registered_optimization_types, new_value=[object], source=unknown"}
{"logTime": "1001/022437", "level": "INFO", "message": "Preference changed: name=extensions.chrome_url_overrides, new_value=[object], source=unknown"}
{"logTime": "1001/022437", "level": "INFO", "message": "Preference changed: name=sessions.session_data_status, new_value=1, source=unknown"}
{"logTime": "1001/022437", "level": "INFO", "message": "Preference changed: name=sessions.event_log, new_value=[object], source=unknown"}
{"logTime": "1001/022437", "level": "INFO", "message": "Preference changed: name=optimization_guide.previously_registered_optimization_types, new_value=[object], source=unknown"}
{"logTime": "1001/022437", "level": "INFO", "message": "Preference changed: name=optimization_guide.previously_registered_optimization_types, new_value=[object], source=unknown"}
{"logTime": "1001/022437", "level": "INFO", "message": "Preference changed: name=optimization_guide.previously_registered_optimization_types, new_value=[object], source=unknown"}
{"logTime": "1001/022437", "level": "INFO", "message": "Preference changed: name=optimization_guide.previously_registered_optimization_types, new_value=[object], source=unknown"}
{"logTime": "1001/022437", "level": "INFO", "message": "Preference changed: name=optimization_guide.previously_registered_optimization_types, new_value=[object], source=unknown"}
{"logTime": "1001/022437", "level": "INFO", "message": "Preference changed: name=profile.network_pbs, new_value=[object], source=unknown"}
{"logTime": "1001/022437", "level": "INFO", "message": "Preference changed: name=profile.password_hash_data_list, new_value=[object], source=unknown"}
{"logTime": "1001/022437", "level": "INFO", "message": "Preference changed: name=schedule_to_flush_to_disk, new_value=\"13435295077046714\", source=unknown"}
{"logTime": "1001/022437", "level": "INFO", "message": "Preference changed: name=schedule_to_flush_to_disk, new_value=\"13435295077047419\", source=unknown"}
{"logTime": "1001/022437", "level": "INFO", "message": "Preference changed: name=edge.services.signin_scoped_device_id, new_value=\"aef2d270-1cb2-44ea-8a61-7197df8c7ccc\", source=unknown"}
{"logTime": "1001/022437", "level": "INFO", "message": "Preference changed: name=optimization_guide.previously_registered_optimization_types, new_value=[object], source=unknown"}
{"logTime": "1001/022437", "level": "INFO", "message": "Preference changed: name=extensions.chrome_url_overrides, new_value=[object], source=unknown"}
{"logTime": "1001/022437", "level": "INFO", "message": "Preference changed: name=autofill.credit_card_enabled, new_value=false, source=unknown"}
{"logTime": "1001/022437", "level": "INFO", "message": "Preference changed: name=enable_edge_collections, new_value=false, source=unknown"}
{"logTime": "1001/022437", "level": "INFO", "message": "Preference changed: name=resolve_navigation_errors_use_web_service.enabled, new_value=false, source=unknown"}
{"logTime": "1001/022437", "level": "INFO", "message": "Preference changed: name=alternate_error_pages.enabled, new_value=false, source=unknown"}
{"logTime": "1001/022437", "level": "INFO", "message": "Preference changed: name=optimization_guide.previously_registered_optimization_types, new_value=[object], source=unknown"}
{"logTime": "1001/022437", "level": "INFO", "message": "Preference changed: name=in_product_help.session_last_active_time, new_value=\"13435295077091779\", source=unknown"}
{"logTime": "1001/022437", "level": "INFO", "message": "Preference changed: name=optimization_guide.previously_registered_optimization_types, new_value=[object], source=unknown"}
{"logTime": "1001/022437", "level": "INFO", "message": "Preference changed: name=profile.content_settings.exceptions.storage_access_header_origin_trial, new_value=[object], source=unknown"}
{"logTime": "1001/022437", "level": "INFO", "message": "Preference changed: name=sessions.session_data_status, new_value=2, source=unknown"}
{"logTime": "1001/022437", "level": "INFO", "message": "Preference changed: name=sessions.session_data_status, new_value=3, source=unknown"}
{"logTime": "1001/022437", "level": "INFO", "message": "Preference changed: name=sessions.session_data_status, new_value=1, source=unknown"}
{"logTime": "1001/022437", "level": "INFO", "message": "Preference changed: name=sessions.event_log, new_value=[object], source=unknown"}
{"logTime": "1001/022437", "level": "INFO", "message": "Preference changed: name=edge_rewards.coachmark_promotions, new_value=[object], source=unknown"}
{"logTime": "1001/022437", "level": "INFO", "message": "Preference changed: name=edge_rewards.hva_promotions, new_value=[object], source=unknown"}
{"logTime": "1001/022437", "level": "INFO", "message": "Preference changed: name=language_model_counters, new_value=[object], source=unknown"}
{"logTime": "1001/022447", "level": "INFO", "message": "PrefStore write completed: store=4, success=true"}
{"logTime": "1001/022447", "level": "INFO", "message": "PrefStore write completed: store=4, success=true"}
{"logTime": "1001/025933", "level": "INFO", "message": "Preference changed: name=sessions.session_data_status, new_value=2, source=unknown"}
{"logTime": "1001/025933", "level": "INFO", "message": "Preference changed: name=sessions.session_data_status, new_value=3, source=unknown"}
{"logTime": "1001/031043", "level": "INFO", "message": "UserPrefStore loaded: error=NONE (0)"}
{"logTime": "1001/031043", "level": "INFO", "message": "Preference changed: name=optimization_guide.previously_registered_optimization_types, new_value=[object], source=unknown"}
{"logTime": "1001/031043", "level": "INFO", "message": "Preference changed: name=extensions.chrome_url_overrides, new_value=[object], source=unknown"}
{"logTime": "1001/031043", "level": "INFO", "message": "Preference changed: name=sessions.session_data_status, new_value=1, source=unknown"}
{"logTime": "1001/031043", "level": "INFO", "message": "Preference changed: name=sessions.event_log, new_value=[object], source=unknown"}
{"logTime": "1001/031043", "level": "INFO", "message": "Preference changed: name=optimization_guide.previously_registered_optimization_types, new_value=[object], source=unknown"}
{"logTime": "1001/031043", "level": "INFO", "message": "Preference changed: name=optimization_guide.previously_registered_optimization_types, new_value=[object], source=unknown"}
{"logTime": "1001/031043", "level": "INFO", "message": "Preference changed: name=optimization_guide.previously_registered_optimization_types, new_value=[object], source=unknown"}
{"logTime": "1001/031043", "level": "INFO", "message": "Preference changed: name=optimization_guide.previously_registered_optimization_types, new_value=[object], source=unknown"}
{"logTime": "1001/031043", "level": "INFO", "message": "Preference changed: name=optimization_guide.previously_registered_optimization_types, new_value=[object], source=unknown"}
{"logTime": "1001/031043", "level": "INFO", "message": "Preference changed: name=profile.network_pbs, new_value=[object], source=unknown"}
{"logTime": "1001/031043", "level": "INFO", "message": "Preference changed: name=profile.password_hash_data_list, new_value=[object], source=unknown"}
{"logTime": "1001/031043", "level": "INFO", "message": "Preference changed: name=schedule_to_flush_to_disk, new_value=\"13435297843171704\", source=unknown"}
{"logTime": "1001/031043", "level": "INFO", "message": "Preference changed: name=schedule_to_flush_to_disk, new_value=\"13435297843172423\", source=unknown"}
{"logTime": "1001/031043", "level": "INFO", "message": "Preference changed: name=edge.services.signin_scoped_device_id, new_value=\"03d5e950-328a-4111-acab-452a324c9302\", source=unknown"}
{"logTime": "1001/031043", "level": "INFO", "message": "Preference changed: name=optimization_guide.previously_registered_optimization_types, new_value=[object], source=unknown"}
{"logTime": "1001/031043", "level": "INFO", "message": "Preference changed: name=extensions.chrome_url_overrides, new_value=[object], source=unknown"}
{"logTime": "1001/031043", "level": "INFO", "message": "Preference changed: name=autofill.credit_card_enabled, new_value=false, source=unknown"}
{"logTime": "1001/031043", "level": "INFO", "message": "Preference changed: name=enable_edge_collections, new_value=false, source=unknown"}
{"logTime": "1001/031043", "level": "INFO", "message": "Preference changed: name=resolve_navigation_errors_use_web_service.enabled, new_value=false, source=unknown"}
{"logTime": "1001/031043", "level": "INFO", "message": "Preference changed: name=alternate_error_pages.enabled, new_value=false, source=unknown"}
{"logTime": "1001/031043", "level": "INFO", "message": "Preference changed: name=optimization_guide.previously_registered_optimization_types, new_value=[object], source=unknown"}
{"logTime": "1001/031043", "level": "INFO", "message": "Preference changed: name=in_product_help.session_last_active_time, new_value=\"13435297843219640\", source=unknown"}
{"logTime": "1001/031043", "level": "INFO", "message": "Preference changed: name=optimization_guide.previously_registered_optimization_types, new_value=[object], source=unknown"}
{"logTime": "1001/031043", "level": "INFO", "message": "Preference changed: name=profile.content_settings.exceptions.storage_access_header_origin_trial, new_value=[object], source=unknown"}
{"logTime": "1001/031043", "level": "INFO", "message": "Preference changed: name=edge_rewards.coachmark_promotions, new_value=[object], source=unknown"}
{"logTime": "1001/031043", "level": "INFO", "message": "Preference changed: name=edge_rewards.hva_promotions, new_value=[object], source=unknown"}
{"logTime": "1001/031043", "level": "INFO", "message": "Preference changed: name=language_model_counters, new_value=[object], source=unknown"}
{"logTime": "1001/031053", "level": "INFO", "message": "PrefStore write completed: store=4, success=true"}
{"logTime": "1001/031053", "level": "INFO", "message": "PrefStore write completed: store=4, success=true"}
{"logTime": "1001/031122", "level": "INFO", "message": "Preference changed: name=language_dwell_time_average, new_value=[object], source=unknown"}
{"logTime": "1001/031122", "level": "INFO", "message": "Preference changed: name=language_usage_count, new_value=[object], source=unknown"}
{"logTime": "1001/031122", "level": "INFO", "message": "Preference changed: name=language_model_counters, new_value=[object], source=unknown"}
{"logTime": "1001/031122", "level": "INFO", "message": "Preference changed: name=sessions.event_log, new_value=[object], source=unknown"}
{"logTime": "1001/031132", "level": "INFO", "message": "PrefStore write completed: store=4, success=true"}
{"logTime": "1001/032458", "level": "INFO", "message": "Preference changed: name=language_dwell_time_average, new_value=[object], source=unknown"}
{"logTime": "1001/032458", "level": "INFO", "message": "Preference changed: name=language_usage_count, new_value=[object], source=unknown"}
{"logTime": "1001/032458", "level": "INFO", "message": "Preference changed: name=language_model_counters, new_value=[object], source=unknown"}
{"logTime": "1001/032503", "level": "INFO", "message": "Preference changed: name=language_dwell_time_average, new_value=[object], source=unknown"}
{"logTime": "1001/032503", "level": "INFO", "message": "Preference changed: name=language_usage_count, new_value=[object], source=unknown"}
{"logTime": "1001/032508", "level": "INFO", "message": "PrefStore write completed: store=4, success=true"}
{"logTime": "1001/033057", "level": "INFO", "message": "Preference changed: name=sessions.session_data_status, new_value=2, source=unknown"}
{"logTime": "1001/033057", "level": "INFO", "message": "Preference changed: name=sessions.session_data_status, new_value=3, source=unknown"}
{"logTime": "1001/035546", "level": "INFO", "message": "UserPrefStore loaded: error=NONE (0)"}
{"logTime": "1001/035546", "level": "INFO", "message": "Preference changed: name=optimization_guide.previously_registered_optimization_types, new_value=[object], source=unknown"}
{"logTime": "1001/035546", "level": "INFO", "message": "Preference changed: name=extensions.chrome_url_overrides, new_value=[object], source=unknown"}
{"logTime": "1001/035546", "level": "INFO", "message": "Preference changed: name=sessions.session_data_status, new_value=1, source=unknown"}
{"logTime": "1001/035546", "level": "INFO", "message": "Preference changed: name=sessions.event_log, new_value=[object], source=unknown"}
{"logTime": "1001/035546", "level": "INFO", "message": "Preference changed: name=optimization_guide.previously_registered_optimization_types, new_value=[object], source=unknown"}
{"logTime": "1001/035546", "level": "INFO", "message": "Preference changed: name=optimization_guide.previously_registered_optimization_types, new_value=[object], source=unknown"}
{"logTime": "1001/035546", "level": "INFO", "message": "Preference changed: name=optimization_guide.previously_registered_optimization_types, new_value=[object], source=unknown"}
{"logTime": "1001/035546", "level": "INFO", "message": "Preference changed: name=optimization_guide.previously_registered_optimization_types, new_value=[object], source=unknown"}
{"logTime": "1001/035546", "level": "INFO", "message": "Preference changed: name=optimization_guide.previously_registered_optimization_types, new_value=[object], source=unknown"}
{"logTime": "1001/035546", "level": "INFO", "message": "Preference changed: name=profile.network_pbs, new_value=[object], source=unknown"}
{"logTime": "1001/035546", "level": "INFO", "message": "Preference changed: name=profile.password_hash_data_list, new_value=[object], source=unknown"}
{"logTime": "1001/035546", "level": "INFO", "message": "Preference changed: name=schedule_to_flush_to_disk, new_value=\"13435300546649814\", source=unknown"}
{"logTime": "1001/035546", "level": "INFO", "message": "Preference changed: name=schedule_to_flush_to_disk, new_value=\"13435300546650742\", source=unknown"}
{"logTime": "1001/035546", "level": "INFO", "message": "Preference changed: name=edge.services.signin_scoped_device_id, new_value=\"257f27a0-b526-4b49-a195-eddd00ee19a0\", source=unknown"}
{"logTime": "1001/035546", "level": "INFO", "message": "Preference changed: name=optimization_guide.previously_registered_optimization_types, new_value=[object], source=unknown"}
{"logTime": "1001/035546", "level": "INFO", "message": "Preference changed: name=extensions.chrome_url_overrides, new_value=[object], source=unknown"}
{"logTime": "1001/035546", "level": "INFO", "message": "Preference changed: name=autofill.credit_card_enabled, new_value=false, source=unknown"}
{"logTime": "1001/035546", "level": "INFO", "message": "Preference changed: name=enable_edge_collections, new_value=false, source=unknown"}
{"logTime": "1001/035546", "level": "INFO", "message": "Preference changed: name=resolve_navigation_errors_use_web_service.enabled, new_value=false, source=unknown"}
{"logTime": "1001/035546", "level": "INFO", "message": "Preference changed: name=alternate_error_pages.enabled, new_value=false, source=unknown"}
{"logTime": "1001/035546", "level": "INFO", "message": "Preference changed: name=optimization_guide.previously_registered_optimization_types, new_value=[object], source=unknown"}
{"logTime": "1001/035546", "level": "INFO", "message": "Preference changed: name=in_product_help.session_last_active_time, new_value=\"13435300546697344\", source=unknown"}
{"logTime": "1001/035546", "level": "INFO", "message": "Preference changed: name=optimization_guide.previously_registered_optimization_types, new_value=[object], source=unknown"}
{"logTime": "1001/035546", "level": "INFO", "message": "Preference changed: name=profile.content_settings.exceptions.storage_access_header_origin_trial, new_value=[object], source=unknown"}
{"logTime": "1001/035546", "level": "INFO", "message": "Preference changed: name=edge_rewards.coachmark_promotions, new_value=[object], source=unknown"}
{"logTime": "1001/035546", "level": "INFO", "message": "Preference changed: name=edge_rewards.hva_promotions, new_value=[object], source=unknown"}
{"logTime": "1001/035556", "level": "INFO", "message": "PrefStore write completed: store=4, success=true"}
{"logTime": "1001/035556", "level": "INFO", "message": "PrefStore write completed: store=4, success=true"}
{"logTime": "1001/035640", "level": "INFO", "message": "Preference changed: name=sessions.event_log, new_value=[object], source=unknown"}
{"logTime": "1001/035650", "level": "INFO", "message": "PrefStore write completed: store=4, success=true"}
{"logTime": "1001/040158", "level": "INFO", "message": "Preference changed: name=sessions.session_data_status, new_value=2, source=unknown"}
{"logTime": "1001/040158", "level": "INFO", "message": "Preference changed: name=sessions.session_data_status, new_value=3, source=unknown"}
{"logTime": "1001/040304", "level": "INFO", "message": "UserPrefStore loaded: error=NONE (0)"}
{"logTime": "1001/040304", "level": "INFO", "message": "Preference changed: name=optimization_guide.previously_registered_optimization_types, new_value=[object], source=unknown"}
{"logTime": "1001/040304", "level": "INFO", "message": "Preference changed: name=extensions.chrome_url_overrides, new_value=[object], source=unknown"}
{"logTime": "1001/040304", "level": "INFO", "message": "Preference changed: name=sessions.session_data_status, new_value=1, source=unknown"}
{"logTime": "1001/040304", "level": "INFO", "message": "Preference changed: name=sessions.event_log, new_value=[object], source=unknown"}
{"logTime": "1001/040304", "level": "INFO", "message": "Preference changed: name=optimization_guide.previously_registered_optimization_types, new_value=[object], source=unknown"}
{"logTime": "1001/040304", "level": "INFO", "message": "Preference changed: name=optimization_guide.previously_registered_optimization_types, new_value=[object], source=unknown"}
{"logTime": "1001/040304", "level": "INFO", "message": "Preference changed: name=optimization_guide.previously_registered_optimization_types, new_value=[object], source=unknown"}
{"logTime": "1001/040304", "level": "INFO", "message": "Preference changed: name=optimization_guide.previously_registered_optimization_types, new_value=[object], source=unknown"}
{"logTime": "1001/040304", "level": "INFO", "message": "Preference changed: name=optimization_guide.previously_registered_optimization_types, new_value=[object], source=unknown"}
{"logTime": "1001/040304", "level": "INFO", "message": "Preference changed: name=profile.network_pbs, new_value=[object], source=unknown"}
{"logTime": "1001/040304", "level": "INFO", "message": "Preference changed: name=profile.password_hash_data_list, new_value=[object], source=unknown"}
{"logTime": "1001/040304", "level": "INFO", "message": "Preference changed: name=schedule_to_flush_to_disk, new_value=\"13435300984753821\", source=unknown"}
{"logTime": "1001/040304", "level": "INFO", "message": "Preference changed: name=schedule_to_flush_to_disk, new_value=\"13435300984754556\", source=unknown"}
{"logTime": "1001/040304", "level": "INFO", "message": "Preference changed: name=edge.services.signin_scoped_device_id, new_value=\"557f5c09-1327-45f1-a327-3492d7b7a16f\", source=unknown"}
{"logTime": "1001/040304", "level": "INFO", "message": "Preference changed: name=optimization_guide.previously_registered_optimization_types, new_value=[object], source=unknown"}
{"logTime": "1001/040304", "level": "INFO", "message": "Preference changed: name=extensions.chrome_url_overrides, new_value=[object], source=unknown"}
{"logTime": "1001/040304", "level": "INFO", "message": "Preference changed: name=autofill.credit_card_enabled, new_value=false, source=unknown"}
{"logTime": "1001/040304", "level": "INFO", "message": "Preference changed: name=enable_edge_collections, new_value=false, source=unknown"}
{"logTime": "1001/040304", "level": "INFO", "message": "Preference changed: name=resolve_navigation_errors_use_web_service.enabled, new_value=false, source=unknown"}
{"logTime": "1001/040304", "level": "INFO", "message": "Preference changed: name=alternate_error_pages.enabled, new_value=false, source=unknown"}
{"logTime": "1001/040304", "level": "INFO", "message": "Preference changed: name=optimization_guide.previously_registered_optimization_types, new_value=[object], source=unknown"}
{"logTime": "1001/040304", "level": "INFO", "message": "Preference changed: name=in_product_help.session_last_active_time, new_value=\"13435300984792207\", source=unknown"}
{"logTime": "1001/040304", "level": "INFO", "message": "Preference changed: name=optimization_guide.previously_registered_optimization_types, new_value=[object], source=unknown"}
{"logTime": "1001/040304", "level": "INFO", "message": "Preference changed: name=profile.content_settings.exceptions.storage_access_header_origin_trial, new_value=[object], source=unknown"}
{"logTime": "1001/040305", "level": "INFO", "message": "Preference changed: name=edge_rewards.coachmark_promotions, new_value=[object], source=unknown"}
{"logTime": "1001/040305", "level": "INFO", "message": "Preference changed: name=edge_rewards.hva_promotions, new_value=[object], source=unknown"}
{"logTime": "1001/040314", "level": "INFO", "message": "PrefStore write completed: store=4, success=true"}
{"logTime": "1001/040314", "level": "INFO", "message": "PrefStore write completed: store=4, success=true"}
{"logTime": "1001/040420", "level": "INFO", "message": "Preference changed: name=sessions.event_log, new_value=[object], source=unknown"}
{"logTime": "1001/040430", "level": "INFO", "message": "PrefStore write completed: store=4, success=true"}
{"logTime": "1001/094721", "level": "INFO", "message": "Preference changed: name=account_tracker_service_last_update, new_value=\"13435321641010976\", source=unknown"}
{"logTime": "1001/094721", "level": "INFO", "message": "Preference changed: name=muid.last_sync, new_value=\"13435321641011063\", source=unknown"}
{"logTime": "1001/094721", "level": "INFO", "message": "Preference changed: name=bookmark.storage_computation_last_update, new_value=\"13435321641012870\", source=unknown"}
{"logTime": "1001/094721", "level": "INFO", "message": "Preference changed: name=gaia_cookie.periodic_report_time_2, new_value=\"13435321641012913\", source=unknown"}
{"logTime": "1001/094721", "level": "INFO", "message": "Preference changed: name=commerce_daily_metrics_last_update_time, new_value=\"13435321641013053\", source=unknown"}
{"logTime": "1001/094731", "level": "INFO", "message": "PrefStore write completed: store=4, success=true"}
{"logTime": "1001/102243", "level": "INFO", "message": "Preference changed: name=sessions.session_data_status, new_value=2, source=unknown"}
{"logTime": "1001/102243", "level": "INFO", "message": "Preference changed: name=sessions.session_data_status, new_value=3, source=unknown"}
{"logTime": "1001/104745", "level": "INFO", "message": "UserPrefStore loaded: error=NONE (0)"}
{"logTime": "1001/104745", "level": "INFO", "message": "Preference changed: name=optimization_guide.previously_registered_optimization_types, new_value=[object], source=unknown"}
{"logTime": "1001/104745", "level": "INFO", "message": "Preference changed: name=extensions.chrome_url_overrides, new_value=[object], source=unknown"}
{"logTime": "1001/104745", "level": "INFO", "message": "Preference changed: name=sessions.session_data_status, new_value=1, source=unknown"}
{"logTime": "1001/104745", "level": "INFO", "message": "Preference changed: name=sessions.event_log, new_value=[object], source=unknown"}
{"logTime": "1001/104745", "level": "INFO", "message": "Preference changed: name=optimization_guide.previously_registered_optimization_types, new_value=[object], source=unknown"}
{"logTime": "1001/104745", "level": "INFO", "message": "Preference changed: name=optimization_guide.previously_registered_optimization_types, new_value=[object], source=unknown"}
{"logTime": "1001/104745", "level": "INFO", "message": "Preference changed: name=optimization_guide.previously_registered_optimization_types, new_value=[object], source=unknown"}
{"logTime": "1001/104745", "level": "INFO", "message": "Preference changed: name=optimization_guide.previously_registered_optimization_types, new_value=[object], source=unknown"}
{"logTime": "1001/104745", "level": "INFO", "message": "Preference changed: name=optimization_guide.previously_registered_optimization_types, new_value=[object], source=unknown"}
{"logTime": "1001/104745", "level": "INFO", "message": "Preference changed: name=profile.network_pbs, new_value=[object], source=unknown"}
{"logTime": "1001/104745", "level": "INFO", "message": "Preference changed: name=profile.password_hash_data_list, new_value=[object], source=unknown"}
{"logTime": "1001/104745", "level": "INFO", "message": "Preference changed: name=schedule_to_flush_to_disk, new_value=\"13435325265274421\", source=unknown"}
{"logTime": "1001/104745", "level": "INFO", "message": "Preference changed: name=schedule_to_flush_to_disk, new_value=\"13435325265275131\", source=unknown"}
{"logTime": "1001/104745", "level": "INFO", "message": "Preference changed: name=edge.services.signin_scoped_device_id, new_value=\"239606d9-550b-4b0a-9564-f8e90f990658\", source=unknown"}
{"logTime": "1001/104745", "level": "INFO", "message": "Preference changed: name=optimization_guide.previously_registered_optimization_types, new_value=[object], source=unknown"}
{"logTime": "1001/104745", "level": "INFO", "message": "Preference changed: name=extensions.chrome_url_overrides, new_value=[object], source=unknown"}
{"logTime": "1001/104745", "level": "INFO", "message": "Preference changed: name=autofill.credit_card_enabled, new_value=false, source=unknown"}
{"logTime": "1001/104745", "level": "INFO", "message": "Preference changed: name=enable_edge_collections, new_value=false, source=unknown"}
{"logTime": "1001/104745", "level": "INFO", "message": "Preference changed: name=resolve_navigation_errors_use_web_service.enabled, new_value=false, source=unknown"}
{"logTime": "1001/104745", "level": "INFO", "message": "Preference changed: name=alternate_error_pages.enabled, new_value=false, source=unknown"}
{"logTime": "1001/104745", "level": "INFO", "message": "Preference changed: name=optimization_guide.previously_registered_optimization_types, new_value=[object], source=unknown"}
{"logTime": "1001/104745", "level": "INFO", "message": "Preference changed: name=in_product_help.session_start_time, new_value=\"13435325265334081\", source=unknown"}
{"logTime": "1001/104745", "level": "INFO", "message": "Preference changed: name=in_product_help.session_number, new_value=21, source=unknown"}
{"logTime": "1001/104745", "level": "INFO", "message": "Preference changed: name=in_product_help.session_last_active_time, new_value=\"13435325265334081\", source=unknown"}
{"logTime": "1001/104745", "level": "INFO", "message": "Preference changed: name=in_product_help.recent_session_start_times, new_value=[object], source=unknown"}
{"logTime": "1001/104745", "level": "INFO", "message": "Preference changed: name=optimization_guide.previously_registered_optimization_types, new_value=[object], source=unknown"}
{"logTime": "1001/104745", "level": "INFO", "message": "Preference changed: name=profile.content_settings.exceptions.storage_access_header_origin_trial, new_value=[object], source=unknown"}
{"logTime": "1001/104745", "level": "INFO", "message": "Preference changed: name=edge_rewards.coachmark_promotions, new_value=[object], source=unknown"}
{"logTime": "1001/104745", "level": "INFO", "message": "Preference changed: name=edge_rewards.hva_promotions, new_value=[object], source=unknown"}
{"logTime": "1001/104755", "level": "INFO", "message": "PrefStore write completed: store=4, success=true"}
{"logTime": "1001/104755", "level": "INFO", "message": "PrefStore write completed: store=4, success=true"}
{"logTime": "1001/104841", "level": "INFO", "message": "Preference changed: name=sessions.event_log, new_value=[object], source=unknown"}
{"logTime": "1001/104851", "level": "INFO", "message": "PrefStore write completed: store=4, success=true"}
{"logTime": "1001/105103", "level": "INFO", "message": "Preference changed: name=sessions.session_data_status, new_value=2, source=unknown"}
{"logTime": "1001/105103", "level": "INFO", "message": "Preference changed: name=sessions.session_data_status, new_value=3, source=unknown"}
{"logTime": "1001/111043", "level": "INFO", "message": "UserPrefStore loaded: error=NONE (0)"}
{"logTime": "1001/111043", "level": "INFO", "message": "Preference changed: name=optimization_guide.previously_registered_optimization_types, new_value=[object], source=unknown"}
{"logTime": "1001/111043", "level": "INFO", "message": "Preference changed: name=extensions.chrome_url_overrides, new_value=[object], source=unknown"}
{"logTime": "1001/111043", "level": "INFO", "message": "Preference changed: name=sessions.session_data_status, new_value=1, source=unknown"}
{"logTime": "1001/111043", "level": "INFO", "message": "Preference changed: name=sessions.event_log, new_value=[object], source=unknown"}
{"logTime": "1001/111043", "level": "INFO", "message": "Preference changed: name=optimization_guide.previously_registered_optimization_types, new_value=[object], source=unknown"}
{"logTime": "1001/111043", "level": "INFO", "message": "Preference changed: name=optimization_guide.previously_registered_optimization_types, new_value=[object], source=unknown"}
{"logTime": "1001/111043", "level": "INFO", "message": "Preference changed: name=optimization_guide.previously_registered_optimization_types, new_value=[object], source=unknown"}
{"logTime": "1001/111043", "level": "INFO", "message": "Preference changed: name=optimization_guide.previously_registered_optimization_types, new_value=[object], source=unknown"}
{"logTime": "1001/111043", "level": "INFO", "message": "Preference changed: name=optimization_guide.previously_registered_optimization_types, new_value=[object], source=unknown"}
{"logTime": "1001/111043", "level": "INFO", "message": "Preference changed: name=profile.network_pbs, new_value=[object], source=unknown"}
{"logTime": "1001/111043", "level": "INFO", "message": "Preference changed: name=profile.password_hash_data_list, new_value=[object], source=unknown"}
{"logTime": "1001/111043", "level": "INFO", "message": "Preference changed: name=schedule_to_flush_to_disk, new_value=\"13435326643944163\", source=unknown"}
{"logTime": "1001/111043", "level": "INFO", "message": "Preference changed: name=schedule_to_flush_to_disk, new_value=\"13435326643944859\", source=unknown"}
{"logTime": "1001/111043", "level": "INFO", "message": "Preference changed: name=edge.services.signin_scoped_device_id, new_value=\"06920ec4-897c-488a-8b40-be5b41ba1764\", source=unknown"}
{"logTime": "1001/111043", "level": "INFO", "message": "Preference changed: name=optimization_guide.previously_registered_optimization_types, new_value=[object], source=unknown"}
{"logTime": "1001/111043", "level": "INFO", "message": "Preference changed: name=extensions.chrome_url_overrides, new_value=[object], source=unknown"}
{"logTime": "1001/111043", "level": "INFO", "message": "Preference changed: name=autofill.credit_card_enabled, new_value=false, source=unknown"}
{"logTime": "1001/111043", "level": "INFO", "message": "Preference changed: name=enable_edge_collections, new_value=false, source=unknown"}
{"logTime": "1001/111043", "level": "INFO", "message": "Preference changed: name=resolve_navigation_errors_use_web_service.enabled, new_value=false, source=unknown"}
{"logTime": "1001/111043", "level": "INFO", "message": "Preference changed: name=alternate_error_pages.enabled, new_value=false, source=unknown"}
{"logTime": "1001/111043", "level": "INFO", "message": "Preference changed: name=optimization_guide.previously_registered_optimization_types, new_value=[object], source=unknown"}
{"logTime": "1001/111043", "level": "INFO", "message": "Preference changed: name=in_product_help.session_last_active_time, new_value=\"13435326643985725\", source=unknown"}
{"logTime": "1001/111043", "level": "INFO", "message": "Preference changed: name=optimization_guide.previously_registered_optimization_types, new_value=[object], source=unknown"}
{"logTime": "1001/111043", "level": "INFO", "message": "Preference changed: name=profile.content_settings.exceptions.storage_access_header_origin_trial, new_value=[object], source=unknown"}
{"logTime": "1001/111044", "level": "INFO", "message": "Preference changed: name=edge_rewards.coachmark_promotions, new_value=[object], source=unknown"}
{"logTime": "1001/111044", "level": "INFO", "message": "Preference changed: name=edge_rewards.hva_promotions, new_value=[object], source=unknown"}
{"logTime": "1001/111053", "level": "INFO", "message": "PrefStore write completed: store=4, success=true"}
{"logTime": "1001/111053", "level": "INFO", "message": "PrefStore write completed: store=4, success=true"}
{"logTime": "1001/111549", "level": "INFO", "message": "Preference changed: name=profile.content_settings.exceptions.site_engagement, new_value=[object], source=unknown"}
{"logTime": "1001/111549", "level": "INFO", "message": "Preference changed: name=profile.last_engagement_time, new_value=\"13435298149583102\", source=unknown"}
{"logTime": "1001/111915", "level": "INFO", "message": "Preference changed: name=sessions.event_log, new_value=[object], source=unknown"}
{"logTime": "1001/111917", "level": "INFO", "message": "Preference changed: name=sessions.session_data_status, new_value=2, source=unknown"}
{"logTime": "1001/111917", "level": "INFO", "message": "Preference changed: name=sessions.session_data_status, new_value=3, source=unknown"}
{"logTime": "1001/113808", "level": "INFO", "message": "UserPrefStore loaded: error=NONE (0)"}
{"logTime": "1001/113808", "level": "INFO", "message": "Preference changed: name=optimization_guide.previously_registered_optimization_types, new_value=[object], source=unknown"}
{"logTime": "1001/113808", "level": "INFO", "message": "Preference changed: name=extensions.chrome_url_overrides, new_value=[object], source=unknown"}
{"logTime": "1001/113808", "level": "INFO", "message": "Preference changed: name=sessions.session_data_status, new_value=1, source=unknown"}
{"logTime": "1001/113808", "level": "INFO", "message": "Preference changed: name=sessions.event_log, new_value=[object], source=unknown"}
{"logTime": "1001/113808", "level": "INFO", "message": "Preference changed: name=optimization_guide.previously_registered_optimization_types, new_value=[object], source=unknown"}
{"logTime": "1001/113808", "level": "INFO", "message": "Preference changed: name=optimization_guide.previously_registered_optimization_types, new_value=[object], source=unknown"}
{"logTime": "1001/113808", "level": "INFO", "message": "Preference changed: name=optimization_guide.previously_registered_optimization_types, new_value=[object], source=unknown"}
{"logTime": "1001/113808", "level": "INFO", "message": "Preference changed: name=optimization_guide.previously_registered_optimization_types, new_value=[object], source=unknown"}
{"logTime": "1001/113808", "level": "INFO", "message": "Preference changed: name=optimization_guide.previously_registered_optimization_types, new_value=[object], source=unknown"}
{"logTime": "1001/113808", "level": "INFO", "message": "Preference changed: name=profile.network_pbs, new_value=[object], source=unknown"}
{"logTime": "1001/113808", "level": "INFO", "message": "Preference changed: name=profile.password_hash_data_list, new_value=[object], source=unknown"}
{"logTime": "1001/113808", "level": "INFO", "message": "Preference changed: name=schedule_to_flush_to_disk, new_value=\"13435328288628740\", source=unknown"}
{"logTime": "1001/113808", "level": "INFO", "message": "Preference changed: name=schedule_to_flush_to_disk, new_value=\"13435328288629400\", source=unknown"}
{"logTime": "1001/113808", "level": "INFO", "message": "Preference changed: name=edge.services.signin_scoped_device_id, new_value=\"7dec8f96-6f30-4098-867a-6da425aeb8c8\", source=unknown"}
{"logTime": "1001/113808", "level": "INFO", "message": "Preference changed: name=optimization_guide.previously_registered_optimization_types, new_value=[object], source=unknown"}
{"logTime": "1001/113808", "level": "INFO", "message": "Preference changed: name=extensions.chrome_url_overrides, new_value=[object], source=unknown"}
{"logTime": "1001/113808", "level": "INFO", "message": "Preference changed: name=autofill.credit_card_enabled, new_value=false, source=unknown"}
{"logTime": "1001/113808", "level": "INFO", "message": "Preference changed: name=enable_edge_collections, new_value=false, source=unknown"}
{"logTime": "1001/113808", "level": "INFO", "message": "Preference changed: name=resolve_navigation_errors_use_web_service.enabled, new_value=false, source=unknown"}
{"logTime": "1001/113808", "level": "INFO", "message": "Preference changed: name=alternate_error_pages.enabled, new_value=false, source=unknown"}
{"logTime": "1001/113808", "level": "INFO", "message": "Preference changed: name=optimization_guide.previously_registered_optimization_types, new_value=[object], source=unknown"}
{"logTime": "1001/113808", "level": "INFO", "message": "Preference changed: name=in_product_help.session_last_active_time, new_value=\"13435328288683048\", source=unknown"}
{"logTime": "1001/113808", "level": "INFO", "message": "Preference changed: name=optimization_guide.previously_registered_optimization_types, new_value=[object], source=unknown"}
{"logTime": "1001/113808", "level": "INFO", "message": "Preference changed: name=profile.content_settings.exceptions.storage_access_header_origin_trial, new_value=[object], source=unknown"}
{"logTime": "1001/113808", "level": "INFO", "message": "Preference changed: name=edge_rewards.coachmark_promotions, new_value=[object], source=unknown"}
{"logTime": "1001/113808", "level": "INFO", "message": "Preference changed: name=edge_rewards.hva_promotions, new_value=[object], source=unknown"}
{"logTime": "1001/113818", "level": "INFO", "message": "PrefStore write completed: store=4, success=true"}
{"logTime": "1001/113818", "level": "INFO", "message": "PrefStore write completed: store=4, success=true"}
{"logTime": "1001/113950", "level": "INFO", "message": "Preference changed: name=sessions.event_log, new_value=[object], source=unknown"}
{"logTime": "1001/114000", "level": "INFO", "message": "PrefStore write completed: store=4, success=true"}
{"logTime": "1001/162831", "level": "INFO", "message": "Preference changed: name=profile.content_settings.exceptions.site_engagement, new_value=[object], source=unknown"}
{"logTime": "1001/162831", "level": "INFO", "message": "Preference changed: name=profile.last_engagement_time, new_value=\"13435316911442872\", source=unknown"}
{"logTime": "1001/182849", "level": "INFO", "message": "Preference changed: name=sessions.session_data_status, new_value=2, source=unknown"}
{"logTime": "1001/182849", "level": "INFO", "message": "Preference changed: name=sessions.session_data_status, new_value=3, source=unknown"}
{"logTime": "1002/090903", "level": "INFO", "message": "UserPrefStore loaded: error=NONE (0)"}
{"logTime": "1002/090903", "level": "INFO", "message": "Preference changed: name=optimization_guide.previously_registered_optimization_types, new_value=[object], source=unknown"}
{"logTime": "1002/090903", "level": "INFO", "message": "Preference changed: name=extensions.chrome_url_overrides, new_value=[object], source=unknown"}
{"logTime": "1002/090903", "level": "INFO", "message": "Preference changed: name=sessions.session_data_status, new_value=1, source=unknown"}
{"logTime": "1002/090903", "level": "INFO", "message": "Preference changed: name=sessions.event_log, new_value=[object], source=unknown"}
{"logTime": "1002/090903", "level": "INFO", "message": "Preference changed: name=optimization_guide.previously_registered_optimization_types, new_value=[object], source=unknown"}
{"logTime": "1002/090903", "level": "INFO", "message": "Preference changed: name=optimization_guide.previously_registered_optimization_types, new_value=[object], source=unknown"}
{"logTime": "1002/090903", "level": "INFO", "message": "Preference changed: name=optimization_guide.previously_registered_optimization_types, new_value=[object], source=unknown"}
{"logTime": "1002/090903", "level": "INFO", "message": "Preference changed: name=optimization_guide.previously_registered_optimization_types, new_value=[object], source=unknown"}
{"logTime": "1002/090903", "level": "INFO", "message": "Preference changed: name=optimization_guide.previously_registered_optimization_types, new_value=[object], source=unknown"}
{"logTime": "1002/090903", "level": "INFO", "message": "Preference changed: name=profile.network_pbs, new_value=[object], source=unknown"}
{"logTime": "1002/090903", "level": "INFO", "message": "Preference changed: name=profile.password_hash_data_list, new_value=[object], source=unknown"}
{"logTime": "1002/090903", "level": "INFO", "message": "Preference changed: name=schedule_to_flush_to_disk, new_value=\"13435405743206960\", source=unknown"}
{"logTime": "1002/090903", "level": "INFO", "message": "Preference changed: name=schedule_to_flush_to_disk, new_value=\"13435405743207705\", source=unknown"}
{"logTime": "1002/090903", "level": "INFO", "message": "Preference changed: name=edge.services.signin_scoped_device_id, new_value=\"7db5ff2a-b009-4f5d-a786-c4addb84670e\", source=unknown"}
{"logTime": "1002/090903", "level": "INFO", "message": "Preference changed: name=optimization_guide.previously_registered_optimization_types, new_value=[object], source=unknown"}
{"logTime": "1002/090903", "level": "INFO", "message": "Preference changed: name=extensions.chrome_url_overrides, new_value=[object], source=unknown"}
{"logTime": "1002/090903", "level": "INFO", "message": "Preference changed: name=autofill.credit_card_enabled, new_value=false, source=unknown"}
{"logTime": "1002/090903", "level": "INFO", "message": "Preference changed: name=enable_edge_collections, new_value=false, source=unknown"}
{"logTime": "1002/090903", "level": "INFO", "message": "Preference changed: name=resolve_navigation_errors_use_web_service.enabled, new_value=false, source=unknown"}
{"logTime": "1002/090903", "level": "INFO", "message": "Preference changed: name=alternate_error_pages.enabled, new_value=false, source=unknown"}
{"logTime": "1002/090903", "level": "INFO", "message": "Preference changed: name=optimization_guide.previously_registered_optimization_types, new_value=[object], source=unknown"}
{"logTime": "1002/090903", "level": "INFO", "message": "Preference changed: name=in_product_help.session_start_time, new_value=\"13435405743253082\", source=unknown"}
{"logTime": "1002/090903", "level": "INFO", "message": "Preference changed: name=in_product_help.session_number, new_value=22, source=unknown"}
{"logTime": "1002/090903", "level": "INFO", "message": "Preference changed: name=in_product_help.session_last_active_time, new_value=\"13435405743253082\", source=unknown"}
{"logTime": "1002/090903", "level": "INFO", "message": "Preference changed: name=in_product_help.recent_session_start_times, new_value=[object], source=unknown"}
{"logTime": "1002/090903", "level": "INFO", "message": "Preference changed: name=optimization_guide.previously_registered_optimization_types, new_value=[object], source=unknown"}
{"logTime": "1002/090903", "level": "INFO", "message": "Preference changed: name=profile.content_settings.exceptions.storage_access_header_origin_trial, new_value=[object], source=unknown"}
{"logTime": "1002/090903", "level": "INFO", "message": "Preference changed: name=profile.content_settings.exceptions.site_engagement, new_value=[object], source=unknown"}
{"logTime": "1002/090903", "level": "INFO", "message": "Preference changed: name=profile.last_engagement_time, new_value=\"13435376943351359\", source=unknown"}
{"logTime": "1002/090903", "level": "INFO", "message": "Preference changed: name=edge_rewards.coachmark_promotions, new_value=[object], source=unknown"}
{"logTime": "1002/090903", "level": "INFO", "message": "Preference changed: name=edge_rewards.hva_promotions, new_value=[object], source=unknown"}
{"logTime": "1002/090904", "level": "INFO", "message": "Preference changed: name=profile.content_settings.exceptions.site_engagement, new_value=[object], source=unknown"}
{"logTime": "1002/090904", "level": "INFO", "message": "Preference changed: name=profile.last_engagement_time, new_value=\"13435405744640478\", source=unknown"}
{"logTime": "1002/090913", "level": "INFO", "message": "PrefStore write completed: store=4, success=true"}
{"logTime": "1002/090913", "level": "INFO", "message": "PrefStore write completed: store=4, success=true"}
{"logTime": "1002/090913", "level": "INFO", "message": "Preference changed: name=edge.bookmarks.last_dup_info_record_time, new_value=\"13435405753211630\", source=unknown"}
{"logTime": "1002/090923", "level": "INFO", "message": "PrefStore write completed: store=4, success=true"}
{"logTime": "1002/090926", "level": "INFO", "message": "Preference changed: name=profile.content_settings.exceptions.media_engagement, new_value=[object], source=unknown"}
{"logTime": "1002/090926", "level": "INFO", "message": "Preference changed: name=profile.observed_session_time, new_value=[object], source=unknown"}
{"logTime": "1002/090926", "level": "INFO", "message": "Preference changed: name=sessions.session_data_status, new_value=2, source=unknown"}
{"logTime": "1002/090926", "level": "INFO", "message": "Preference changed: name=sessions.session_data_status, new_value=3, source=unknown"}
{"logTime": "1002/090926", "level": "INFO", "message": "Preference changed: name=sessions.event_log, new_value=[object], source=unknown"}
{"logTime": "1002/101640", "level": "INFO", "message": "UserPrefStore loaded: error=NONE (0)"}
{"logTime": "1002/101640", "level": "INFO", "message": "Preference changed: name=gaia_cookie.periodic_report_time_2, new_value=\"13435409800882441\", source=unknown"}
{"logTime": "1002/101640", "level": "INFO", "message": "Preference changed: name=optimization_guide.previously_registered_optimization_types, new_value=[object], source=unknown"}
{"logTime": "1002/101640", "level": "INFO", "message": "Preference changed: name=extensions.chrome_url_overrides, new_value=[object], source=unknown"}
{"logTime": "1002/101640", "level": "INFO", "message": "Preference changed: name=sessions.session_data_status, new_value=1, source=unknown"}
{"logTime": "1002/101640", "level": "INFO", "message": "Preference changed: name=sessions.event_log, new_value=[object], source=unknown"}
{"logTime": "1002/101640", "level": "INFO", "message": "Preference changed: name=optimization_guide.previously_registered_optimization_types, new_value=[object], source=unknown"}
{"logTime": "1002/101640", "level": "INFO", "message": "Preference changed: name=optimization_guide.previously_registered_optimization_types, new_value=[object], source=unknown"}
{"logTime": "1002/101640", "level": "INFO", "message": "Preference changed: name=optimization_guide.previously_registered_optimization_types, new_value=[object], source=unknown"}
{"logTime": "1002/101640", "level": "INFO", "message": "Preference changed: name=optimization_guide.previously_registered_optimization_types, new_value=[object], source=unknown"}
{"logTime": "1002/101640", "level": "INFO", "message": "Preference changed: name=optimization_guide.previously_registered_optimization_types, new_value=[object], source=unknown"}
{"logTime": "1002/101640", "level": "INFO", "message": "Preference changed: name=profile.network_pbs, new_value=[object], source=unknown"}
{"logTime": "1002/101640", "level": "INFO", "message": "Preference changed: name=profile.password_hash_data_list, new_value=[object], source=unknown"}
{"logTime": "1002/101640", "level": "INFO", "message": "Preference changed: name=schedule_to_flush_to_disk, new_value=\"13435409800905797\", source=unknown"}
{"logTime": "1002/101640", "level": "INFO", "message": "Preference changed: name=schedule_to_flush_to_disk, new_value=\"13435409800906807\", source=unknown"}
{"logTime": "1002/101640", "level": "INFO", "message": "Preference changed: name=muid.last_sync, new_value=\"13435409800906957\", source=unknown"}
{"logTime": "1002/101640", "level": "INFO", "message": "Preference changed: name=bookmark.storage_computation_last_update, new_value=\"13435409800907139\", source=unknown"}
{"logTime": "1002/101640", "level": "INFO", "message": "Preference changed: name=edge.services.signin_scoped_device_id, new_value=\"357736f7-82e2-48d6-9d3d-1ff641d80789\", source=unknown"}
{"logTime": "1002/101640", "level": "INFO", "message": "Preference changed: name=account_tracker_service_last_update, new_value=\"13435409800907950\", source=unknown"}
{"logTime": "1002/101640", "level": "INFO", "message": "Preference changed: name=commerce_daily_metrics_last_update_time, new_value=\"13435409800908096\", source=unknown"}
{"logTime": "1002/101640", "level": "INFO", "message": "Preference changed: name=optimization_guide.previously_registered_optimization_types, new_value=[object], source=unknown"}
{"logTime": "1002/101640", "level": "INFO", "message": "Preference changed: name=extensions.chrome_url_overrides, new_value=[object], source=unknown"}
{"logTime": "1002/101640", "level": "INFO", "message": "Preference changed: name=autofill.credit_card_enabled, new_value=false, source=unknown"}
{"logTime": "1002/101640", "level": "INFO", "message": "Preference changed: name=enable_edge_collections, new_value=false, source=unknown"}
{"logTime": "1002/101640", "level": "INFO", "message": "Preference changed: name=resolve_navigation_errors_use_web_service.enabled, new_value=false, source=unknown"}
{"logTime": "1002/101640", "level": "INFO", "message": "Preference changed: name=alternate_error_pages.enabled, new_value=false, source=unknown"}
{"logTime": "1002/101640", "level": "INFO", "message": "Preference changed: name=optimization_guide.previously_registered_optimization_types, new_value=[object], source=unknown"}
{"logTime": "1002/101640", "level": "INFO", "message": "Preference changed: name=in_product_help.session_last_active_time, new_value=\"13435409800957865\", source=unknown"}
{"logTime": "1002/101640", "level": "INFO", "message": "Preference changed: name=optimization_guide.previously_registered_optimization_types, new_value=[object], source=unknown"}
{"logTime": "1002/101640", "level": "INFO", "message": "Preference changed: name=profile.content_settings.exceptions.storage_access_header_origin_trial, new_value=[object], source=unknown"}
{"logTime": "1002/101641", "level": "INFO", "message": "Preference changed: name=edge_rewards.coachmark_promotions, new_value=[object], source=unknown"}
{"logTime": "1002/101641", "level": "INFO", "message": "Preference changed: name=edge_rewards.hva_promotions, new_value=[object], source=unknown"}
{"logTime": "1002/101641", "level": "INFO", "message": "Preference changed: name=profile.content_settings.exceptions.site_engagement, new_value=[object], source=unknown"}
{"logTime": "1002/101641", "level": "INFO", "message": "Preference changed: name=profile.last_engagement_time, new_value=\"13435409801211371\", source=unknown"}
{"logTime": "1002/101644", "level": "INFO", "message": "Preference changed: name=language_dwell_time_average, new_value=[object], source=unknown"}
{"logTime": "1002/101644", "level": "INFO", "message": "Preference changed: name=language_usage_count, new_value=[object], source=unknown"}
{"logTime": "1002/101644", "level": "INFO", "message": "Preference changed: name=profile.content_settings.exceptions.media_engagement, new_value=[object], source=unknown"}
{"logTime": "1002/101644", "level": "INFO", "message": "Preference changed: name=sessions.session_data_status, new_value=2, source=unknown"}
{"logTime": "1002/101644", "level": "INFO", "message": "Preference changed: name=sessions.session_data_status, new_value=3, source=unknown"}
{"logTime": "1002/101644", "level": "INFO", "message": "Preference changed: name=sessions.event_log, new_value=[object], source=unknown"}
{"logTime": "1002/102946", "level": "INFO", "message": "UserPrefStore loaded: error=NONE (0)"}
{"logTime": "1002/102946", "level": "INFO", "message": "Preference changed: name=optimization_guide.previously_registered_optimization_types, new_value=[object], source=unknown"}
{"logTime": "1002/102946", "level": "INFO", "message": "Preference changed: name=extensions.chrome_url_overrides, new_value=[object], source=unknown"}
{"logTime": "1002/102946", "level": "INFO", "message": "Preference changed: name=sessions.session_data_status, new_value=1, source=unknown"}
{"logTime": "1002/102946", "level": "INFO", "message": "Preference changed: name=sessions.event_log, new_value=[object], source=unknown"}
{"logTime": "1002/102946", "level": "INFO", "message": "Preference changed: name=optimization_guide.previously_registered_optimization_types, new_value=[object], source=unknown"}
{"logTime": "1002/102946", "level": "INFO", "message": "Preference changed: name=optimization_guide.previously_registered_optimization_types, new_value=[object], source=unknown"}
{"logTime": "1002/102946", "level": "INFO", "message": "Preference changed: name=optimization_guide.previously_registered_optimization_types, new_value=[object], source=unknown"}
{"logTime": "1002/102946", "level": "INFO", "message": "Preference changed: name=optimization_guide.previously_registered_optimization_types, new_value=[object], source=unknown"}
{"logTime": "1002/102946", "level": "INFO", "message": "Preference changed: name=optimization_guide.previously_registered_optimization_types, new_value=[object], source=unknown"}
{"logTime": "1002/102946", "level": "INFO", "message": "Preference changed: name=profile.network_pbs, new_value=[object], source=unknown"}
{"logTime": "1002/102946", "level": "INFO", "message": "Preference changed: name=profile.password_hash_data_list, new_value=[object], source=unknown"}
{"logTime": "1002/102946", "level": "INFO", "message": "Preference changed: name=schedule_to_flush_to_disk, new_value=\"13435410586326967\", source=unknown"}
{"logTime": "1002/102946", "level": "INFO", "message": "Preference changed: name=schedule_to_flush_to_disk, new_value=\"13435410586327672\", source=unknown"}
{"logTime": "1002/102946", "level": "INFO", "message": "Preference changed: name=edge.services.signin_scoped_device_id, new_value=\"84f4d804-165f-4ba0-a8f5-0d67dda7e721\", source=unknown"}
{"logTime": "1002/102946", "level": "INFO", "message": "Preference changed: name=optimization_guide.previously_registered_optimization_types, new_value=[object], source=unknown"}
{"logTime": "1002/102946", "level": "INFO", "message": "Preference changed: name=extensions.chrome_url_overrides, new_value=[object], source=unknown"}
{"logTime": "1002/102946", "level": "INFO", "message": "Preference changed: name=autofill.credit_card_enabled, new_value=false, source=unknown"}
{"logTime": "1002/102946", "level": "INFO", "message": "Preference changed: name=enable_edge_collections, new_value=false, source=unknown"}
{"logTime": "1002/102946", "level": "INFO", "message": "Preference changed: name=resolve_navigation_errors_use_web_service.enabled, new_value=false, source=unknown"}
{"logTime": "1002/102946", "level": "INFO", "message": "Preference changed: name=alternate_error_pages.enabled, new_value=false, source=unknown"}
{"logTime": "1002/102946", "level": "INFO", "message": "Preference changed: name=optimization_guide.previously_registered_optimization_types, new_value=[object], source=unknown"}
{"logTime": "1002/102946", "level": "INFO", "message": "Preference changed: name=in_product_help.session_last_active_time, new_value=\"13435410586369064\", source=unknown"}
{"logTime": "1002/102946", "level": "INFO", "message": "Preference changed: name=optimization_guide.previously_registered_optimization_types, new_value=[object], source=unknown"}
{"logTime": "1002/102946", "level": "INFO", "message": "Preference changed: name=profile.content_settings.exceptions.storage_access_header_origin_trial, new_value=[object], source=unknown"}
{"logTime": "1002/102946", "level": "INFO", "message": "Preference changed: name=sessions.session_data_status, new_value=2, source=unknown"}
{"logTime": "1002/102946", "level": "INFO", "message": "Preference changed: name=sessions.session_data_status, new_value=3, source=unknown"}
{"logTime": "1002/102946", "level": "INFO", "message": "Preference changed: name=sessions.session_data_status, new_value=1, source=unknown"}
{"logTime": "1002/102946", "level": "INFO", "message": "Preference changed: name=sessions.event_log, new_value=[object], source=unknown"}
{"logTime": "1002/102946", "level": "INFO", "message": "Preference changed: name=edge_rewards.coachmark_promotions, new_value=[object], source=unknown"}
{"logTime": "1002/102946", "level": "INFO", "message": "Preference changed: name=edge_rewards.hva_promotions, new_value=[object], source=unknown"}
{"logTime": "1002/102956", "level": "INFO", "message": "PrefStore write completed: store=4, success=true"}
{"logTime": "1002/102956", "level": "INFO", "message": "PrefStore write completed: store=4, success=true"}
{"logTime": "1002/103016", "level": "INFO", "message": "Preference changed: name=profile.last_time_password_store_metrics_reported, new_value=1790937016.314486, source=unknown"}
{"logTime": "1002/103016", "level": "INFO", "message": "Preference changed: name=edge_wallet.passwords.password_lost_report_date, new_value=\"13435410616314630\", source=unknown"}
{"logTime": "1002/103026", "level": "INFO", "message": "PrefStore write completed: store=4, success=true"}
{"logTime": "1002/103622", "level": "INFO", "message": "Preference changed: name=sessions.session_data_status, new_value=2, source=unknown"}
{"logTime": "1002/103622", "level": "INFO", "message": "Preference changed: name=sessions.session_data_status, new_value=3, source=unknown"}
{"logTime": "1002/103913", "level": "INFO", "message": "UserPrefStore loaded: error=NONE (0)"}
{"logTime": "1002/103913", "level": "INFO", "message": "Preference changed: name=optimization_guide.previously_registered_optimization_types, new_value=[object], source=unknown"}
{"logTime": "1002/103913", "level": "INFO", "message": "Preference changed: name=extensions.chrome_url_overrides, new_value=[object], source=unknown"}
{"logTime": "1002/103913", "level": "INFO", "message": "Preference changed: name=sessions.session_data_status, new_value=1, source=unknown"}
{"logTime": "1002/103913", "level": "INFO", "message": "Preference changed: name=sessions.event_log, new_value=[object], source=unknown"}
{"logTime": "1002/103913", "level": "INFO", "message": "Preference changed: name=optimization_guide.previously_registered_optimization_types, new_value=[object], source=unknown"}
{"logTime": "1002/103913", "level": "INFO", "message": "Preference changed: name=optimization_guide.previously_registered_optimization_types, new_value=[object], source=unknown"}
{"logTime": "1002/103913", "level": "INFO", "message": "Preference changed: name=optimization_guide.previously_registered_optimization_types, new_value=[object], source=unknown"}
{"logTime": "1002/103913", "level": "INFO", "message": "Preference changed: name=optimization_guide.previously_registered_optimization_types, new_value=[object], source=unknown"}
{"logTime": "1002/103913", "level": "INFO", "message": "Preference changed: name=optimization_guide.previously_registered_optimization_types, new_value=[object], source=unknown"}
{"logTime": "1002/103913", "level": "INFO", "message": "Preference changed: name=profile.network_pbs, new_value=[object], source=unknown"}
{"logTime": "1002/103913", "level": "INFO", "message": "Preference changed: name=profile.password_hash_data_list, new_value=[object], source=unknown"}
{"logTime": "1002/103913", "level": "INFO", "message": "Preference changed: name=schedule_to_flush_to_disk, new_value=\"13435411153487141\", source=unknown"}
{"logTime": "1002/103913", "level": "INFO", "message": "Preference changed: name=schedule_to_flush_to_disk, new_value=\"13435411153487862\", source=unknown"}
{"logTime": "1002/103913", "level": "INFO", "message": "Preference changed: name=edge.services.signin_scoped_device_id, new_value=\"4326c4b5-7e16-4e9b-be73-d8ac6eb6cc58\", source=unknown"}
{"logTime": "1002/103913", "level": "INFO", "message": "Preference changed: name=optimization_guide.previously_registered_optimization_types, new_value=[object], source=unknown"}
{"logTime": "1002/103913", "level": "INFO", "message": "Preference changed: name=extensions.chrome_url_overrides, new_value=[object], source=unknown"}
{"logTime": "1002/103913", "level": "INFO", "message": "Preference changed: name=autofill.credit_card_enabled, new_value=false, source=unknown"}
{"logTime": "1002/103913", "level": "INFO", "message": "Preference changed: name=enable_edge_collections, new_value=false, source=unknown"}
{"logTime": "1002/103913", "level": "INFO", "message": "Preference changed: name=resolve_navigation_errors_use_web_service.enabled, new_value=false, source=unknown"}
{"logTime": "1002/103913", "level": "INFO", "message": "Preference changed: name=alternate_error_pages.enabled, new_value=false, source=unknown"}
{"logTime": "1002/103913", "level": "INFO", "message": "Preference changed: name=optimization_guide.previously_registered_optimization_types, new_value=[object], source=unknown"}
{"logTime": "1002/103913", "level": "INFO", "message": "Preference changed: name=in_product_help.session_last_active_time, new_value=\"13435411153531476\", source=unknown"}
{"logTime": "1002/103913", "level": "INFO", "message": "Preference changed: name=optimization_guide.previously_registered_optimization_types, new_value=[object], source=unknown"}
{"logTime": "1002/103913", "level": "INFO", "message": "Preference changed: name=profile.content_settings.exceptions.storage_access_header_origin_trial, new_value=[object], source=unknown"}
{"logTime": "1002/103913", "level": "INFO", "message": "Preference changed: name=edge_rewards.coachmark_promotions, new_value=[object], source=unknown"}
{"logTime": "1002/103913", "level": "INFO", "message": "Preference changed: name=edge_rewards.hva_promotions, new_value=[object], source=unknown"}
{"logTime": "1002/103913", "level": "INFO", "message": "Preference changed: name=language_model_counters, new_value=[object], source=unknown"}
{"logTime": "1002/103923", "level": "INFO", "message": "PrefStore write completed: store=4, success=true"}
{"logTime": "1002/103923", "level": "INFO", "message": "PrefStore write completed: store=4, success=true"}
{"logTime": "1002/151133", "level": "INFO", "message": "Preference changed: name=sessions.session_data_status, new_value=2, source=unknown"}
{"logTime": "1002/151133", "level": "INFO", "message": "Preference changed: name=sessions.session_data_status, new_value=3, source=unknown"}
{"logTime": "1002/151133", "level": "INFO", "message": "Preference changed: name=sessions.event_log, new_value=[object], source=unknown"}
{"logTime": "1002/154923", "level": "INFO", "message": "UserPrefStore loaded: error=NONE (0)"}
{"logTime": "1002/154923", "level": "INFO", "message": "Preference changed: name=optimization_guide.previously_registered_optimization_types, new_value=[object], source=unknown"}
{"logTime": "1002/154923", "level": "INFO", "message": "Preference changed: name=extensions.chrome_url_overrides, new_value=[object], source=unknown"}
{"logTime": "1002/154923", "level": "INFO", "message": "Preference changed: name=sessions.session_data_status, new_value=1, source=unknown"}
{"logTime": "1002/154923", "level": "INFO", "message": "Preference changed: name=sessions.event_log, new_value=[object], source=unknown"}
{"logTime": "1002/154923", "level": "INFO", "message": "Preference changed: name=optimization_guide.previously_registered_optimization_types, new_value=[object], source=unknown"}
{"logTime": "1002/154923", "level": "INFO", "message": "Preference changed: name=optimization_guide.previously_registered_optimization_types, new_value=[object], source=unknown"}
{"logTime": "1002/154923", "level": "INFO", "message": "Preference changed: name=optimization_guide.previously_registered_optimization_types, new_value=[object], source=unknown"}
{"logTime": "1002/154923", "level": "INFO", "message": "Preference changed: name=optimization_guide.previously_registered_optimization_types, new_value=[object], source=unknown"}
{"logTime": "1002/154923", "level": "INFO", "message": "Preference changed: name=optimization_guide.previously_registered_optimization_types, new_value=[object], source=unknown"}
{"logTime": "1002/154923", "level": "INFO", "message": "Preference changed: name=profile.network_pbs, new_value=[object], source=unknown"}
{"logTime": "1002/154923", "level": "INFO", "message": "Preference changed: name=profile.password_hash_data_list, new_value=[object], source=unknown"}
{"logTime": "1002/154923", "level": "INFO", "message": "Preference changed: name=schedule_to_flush_to_disk, new_value=\"13435429763741429\", source=unknown"}
{"logTime": "1002/154923", "level": "INFO", "message": "Preference changed: name=schedule_to_flush_to_disk, new_value=\"13435429763743003\", source=unknown"}
{"logTime": "1002/154923", "level": "INFO", "message": "Preference changed: name=edge.services.signin_scoped_device_id, new_value=\"a51e86ee-4256-4152-9106-c32ec51c7a05\", source=unknown"}
{"logTime": "1002/154923", "level": "INFO", "message": "Preference changed: name=optimization_guide.previously_registered_optimization_types, new_value=[object], source=unknown"}
{"logTime": "1002/154923", "level": "INFO", "message": "Preference changed: name=extensions.chrome_url_overrides, new_value=[object], source=unknown"}
{"logTime": "1002/154923", "level": "INFO", "message": "Preference changed: name=autofill.credit_card_enabled, new_value=false, source=unknown"}
{"logTime": "1002/154923", "level": "INFO", "message": "Preference changed: name=enable_edge_collections, new_value=false, source=unknown"}
{"logTime": "1002/154923", "level": "INFO", "message": "Preference changed: name=resolve_navigation_errors_use_web_service.enabled, new_value=false, source=unknown"}
{"logTime": "1002/154923", "level": "INFO", "message": "Preference changed: name=alternate_error_pages.enabled, new_value=false, source=unknown"}
{"logTime": "1002/154923", "level": "INFO", "message": "Preference changed: name=optimization_guide.previously_registered_optimization_types, new_value=[object], source=unknown"}
{"logTime": "1002/154923", "level": "INFO", "message": "Preference changed: name=in_product_help.session_start_time, new_value=\"13435429763855574\", source=unknown"}
{"logTime": "1002/154923", "level": "INFO", "message": "Preference changed: name=in_product_help.session_number, new_value=23, source=unknown"}
{"logTime": "1002/154923", "level": "INFO", "message": "Preference changed: name=in_product_help.session_last_active_time, new_value=\"13435429763855574\", source=unknown"}
{"logTime": "1002/154923", "level": "INFO", "message": "Preference changed: name=in_product_help.recent_session_start_times, new_value=[object], source=unknown"}
{"logTime": "1002/154923", "level": "INFO", "message": "Preference changed: name=optimization_guide.previously_registered_optimization_types, new_value=[object], source=unknown"}
{"logTime": "1002/154923", "level": "INFO", "message": "Preference changed: name=profile.content_settings.exceptions.storage_access_header_origin_trial, new_value=[object], source=unknown"}
{"logTime": "1002/154924", "level": "INFO", "message": "Preference changed: name=edge_rewards.coachmark_promotions, new_value=[object], source=unknown"}
{"logTime": "1002/154924", "level": "INFO", "message": "Preference changed: name=edge_rewards.hva_promotions, new_value=[object], source=unknown"}
{"logTime": "1002/154933", "level": "INFO", "message": "PrefStore write completed: store=4, success=true"}
{"logTime": "1002/154933", "level": "INFO", "message": "PrefStore write completed: store=4, success=true"}
{"logTime": "1002/155104", "level": "INFO", "message": "Preference changed: name=sessions.event_log, new_value=[object], source=unknown"}
{"logTime": "1002/155114", "level": "INFO", "message": "PrefStore write completed: store=4, success=true"}
{"logTime": "1002/161038", "level": "INFO", "message": "Preference changed: name=sessions.session_data_status, new_value=2, source=unknown"}
{"logTime": "1002/161038", "level": "INFO", "message": "Preference changed: name=sessions.session_data_status, new_value=3, source=unknown"}
{"logTime": "1002/161043", "level": "INFO", "message": "UserPrefStore loaded: error=NONE (0)"}
{"logTime": "1002/161043", "level": "INFO", "message": "Preference changed: name=optimization_guide.previously_registered_optimization_types, new_value=[object], source=unknown"}
{"logTime": "1002/161043", "level": "INFO", "message": "Preference changed: name=extensions.chrome_url_overrides, new_value=[object], source=unknown"}
{"logTime": "1002/161043", "level": "INFO", "message": "Preference changed: name=sessions.session_data_status, new_value=1, source=unknown"}
{"logTime": "1002/161043", "level": "INFO", "message": "Preference changed: name=sessions.event_log, new_value=[object], source=unknown"}
{"logTime": "1002/161043", "level": "INFO", "message": "Preference changed: name=optimization_guide.previously_registered_optimization_types, new_value=[object], source=unknown"}
{"logTime": "1002/161043", "level": "INFO", "message": "Preference changed: name=optimization_guide.previously_registered_optimization_types, new_value=[object], source=unknown"}
{"logTime": "1002/161043", "level": "INFO", "message": "Preference changed: name=optimization_guide.previously_registered_optimization_types, new_value=[object], source=unknown"}
{"logTime": "1002/161043", "level": "INFO", "message": "Preference changed: name=optimization_guide.previously_registered_optimization_types, new_value=[object], source=unknown"}
{"logTime": "1002/161043", "level": "INFO", "message": "Preference changed: name=optimization_guide.previously_registered_optimization_types, new_value=[object], source=unknown"}
{"logTime": "1002/161043", "level": "INFO", "message": "Preference changed: name=profile.network_pbs, new_value=[object], source=unknown"}
{"logTime": "1002/161043", "level": "INFO", "message": "Preference changed: name=profile.password_hash_data_list, new_value=[object], source=unknown"}
{"logTime": "1002/161043", "level": "INFO", "message": "Preference changed: name=schedule_to_flush_to_disk, new_value=\"13435431043430431\", source=unknown"}
{"logTime": "1002/161043", "level": "INFO", "message": "Preference changed: name=schedule_to_flush_to_disk, new_value=\"13435431043431158\", source=unknown"}
{"logTime": "1002/161043", "level": "INFO", "message": "Preference changed: name=edge.services.signin_scoped_device_id, new_value=\"e97680eb-32a2-4a15-a25e-9369c1c279e9\", source=unknown"}
{"logTime": "1002/161043", "level": "INFO", "message": "Preference changed: name=optimization_guide.previously_registered_optimization_types, new_value=[object], source=unknown"}
{"logTime": "1002/161043", "level": "INFO", "message": "Preference changed: name=extensions.chrome_url_overrides, new_value=[object], source=unknown"}
{"logTime": "1002/161043", "level": "INFO", "message": "Preference changed: name=autofill.credit_card_enabled, new_value=false, source=unknown"}
{"logTime": "1002/161043", "level": "INFO", "message": "Preference changed: name=enable_edge_collections, new_value=false, source=unknown"}
{"logTime": "1002/161043", "level": "INFO", "message": "Preference changed: name=resolve_navigation_errors_use_web_service.enabled, new_value=false, source=unknown"}
{"logTime": "1002/161043", "level": "INFO", "message": "Preference changed: name=alternate_error_pages.enabled, new_value=false, source=unknown"}
{"logTime": "1002/161043", "level": "INFO", "message": "Preference changed: name=optimization_guide.previously_registered_optimization_types, new_value=[object], source=unknown"}
{"logTime": "1002/161043", "level": "INFO", "message": "Preference changed: name=in_product_help.session_last_active_time, new_value=\"13435431043473779\", source=unknown"}
{"logTime": "1002/161043", "level": "INFO", "message": "Preference changed: name=optimization_guide.previously_registered_optimization_types, new_value=[object], source=unknown"}
{"logTime": "1002/161043", "level": "INFO", "message": "Preference changed: name=profile.content_settings.exceptions.storage_access_header_origin_trial, new_value=[object], source=unknown"}
{"logTime": "1002/161043", "level": "INFO", "message": "Preference changed: name=edge_rewards.coachmark_promotions, new_value=[object], source=unknown"}
{"logTime": "1002/161043", "level": "INFO", "message": "Preference changed: name=edge_rewards.hva_promotions, new_value=[object], source=unknown"}
{"logTime": "1002/161043", "level": "INFO", "message": "Preference changed: name=language_model_counters, new_value=[object], source=unknown"}
{"logTime": "1002/161053", "level": "INFO", "message": "PrefStore write completed: store=4, success=true"}
{"logTime": "1002/161053", "level": "INFO", "message": "PrefStore write completed: store=4, success=true"}
{"logTime": "1002/161054", "level": "INFO", "message": "Preference changed: name=sessions.session_data_status, new_value=2, source=unknown"}
{"logTime": "1002/161054", "level": "INFO", "message": "Preference changed: name=sessions.session_data_status, new_value=3, source=unknown"}
{"logTime": "1002/161054", "level": "INFO", "message": "Preference changed: name=sessions.event_log, new_value=[object], source=unknown"}
{"logTime": "1002/173548", "level": "INFO", "message": "UserPrefStore loaded: error=NONE (0)"}
{"logTime": "1002/173548", "level": "INFO", "message": "Preference changed: name=optimization_guide.previously_registered_optimization_types, new_value=[object], source=unknown"}
{"logTime": "1002/173548", "level": "INFO", "message": "Preference changed: name=extensions.chrome_url_overrides, new_value=[object], source=unknown"}
{"logTime": "1002/173548", "level": "INFO", "message": "Preference changed: name=sessions.session_data_status, new_value=1, source=unknown"}
{"logTime": "1002/173548", "level": "INFO", "message": "Preference changed: name=sessions.event_log, new_value=[object], source=unknown"}
{"logTime": "1002/173548", "level": "INFO", "message": "Preference changed: name=optimization_guide.previously_registered_optimization_types, new_value=[object], source=unknown"}
{"logTime": "1002/173548", "level": "INFO", "message": "Preference changed: name=optimization_guide.previously_registered_optimization_types, new_value=[object], source=unknown"}
{"logTime": "1002/173548", "level": "INFO", "message": "Preference changed: name=optimization_guide.previously_registered_optimization_types, new_value=[object], source=unknown"}
{"logTime": "1002/173548", "level": "INFO", "message": "Preference changed: name=optimization_guide.previously_registered_optimization_types, new_value=[object], source=unknown"}
{"logTime": "1002/173548", "level": "INFO", "message": "Preference changed: name=optimization_guide.previously_registered_optimization_types, new_value=[object], source=unknown"}
{"logTime": "1002/173548", "level": "INFO", "message": "Preference changed: name=profile.network_pbs, new_value=[object], source=unknown"}
{"logTime": "1002/173548", "level": "INFO", "message": "Preference changed: name=profile.password_hash_data_list, new_value=[object], source=unknown"}
{"logTime": "1002/173548", "level": "INFO", "message": "Preference changed: name=schedule_to_flush_to_disk, new_value=\"13435436148665155\", source=unknown"}
{"logTime": "1002/173548", "level": "INFO", "message": "Preference changed: name=schedule_to_flush_to_disk, new_value=\"13435436148665858\", source=unknown"}
{"logTime": "1002/173548", "level": "INFO", "message": "Preference changed: name=edge.services.signin_scoped_device_id, new_value=\"d3692ed1-7562-46a0-bb54-4e974d56113b\", source=unknown"}
{"logTime": "1002/173548", "level": "INFO", "message": "Preference changed: name=optimization_guide.previously_registered_optimization_types, new_value=[object], source=unknown"}
{"logTime": "1002/173548", "level": "INFO", "message": "Preference changed: name=extensions.chrome_url_overrides, new_value=[object], source=unknown"}
{"logTime": "1002/173548", "level": "INFO", "message": "Preference changed: name=autofill.credit_card_enabled, new_value=false, source=unknown"}
{"logTime": "1002/173548", "level": "INFO", "message": "Preference changed: name=enable_edge_collections, new_value=false, source=unknown"}
{"logTime": "1002/173548", "level": "INFO", "message": "Preference changed: name=resolve_navigation_errors_use_web_service.enabled, new_value=false, source=unknown"}
{"logTime": "1002/173548", "level": "INFO", "message": "Preference changed: name=alternate_error_pages.enabled, new_value=false, source=unknown"}
{"logTime": "1002/173548", "level": "INFO", "message": "Preference changed: name=optimization_guide.previously_registered_optimization_types, new_value=[object], source=unknown"}
{"logTime": "1002/173548", "level": "INFO", "message": "Preference changed: name=in_product_help.session_last_active_time, new_value=\"13435436148707521\", source=unknown"}
{"logTime": "1002/173548", "level": "INFO", "message": "Preference changed: name=optimization_guide.previously_registered_optimization_types, new_value=[object], source=unknown"}
{"logTime": "1002/173548", "level": "INFO", "message": "Preference changed: name=profile.content_settings.exceptions.storage_access_header_origin_trial, new_value=[object], source=unknown"}
{"logTime": "1002/173548", "level": "INFO", "message": "Preference changed: name=edge_rewards.coachmark_promotions, new_value=[object], source=unknown"}
{"logTime": "1002/173548", "level": "INFO", "message": "Preference changed: name=edge_rewards.hva_promotions, new_value=[object], source=unknown"}
{"logTime": "1002/173558", "level": "INFO", "message": "PrefStore write completed: store=4, success=true"}
{"logTime": "1002/173558", "level": "INFO", "message": "PrefStore write completed: store=4, success=true"}
{"logTime": "1002/173736", "level": "INFO", "message": "Preference changed: name=sessions.session_data_status, new_value=2, source=unknown"}
{"logTime": "1002/173736", "level": "INFO", "message": "Preference changed: name=sessions.session_data_status, new_value=3, source=unknown"}
{"logTime": "1002/173736", "level": "INFO", "message": "Preference changed: name=sessions.event_log, new_value=[object], source=unknown"}
{"logTime": "1002/173906", "level": "INFO", "message": "UserPrefStore loaded: error=NONE (0)"}
{"logTime": "1002/173906", "level": "INFO", "message": "Preference changed: name=optimization_guide.previously_registered_optimization_types, new_value=[object], source=unknown"}
{"logTime": "1002/173906", "level": "INFO", "message": "Preference changed: name=extensions.chrome_url_overrides, new_value=[object], source=unknown"}
{"logTime": "1002/173906", "level": "INFO", "message": "Preference changed: name=sessions.session_data_status, new_value=1, source=unknown"}
{"logTime": "1002/173906", "level": "INFO", "message": "Preference changed: name=sessions.event_log, new_value=[object], source=unknown"}
{"logTime": "1002/173906", "level": "INFO", "message": "Preference changed: name=optimization_guide.previously_registered_optimization_types, new_value=[object], source=unknown"}
{"logTime": "1002/173906", "level": "INFO", "message": "Preference changed: name=optimization_guide.previously_registered_optimization_types, new_value=[object], source=unknown"}
{"logTime": "1002/173906", "level": "INFO", "message": "Preference changed: name=optimization_guide.previously_registered_optimization_types, new_value=[object], source=unknown"}
{"logTime": "1002/173906", "level": "INFO", "message": "Preference changed: name=optimization_guide.previously_registered_optimization_types, new_value=[object], source=unknown"}
{"logTime": "1002/173906", "level": "INFO", "message": "Preference changed: name=optimization_guide.previously_registered_optimization_types, new_value=[object], source=unknown"}
{"logTime": "1002/173906", "level": "INFO", "message": "Preference changed: name=profile.network_pbs, new_value=[object], source=unknown"}
{"logTime": "1002/173906", "level": "INFO", "message": "Preference changed: name=profile.password_hash_data_list, new_value=[object], source=unknown"}
{"logTime": "1002/173906", "level": "INFO", "message": "Preference changed: name=schedule_to_flush_to_disk, new_value=\"13435436346410544\", source=unknown"}
{"logTime": "1002/173906", "level": "INFO", "message": "Preference changed: name=schedule_to_flush_to_disk, new_value=\"13435436346411196\", source=unknown"}
{"logTime": "1002/173906", "level": "INFO", "message": "Preference changed: name=edge.services.signin_scoped_device_id, new_value=\"454bdf92-a039-4a3f-82ca-4c036ca50cb4\", source=unknown"}
{"logTime": "1002/173906", "level": "INFO", "message": "Preference changed: name=optimization_guide.previously_registered_optimization_types, new_value=[object], source=unknown"}
{"logTime": "1002/173906", "level": "INFO", "message": "Preference changed: name=extensions.chrome_url_overrides, new_value=[object], source=unknown"}
{"logTime": "1002/173906", "level": "INFO", "message": "Preference changed: name=autofill.credit_card_enabled, new_value=false, source=unknown"}
{"logTime": "1002/173906", "level": "INFO", "message": "Preference changed: name=enable_edge_collections, new_value=false, source=unknown"}
{"logTime": "1002/173906", "level": "INFO", "message": "Preference changed: name=resolve_navigation_errors_use_web_service.enabled, new_value=false, source=unknown"}
{"logTime": "1002/173906", "level": "INFO", "message": "Preference changed: name=alternate_error_pages.enabled, new_value=false, source=unknown"}
{"logTime": "1002/173906", "level": "INFO", "message": "Preference changed: name=optimization_guide.previously_registered_optimization_types, new_value=[object], source=unknown"}
{"logTime": "1002/173906", "level": "INFO", "message": "Preference changed: name=in_product_help.session_last_active_time, new_value=\"13435436346454039\", source=unknown"}
{"logTime": "1002/173906", "level": "INFO", "message": "Preference changed: name=optimization_guide.previously_registered_optimization_types, new_value=[object], source=unknown"}
{"logTime": "1002/173906", "level": "INFO", "message": "Preference changed: name=profile.content_settings.exceptions.storage_access_header_origin_trial, new_value=[object], source=unknown"}
{"logTime": "1002/173906", "level": "INFO", "message": "Preference changed: name=edge_rewards.coachmark_promotions, new_value=[object], source=unknown"}
{"logTime": "1002/173906", "level": "INFO", "message": "Preference changed: name=edge_rewards.hva_promotions, new_value=[object], source=unknown"}
{"logTime": "1002/173916", "level": "INFO", "message": "PrefStore write completed: store=4, success=true"}
{"logTime": "1002/173916", "level": "INFO", "message": "PrefStore write completed: store=4, success=true"}
{"logTime": "1002/173955", "level": "INFO", "message": "Preference changed: name=language_dwell_time_average, new_value=[object], source=unknown"}
{"logTime": "1002/173955", "level": "INFO", "message": "Preference changed: name=language_usage_count, new_value=[object], source=unknown"}
{"logTime": "1002/173955", "level": "INFO", "message": "Preference changed: name=language_model_counters, new_value=[object], source=unknown"}
{"logTime": "1002/174002", "level": "INFO", "message": "Preference changed: name=sessions.session_data_status, new_value=2, source=unknown"}
{"logTime": "1002/174002", "level": "INFO", "message": "Preference changed: name=sessions.session_data_status, new_value=3, source=unknown"}
{"logTime": "1002/174002", "level": "INFO", "message": "Preference changed: name=sessions.event_log, new_value=[object], source=unknown"}
{"logTime": "1002/174009", "level": "INFO", "message": "UserPrefStore loaded: error=NONE (0)"}
{"logTime": "1002/174009", "level": "INFO", "message": "Preference changed: name=optimization_guide.previously_registered_optimization_types, new_value=[object], source=unknown"}
{"logTime": "1002/174009", "level": "INFO", "message": "Preference changed: name=extensions.chrome_url_overrides, new_value=[object], source=unknown"}
{"logTime": "1002/174009", "level": "INFO", "message": "Preference changed: name=sessions.session_data_status, new_value=1, source=unknown"}
{"logTime": "1002/174009", "level": "INFO", "message": "Preference changed: name=sessions.event_log, new_value=[object], source=unknown"}
{"logTime": "1002/174009", "level": "INFO", "message": "Preference changed: name=optimization_guide.previously_registered_optimization_types, new_value=[object], source=unknown"}
{"logTime": "1002/174009", "level": "INFO", "message": "Preference changed: name=optimization_guide.previously_registered_optimization_types, new_value=[object], source=unknown"}
{"logTime": "1002/174009", "level": "INFO", "message": "Preference changed: name=optimization_guide.previously_registered_optimization_types, new_value=[object], source=unknown"}
{"logTime": "1002/174009", "level": "INFO", "message": "Preference changed: name=optimization_guide.previously_registered_optimization_types, new_value=[object], source=unknown"}
{"logTime": "1002/174009", "level": "INFO", "message": "Preference changed: name=optimization_guide.previously_registered_optimization_types, new_value=[object], source=unknown"}
{"logTime": "1002/174009", "level": "INFO", "message": "Preference changed: name=profile.network_pbs, new_value=[object], source=unknown"}
{"logTime": "1002/174009", "level": "INFO", "message": "Preference changed: name=profile.password_hash_data_list, new_value=[object], source=unknown"}
{"logTime": "1002/174009", "level": "INFO", "message": "Preference changed: name=schedule_to_flush_to_disk, new_value=\"13435436409567779\", source=unknown"}
{"logTime": "1002/174009", "level": "INFO", "message": "Preference changed: name=schedule_to_flush_to_disk, new_value=\"13435436409568485\", source=unknown"}
{"logTime": "1002/174009", "level": "INFO", "message": "Preference changed: name=edge.services.signin_scoped_device_id, new_value=\"ce57bd0d-8363-4a23-b602-4eeb6f267525\", source=unknown"}
{"logTime": "1002/174009", "level": "INFO", "message": "Preference changed: name=optimization_guide.previously_registered_optimization_types, new_value=[object], source=unknown"}
{"logTime": "1002/174009", "level": "INFO", "message": "Preference changed: name=extensions.chrome_url_overrides, new_value=[object], source=unknown"}
{"logTime": "1002/174009", "level": "INFO", "message": "Preference changed: name=autofill.credit_card_enabled, new_value=false, source=unknown"}
{"logTime": "1002/174009", "level": "INFO", "message": "Preference changed: name=enable_edge_collections, new_value=false, source=unknown"}
{"logTime": "1002/174009", "level": "INFO", "message": "Preference changed: name=resolve_navigation_errors_use_web_service.enabled, new_value=false, source=unknown"}
{"logTime": "1002/174009", "level": "INFO", "message": "Preference changed: name=alternate_error_pages.enabled, new_value=false, source=unknown"}
{"logTime": "1002/174009", "level": "INFO", "message": "Preference changed: name=optimization_guide.previously_registered_optimization_types, new_value=[object], source=unknown"}
{"logTime": "1002/174009", "level": "INFO", "message": "Preference changed: name=in_product_help.session_last_active_time, new_value=\"13435436409610074\", source=unknown"}
{"logTime": "1002/174009", "level": "INFO", "message": "Preference changed: name=optimization_guide.previously_registered_optimization_types, new_value=[object], source=unknown"}
{"logTime": "1002/174009", "level": "INFO", "message": "Preference changed: name=profile.content_settings.exceptions.storage_access_header_origin_trial, new_value=[object], source=unknown"}
{"logTime": "1002/174009", "level": "INFO", "message": "Preference changed: name=edge_rewards.coachmark_promotions, new_value=[object], source=unknown"}
{"logTime": "1002/174009", "level": "INFO", "message": "Preference changed: name=edge_rewards.hva_promotions, new_value=[object], source=unknown"}
{"logTime": "1002/174012", "level": "INFO", "message": "Preference changed: name=sessions.session_data_status, new_value=2, source=unknown"}
{"logTime": "1002/174012", "level": "INFO", "message": "Preference changed: name=sessions.session_data_status, new_value=3, source=unknown"}
{"logTime": "1002/174012", "level": "INFO", "message": "Preference changed: name=sessions.event_log, new_value=[object], source=unknown"}
{"logTime": "1002/174249", "level": "INFO", "message": "UserPrefStore loaded: error=NONE (0)"}
{"logTime": "1002/174249", "level": "INFO", "message": "Preference changed: name=optimization_guide.previously_registered_optimization_types, new_value=[object], source=unknown"}
{"logTime": "1002/174249", "level": "INFO", "message": "Preference changed: name=extensions.chrome_url_overrides, new_value=[object], source=unknown"}
{"logTime": "1002/174249", "level": "INFO", "message": "Preference changed: name=sessions.session_data_status, new_value=1, source=unknown"}
{"logTime": "1002/174249", "level": "INFO", "message": "Preference changed: name=sessions.event_log, new_value=[object], source=unknown"}
{"logTime": "1002/174249", "level": "INFO", "message": "Preference changed: name=optimization_guide.previously_registered_optimization_types, new_value=[object], source=unknown"}
{"logTime": "1002/174249", "level": "INFO", "message": "Preference changed: name=optimization_guide.previously_registered_optimization_types, new_value=[object], source=unknown"}
{"logTime": "1002/174249", "level": "INFO", "message": "Preference changed: name=optimization_guide.previously_registered_optimization_types, new_value=[object], source=unknown"}
{"logTime": "1002/174249", "level": "INFO", "message": "Preference changed: name=optimization_guide.previously_registered_optimization_types, new_value=[object], source=unknown"}
{"logTime": "1002/174249", "level": "INFO", "message": "Preference changed: name=optimization_guide.previously_registered_optimization_types, new_value=[object], source=unknown"}
{"logTime": "1002/174249", "level": "INFO", "message": "Preference changed: name=profile.network_pbs, new_value=[object], source=unknown"}
{"logTime": "1002/174249", "level": "INFO", "message": "Preference changed: name=profile.password_hash_data_list, new_value=[object], source=unknown"}
{"logTime": "1002/174249", "level": "INFO", "message": "Preference changed: name=schedule_to_flush_to_disk, new_value=\"13435436569315280\", source=unknown"}
{"logTime": "1002/174249", "level": "INFO", "message": "Preference changed: name=schedule_to_flush_to_disk, new_value=\"13435436569315945\", source=unknown"}
{"logTime": "1002/174249", "level": "INFO", "message": "Preference changed: name=edge.services.signin_scoped_device_id, new_value=\"48af796c-562d-47eb-bf27-0cb51145fd8d\", source=unknown"}
{"logTime": "1002/174249", "level": "INFO", "message": "Preference changed: name=optimization_guide.previously_registered_optimization_types, new_value=[object], source=unknown"}
{"logTime": "1002/174249", "level": "INFO", "message": "Preference changed: name=extensions.chrome_url_overrides, new_value=[object], source=unknown"}
{"logTime": "1002/174249", "level": "INFO", "message": "Preference changed: name=autofill.credit_card_enabled, new_value=false, source=unknown"}
{"logTime": "1002/174249", "level": "INFO", "message": "Preference changed: name=enable_edge_collections, new_value=false, source=unknown"}
{"logTime": "1002/174249", "level": "INFO", "message": "Preference changed: name=resolve_navigation_errors_use_web_service.enabled, new_value=false, source=unknown"}
{"logTime": "1002/174249", "level": "INFO", "message": "Preference changed: name=alternate_error_pages.enabled, new_value=false, source=unknown"}
{"logTime": "1002/174249", "level": "INFO", "message": "Preference changed: name=optimization_guide.previously_registered_optimization_types, new_value=[object], source=unknown"}
{"logTime": "1002/174249", "level": "INFO", "message": "Preference changed: name=in_product_help.session_last_active_time, new_value=\"13435436569364662\", source=unknown"}
{"logTime": "1002/174249", "level": "INFO", "message": "Preference changed: name=optimization_guide.previously_registered_optimization_types, new_value=[object], source=unknown"}
{"logTime": "1002/174249", "level": "INFO", "message": "Preference changed: name=profile.content_settings.exceptions.storage_access_header_origin_trial, new_value=[object], source=unknown"}
{"logTime": "1002/174249", "level": "INFO", "message": "Preference changed: name=edge_rewards.coachmark_promotions, new_value=[object], source=unknown"}
{"logTime": "1002/174249", "level": "INFO", "message": "Preference changed: name=edge_rewards.hva_promotions, new_value=[object], source=unknown"}
{"logTime": "1002/174259", "level": "INFO", "message": "PrefStore write completed: store=4, success=true"}
{"logTime": "1002/174259", "level": "INFO", "message": "PrefStore write completed: store=4, success=true"}
{"logTime": "1002/174355", "level": "INFO", "message": "Preference changed: name=sessions.session_data_status, new_value=2, source=unknown"}
{"logTime": "1002/174355", "level": "INFO", "message": "Preference changed: name=sessions.session_data_status, new_value=3, source=unknown"}
{"logTime": "1002/174355", "level": "INFO", "message": "Preference changed: name=sessions.event_log, new_value=[object], source=unknown"}
{"logTime": "1002/174446", "level": "INFO", "message": "UserPrefStore loaded: error=NONE (0)"}
{"logTime": "1002/174446", "level": "INFO", "message": "Preference changed: name=optimization_guide.previously_registered_optimization_types, new_value=[object], source=unknown"}
{"logTime": "1002/174446", "level": "INFO", "message": "Preference changed: name=extensions.chrome_url_overrides, new_value=[object], source=unknown"}
{"logTime": "1002/174446", "level": "INFO", "message": "Preference changed: name=sessions.session_data_status, new_value=1, source=unknown"}
{"logTime": "1002/174446", "level": "INFO", "message": "Preference changed: name=sessions.event_log, new_value=[object], source=unknown"}
{"logTime": "1002/174446", "level": "INFO", "message": "Preference changed: name=optimization_guide.previously_registered_optimization_types, new_value=[object], source=unknown"}
{"logTime": "1002/174446", "level": "INFO", "message": "Preference changed: name=optimization_guide.previously_registered_optimization_types, new_value=[object], source=unknown"}
{"logTime": "1002/174446", "level": "INFO", "message": "Preference changed: name=optimization_guide.previously_registered_optimization_types, new_value=[object], source=unknown"}
{"logTime": "1002/174446", "level": "INFO", "message": "Preference changed: name=optimization_guide.previously_registered_optimization_types, new_value=[object], source=unknown"}
{"logTime": "1002/174446", "level": "INFO", "message": "Preference changed: name=optimization_guide.previously_registered_optimization_types, new_value=[object], source=unknown"}
{"logTime": "1002/174446", "level": "INFO", "message": "Preference changed: name=profile.network_pbs, new_value=[object], source=unknown"}
{"logTime": "1002/174446", "level": "INFO", "message": "Preference changed: name=profile.password_hash_data_list, new_value=[object], source=unknown"}
{"logTime": "1002/174446", "level": "INFO", "message": "Preference changed: name=schedule_to_flush_to_disk, new_value=\"13435436686246083\", source=unknown"}
{"logTime": "1002/174446", "level": "INFO", "message": "Preference changed: name=schedule_to_flush_to_disk, new_value=\"13435436686246770\", source=unknown"}
{"logTime": "1002/174446", "level": "INFO", "message": "Preference changed: name=edge.services.signin_scoped_device_id, new_value=\"cbc967b8-508a-4ef6-b6c8-9a7bcf880875\", source=unknown"}
{"logTime": "1002/174446", "level": "INFO", "message": "Preference changed: name=optimization_guide.previously_registered_optimization_types, new_value=[object], source=unknown"}
{"logTime": "1002/174446", "level": "INFO", "message": "Preference changed: name=extensions.chrome_url_overrides, new_value=[object], source=unknown"}
{"logTime": "1002/174446", "level": "INFO", "message": "Preference changed: name=autofill.credit_card_enabled, new_value=false, source=unknown"}
{"logTime": "1002/174446", "level": "INFO", "message": "Preference changed: name=enable_edge_collections, new_value=false, source=unknown"}
{"logTime": "1002/174446", "level": "INFO", "message": "Preference changed: name=resolve_navigation_errors_use_web_service.enabled, new_value=false, source=unknown"}
{"logTime": "1002/174446", "level": "INFO", "message": "Preference changed: name=alternate_error_pages.enabled, new_value=false, source=unknown"}
{"logTime": "1002/174446", "level": "INFO", "message": "Preference changed: name=optimization_guide.previously_registered_optimization_types, new_value=[object], source=unknown"}
{"logTime": "1002/174446", "level": "INFO", "message": "Preference changed: name=in_product_help.session_last_active_time, new_value=\"13435436686289538\", source=unknown"}
{"logTime": "1002/174446", "level": "INFO", "message": "Preference changed: name=optimization_guide.previously_registered_optimization_types, new_value=[object], source=unknown"}
{"logTime": "1002/174446", "level": "INFO", "message": "Preference changed: name=profile.content_settings.exceptions.storage_access_header_origin_trial, new_value=[object], source=unknown"}
{"logTime": "1002/174446", "level": "INFO", "message": "Preference changed: name=edge_rewards.coachmark_promotions, new_value=[object], source=unknown"}
{"logTime": "1002/174446", "level": "INFO", "message": "Preference changed: name=edge_rewards.hva_promotions, new_value=[object], source=unknown"}
{"logTime": "1002/174454", "level": "INFO", "message": "Preference changed: name=sessions.session_data_status, new_value=2, source=unknown"}
{"logTime": "1002/174454", "level": "INFO", "message": "Preference changed: name=sessions.session_data_status, new_value=3, source=unknown"}
{"logTime": "1002/174454", "level": "INFO", "message": "Preference changed: name=sessions.event_log, new_value=[object], source=unknown"}
{"logTime": "1002/174458", "level": "INFO", "message": "UserPrefStore loaded: error=NONE (0)"}
{"logTime": "1002/174458", "level": "INFO", "message": "Preference changed: name=optimization_guide.previously_registered_optimization_types, new_value=[object], source=unknown"}
{"logTime": "1002/174458", "level": "INFO", "message": "Preference changed: name=extensions.chrome_url_overrides, new_value=[object], source=unknown"}
{"logTime": "1002/174458", "level": "INFO", "message": "Preference changed: name=sessions.session_data_status, new_value=1, source=unknown"}
{"logTime": "1002/174458", "level": "INFO", "message": "Preference changed: name=sessions.event_log, new_value=[object], source=unknown"}
{"logTime": "1002/174458", "level": "INFO", "message": "Preference changed: name=optimization_guide.previously_registered_optimization_types, new_value=[object], source=unknown"}
{"logTime": "1002/174458", "level": "INFO", "message": "Preference changed: name=optimization_guide.previously_registered_optimization_types, new_value=[object], source=unknown"}
{"logTime": "1002/174458", "level": "INFO", "message": "Preference changed: name=optimization_guide.previously_registered_optimization_types, new_value=[object], source=unknown"}
{"logTime": "1002/174458", "level": "INFO", "message": "Preference changed: name=optimization_guide.previously_registered_optimization_types, new_value=[object], source=unknown"}
{"logTime": "1002/174458", "level": "INFO", "message": "Preference changed: name=optimization_guide.previously_registered_optimization_types, new_value=[object], source=unknown"}
{"logTime": "1002/174458", "level": "INFO", "message": "Preference changed: name=profile.network_pbs, new_value=[object], source=unknown"}
{"logTime": "1002/174458", "level": "INFO", "message": "Preference changed: name=profile.password_hash_data_list, new_value=[object], source=unknown"}
{"logTime": "1002/174458", "level": "INFO", "message": "Preference changed: name=schedule_to_flush_to_disk, new_value=\"13435436698909404\", source=unknown"}
{"logTime": "1002/174458", "level": "INFO", "message": "Preference changed: name=schedule_to_flush_to_disk, new_value=\"13435436698910101\", source=unknown"}
{"logTime": "1002/174458", "level": "INFO", "message": "Preference changed: name=edge.services.signin_scoped_device_id, new_value=\"c631ee56-be41-493e-97a2-4130e9f2f4b3\", source=unknown"}
{"logTime": "1002/174458", "level": "INFO", "message": "Preference changed: name=optimization_guide.previously_registered_optimization_types, new_value=[object], source=unknown"}
{"logTime": "1002/174458", "level": "INFO", "message": "Preference changed: name=extensions.chrome_url_overrides, new_value=[object], source=unknown"}
{"logTime": "1002/174458", "level": "INFO", "message": "Preference changed: name=autofill.credit_card_enabled, new_value=false, source=unknown"}
{"logTime": "1002/174458", "level": "INFO", "message": "Preference changed: name=enable_edge_collections, new_value=false, source=unknown"}
{"logTime": "1002/174458", "level": "INFO", "message": "Preference changed: name=resolve_navigation_errors_use_web_service.enabled, new_value=false, source=unknown"}
{"logTime": "1002/174458", "level": "INFO", "message": "Preference changed: name=alternate_error_pages.enabled, new_value=false, source=unknown"}
{"logTime": "1002/174458", "level": "INFO", "message": "Preference changed: name=optimization_guide.previously_registered_optimization_types, new_value=[object], source=unknown"}
{"logTime": "1002/174458", "level": "INFO", "message": "Preference changed: name=in_product_help.session_last_active_time, new_value=\"13435436698953175\", source=unknown"}
{"logTime": "1002/174458", "level": "INFO", "message": "Preference changed: name=optimization_guide.previously_registered_optimization_types, new_value=[object], source=unknown"}
{"logTime": "1002/174458", "level": "INFO", "message": "Preference changed: name=profile.content_settings.exceptions.storage_access_header_origin_trial, new_value=[object], source=unknown"}
{"logTime": "1002/174459", "level": "INFO", "message": "Preference changed: name=edge_rewards.coachmark_promotions, new_value=[object], source=unknown"}
{"logTime": "1002/174459", "level": "INFO", "message": "Preference changed: name=edge_rewards.hva_promotions, new_value=[object], source=unknown"}
{"logTime": "1002/174504", "level": "INFO", "message": "Preference changed: name=sessions.session_data_status, new_value=2, source=unknown"}
{"logTime": "1002/174504", "level": "INFO", "message": "Preference changed: name=sessions.session_data_status, new_value=3, source=unknown"}
{"logTime": "1002/174504", "level": "INFO", "message": "Preference changed: name=sessions.event_log, new_value=[object], source=unknown"}
{"logTime": "1002/174541", "level": "INFO", "message": "UserPrefStore loaded: error=NONE (0)"}
{"logTime": "1002/174541", "level": "INFO", "message": "Preference changed: name=optimization_guide.previously_registered_optimization_types, new_value=[object], source=unknown"}
{"logTime": "1002/174541", "level": "INFO", "message": "Preference changed: name=extensions.chrome_url_overrides, new_value=[object], source=unknown"}
{"logTime": "1002/174541", "level": "INFO", "message": "Preference changed: name=sessions.session_data_status, new_value=1, source=unknown"}
{"logTime": "1002/174541", "level": "INFO", "message": "Preference changed: name=sessions.event_log, new_value=[object], source=unknown"}
{"logTime": "1002/174541", "level": "INFO", "message": "Preference changed: name=optimization_guide.previously_registered_optimization_types, new_value=[object], source=unknown"}
{"logTime": "1002/174541", "level": "INFO", "message": "Preference changed: name=optimization_guide.previously_registered_optimization_types, new_value=[object], source=unknown"}
{"logTime": "1002/174541", "level": "INFO", "message": "Preference changed: name=optimization_guide.previously_registered_optimization_types, new_value=[object], source=unknown"}
{"logTime": "1002/174541", "level": "INFO", "message": "Preference changed: name=optimization_guide.previously_registered_optimization_types, new_value=[object], source=unknown"}
{"logTime": "1002/174541", "level": "INFO", "message": "Preference changed: name=optimization_guide.previously_registered_optimization_types, new_value=[object], source=unknown"}
{"logTime": "1002/174541", "level": "INFO", "message": "Preference changed: name=profile.network_pbs, new_value=[object], source=unknown"}
{"logTime": "1002/174541", "level": "INFO", "message": "Preference changed: name=profile.password_hash_data_list, new_value=[object], source=unknown"}
{"logTime": "1002/174541", "level": "INFO", "message": "Preference changed: name=schedule_to_flush_to_disk, new_value=\"13435436741872138\", source=unknown"}
{"logTime": "1002/174541", "level": "INFO", "message": "Preference changed: name=schedule_to_flush_to_disk, new_value=\"13435436741872822\", source=unknown"}
{"logTime": "1002/174541", "level": "INFO", "message": "Preference changed: name=edge.services.signin_scoped_device_id, new_value=\"d2faf6cc-9cf2-4d4d-8d5a-e9382d6cbbb8\", source=unknown"}
{"logTime": "1002/174541", "level": "INFO", "message": "Preference changed: name=optimization_guide.previously_registered_optimization_types, new_value=[object], source=unknown"}
{"logTime": "1002/174541", "level": "INFO", "message": "Preference changed: name=extensions.chrome_url_overrides, new_value=[object], source=unknown"}
{"logTime": "1002/174541", "level": "INFO", "message": "Preference changed: name=autofill.credit_card_enabled, new_value=false, source=unknown"}
{"logTime": "1002/174541", "level": "INFO", "message": "Preference changed: name=enable_edge_collections, new_value=false, source=unknown"}
{"logTime": "1002/174541", "level": "INFO", "message": "Preference changed: name=resolve_navigation_errors_use_web_service.enabled, new_value=false, source=unknown"}
{"logTime": "1002/174541", "level": "INFO", "message": "Preference changed: name=alternate_error_pages.enabled, new_value=false, source=unknown"}
{"logTime": "1002/174541", "level": "INFO", "message": "Preference changed: name=optimization_guide.previously_registered_optimization_types, new_value=[object], source=unknown"}
{"logTime": "1002/174541", "level": "INFO", "message": "Preference changed: name=in_product_help.session_last_active_time, new_value=\"13435436741913759\", source=unknown"}
{"logTime": "1002/174541", "level": "INFO", "message": "Preference changed: name=optimization_guide.previously_registered_optimization_types, new_value=[object], source=unknown"}
{"logTime": "1002/174541", "level": "INFO", "message": "Preference changed: name=profile.content_settings.exceptions.storage_access_header_origin_trial, new_value=[object], source=unknown"}
{"logTime": "1002/174542", "level": "INFO", "message": "Preference changed: name=edge_rewards.coachmark_promotions, new_value=[object], source=unknown"}
{"logTime": "1002/174542", "level": "INFO", "message": "Preference changed: name=edge_rewards.hva_promotions, new_value=[object], source=unknown"}
{"logTime": "1002/174551", "level": "INFO", "message": "PrefStore write completed: store=4, success=true"}
{"logTime": "1002/174551", "level": "INFO", "message": "PrefStore write completed: store=4, success=true"}
{"logTime": "1002/174808", "level": "INFO", "message": "Preference changed: name=sessions.event_log, new_value=[object], source=unknown"}
{"logTime": "1002/174818", "level": "INFO", "message": "PrefStore write completed: store=4, success=true"}
{"logTime": "1002/180110", "level": "INFO", "message": "Preference changed: name=sessions.session_data_status, new_value=2, source=unknown"}
{"logTime": "1002/180110", "level": "INFO", "message": "Preference changed: name=sessions.session_data_status, new_value=3, source=unknown"}
{"logTime": "1002/180119", "level": "INFO", "message": "UserPrefStore loaded: error=NONE (0)"}
{"logTime": "1002/180119", "level": "INFO", "message": "Preference changed: name=optimization_guide.previously_registered_optimization_types, new_value=[object], source=unknown"}
{"logTime": "1002/180119", "level": "INFO", "message": "Preference changed: name=extensions.chrome_url_overrides, new_value=[object], source=unknown"}
{"logTime": "1002/180119", "level": "INFO", "message": "Preference changed: name=sessions.session_data_status, new_value=1, source=unknown"}
{"logTime": "1002/180119", "level": "INFO", "message": "Preference changed: name=sessions.event_log, new_value=[object], source=unknown"}
{"logTime": "1002/180119", "level": "INFO", "message": "Preference changed: name=optimization_guide.previously_registered_optimization_types, new_value=[object], source=unknown"}
{"logTime": "1002/180119", "level": "INFO", "message": "Preference changed: name=optimization_guide.previously_registered_optimization_types, new_value=[object], source=unknown"}
{"logTime": "1002/180119", "level": "INFO", "message": "Preference changed: name=optimization_guide.previously_registered_optimization_types, new_value=[object], source=unknown"}
{"logTime": "1002/180119", "level": "INFO", "message": "Preference changed: name=optimization_guide.previously_registered_optimization_types, new_value=[object], source=unknown"}
{"logTime": "1002/180119", "level": "INFO", "message": "Preference changed: name=optimization_guide.previously_registered_optimization_types, new_value=[object], source=unknown"}
{"logTime": "1002/180119", "level": "INFO", "message": "Preference changed: name=profile.network_pbs, new_value=[object], source=unknown"}
{"logTime": "1002/180119", "level": "INFO", "message": "Preference changed: name=profile.password_hash_data_list, new_value=[object], source=unknown"}
{"logTime": "1002/180119", "level": "INFO", "message": "Preference changed: name=schedule_to_flush_to_disk, new_value=\"13435437679560373\", source=unknown"}
{"logTime": "1002/180119", "level": "INFO", "message": "Preference changed: name=schedule_to_flush_to_disk, new_value=\"13435437679561051\", source=unknown"}
{"logTime": "1002/180119", "level": "INFO", "message": "Preference changed: name=edge.services.signin_scoped_device_id, new_value=\"b326c9ee-3d91-4edd-8213-3ef756bad34b\", source=unknown"}
{"logTime": "1002/180119", "level": "INFO", "message": "Preference changed: name=optimization_guide.previously_registered_optimization_types, new_value=[object], source=unknown"}
{"logTime": "1002/180119", "level": "INFO", "message": "Preference changed: name=extensions.chrome_url_overrides, new_value=[object], source=unknown"}
{"logTime": "1002/180119", "level": "INFO", "message": "Preference changed: name=autofill.credit_card_enabled, new_value=false, source=unknown"}
{"logTime": "1002/180119", "level": "INFO", "message": "Preference changed: name=enable_edge_collections, new_value=false, source=unknown"}
{"logTime": "1002/180119", "level": "INFO", "message": "Preference changed: name=resolve_navigation_errors_use_web_service.enabled, new_value=false, source=unknown"}
{"logTime": "1002/180119", "level": "INFO", "message": "Preference changed: name=alternate_error_pages.enabled, new_value=false, source=unknown"}
{"logTime": "1002/180119", "level": "INFO", "message": "Preference changed: name=optimization_guide.previously_registered_optimization_types, new_value=[object], source=unknown"}
{"logTime": "1002/180119", "level": "INFO", "message": "Preference changed: name=in_product_help.session_last_active_time, new_value=\"13435437679603142\", source=unknown"}
{"logTime": "1002/180119", "level": "INFO", "message": "Preference changed: name=optimization_guide.previously_registered_optimization_types, new_value=[object], source=unknown"}
{"logTime": "1002/180119", "level": "INFO", "message": "Preference changed: name=profile.content_settings.exceptions.storage_access_header_origin_trial, new_value=[object], source=unknown"}
{"logTime": "1002/180119", "level": "INFO", "message": "Preference changed: name=edge_rewards.coachmark_promotions, new_value=[object], source=unknown"}
{"logTime": "1002/180119", "level": "INFO", "message": "Preference changed: name=edge_rewards.hva_promotions, new_value=[object], source=unknown"}
{"logTime": "1002/180122", "level": "INFO", "message": "Preference changed: name=language_model_counters, new_value=[object], source=unknown"}
{"logTime": "1002/180129", "level": "INFO", "message": "PrefStore write completed: store=4, success=true"}
{"logTime": "1002/180129", "level": "INFO", "message": "PrefStore write completed: store=4, success=true"}
{"logTime": "1002/180653", "level": "INFO", "message": "Preference changed: name=sessions.session_data_status, new_value=2, source=unknown"}
{"logTime": "1002/180653", "level": "INFO", "message": "Preference changed: name=sessions.session_data_status, new_value=3, source=unknown"}
{"logTime": "1002/180653", "level": "INFO", "message": "Preference changed: name=sessions.event_log, new_value=[object], source=unknown"}
{"logTime": "1002/180726", "level": "INFO", "message": "UserPrefStore loaded: error=NONE (0)"}
{"logTime": "1002/180726", "level": "INFO", "message": "Preference changed: name=optimization_guide.previously_registered_optimization_types, new_value=[object], source=unknown"}
{"logTime": "1002/180726", "level": "INFO", "message": "Preference changed: name=extensions.chrome_url_overrides, new_value=[object], source=unknown"}
{"logTime": "1002/180726", "level": "INFO", "message": "Preference changed: name=sessions.session_data_status, new_value=1, source=unknown"}
{"logTime": "1002/180726", "level": "INFO", "message": "Preference changed: name=sessions.event_log, new_value=[object], source=unknown"}
{"logTime": "1002/180726", "level": "INFO", "message": "Preference changed: name=optimization_guide.previously_registered_optimization_types, new_value=[object], source=unknown"}
{"logTime": "1002/180726", "level": "INFO", "message": "Preference changed: name=optimization_guide.previously_registered_optimization_types, new_value=[object], source=unknown"}
{"logTime": "1002/180726", "level": "INFO", "message": "Preference changed: name=optimization_guide.previously_registered_optimization_types, new_value=[object], source=unknown"}
{"logTime": "1002/180726", "level": "INFO", "message": "Preference changed: name=optimization_guide.previously_registered_optimization_types, new_value=[object], source=unknown"}
{"logTime": "1002/180726", "level": "INFO", "message": "Preference changed: name=optimization_guide.previously_registered_optimization_types, new_value=[object], source=unknown"}
{"logTime": "1002/180726", "level": "INFO", "message": "Preference changed: name=profile.network_pbs, new_value=[object], source=unknown"}
{"logTime": "1002/180726", "level": "INFO", "message": "Preference changed: name=profile.password_hash_data_list, new_value=[object], source=unknown"}
{"logTime": "1002/180726", "level": "INFO", "message": "Preference changed: name=schedule_to_flush_to_disk, new_value=\"13435438046286020\", source=unknown"}
{"logTime": "1002/180726", "level": "INFO", "message": "Preference changed: name=schedule_to_flush_to_disk, new_value=\"13435438046286728\", source=unknown"}
{"logTime": "1002/180726", "level": "INFO", "message": "Preference changed: name=edge.services.signin_scoped_device_id, new_value=\"f94924a7-728f-4d07-afba-c24ef3a4da5d\", source=unknown"}
{"logTime": "1002/180726", "level": "INFO", "message": "Preference changed: name=optimization_guide.previously_registered_optimization_types, new_value=[object], source=unknown"}
{"logTime": "1002/180726", "level": "INFO", "message": "Preference changed: name=extensions.chrome_url_overrides, new_value=[object], source=unknown"}
{"logTime": "1002/180726", "level": "INFO", "message": "Preference changed: name=autofill.credit_card_enabled, new_value=false, source=unknown"}
{"logTime": "1002/180726", "level": "INFO", "message": "Preference changed: name=enable_edge_collections, new_value=false, source=unknown"}
{"logTime": "1002/180726", "level": "INFO", "message": "Preference changed: name=resolve_navigation_errors_use_web_service.enabled, new_value=false, source=unknown"}
{"logTime": "1002/180726", "level": "INFO", "message": "Preference changed: name=alternate_error_pages.enabled, new_value=false, source=unknown"}
{"logTime": "1002/180726", "level": "INFO", "message": "Preference changed: name=optimization_guide.previously_registered_optimization_types, new_value=[object], source=unknown"}
{"logTime": "1002/180726", "level": "INFO", "message": "Preference changed: name=in_product_help.session_last_active_time, new_value=\"13435438046328787\", source=unknown"}
{"logTime": "1002/180726", "level": "INFO", "message": "Preference changed: name=optimization_guide.previously_registered_optimization_types, new_value=[object], source=unknown"}
{"logTime": "1002/180726", "level": "INFO", "message": "Preference changed: name=profile.content_settings.exceptions.storage_access_header_origin_trial, new_value=[object], source=unknown"}
{"logTime": "1002/180726", "level": "INFO", "message": "Preference changed: name=edge_rewards.coachmark_promotions, new_value=[object], source=unknown"}
{"logTime": "1002/180726", "level": "INFO", "message": "Preference changed: name=edge_rewards.hva_promotions, new_value=[object], source=unknown"}
{"logTime": "1002/180726", "level": "INFO", "message": "Preference changed: name=profile.content_settings.exceptions.site_engagement, new_value=[object], source=unknown"}
{"logTime": "1002/180726", "level": "INFO", "message": "Preference changed: name=profile.last_engagement_time, new_value=\"13435438046784318\", source=unknown"}
{"logTime": "1002/180736", "level": "INFO", "message": "PrefStore write completed: store=4, success=true"}
{"logTime": "1002/180736", "level": "INFO", "message": "PrefStore write completed: store=4, success=true"}
{"logTime": "1002/183219", "level": "INFO", "message": "Preference changed: name=profile.content_settings.exceptions.media_engagement, new_value=[object], source=unknown"}
{"logTime": "1002/183219", "level": "INFO", "message": "Preference changed: name=profile.observed_session_time, new_value=[object], source=unknown"}
{"logTime": "1002/183219", "level": "INFO", "message": "Preference changed: name=sessions.session_data_status, new_value=2, source=unknown"}
{"logTime": "1002/183219", "level": "INFO", "message": "Preference changed: name=sessions.session_data_status, new_value=3, source=unknown"}
{"logTime": "1002/183219", "level": "INFO", "message": "Preference changed: name=sessions.event_log, new_value=[object], source=unknown"}
{"logTime": "1003/034406", "level": "INFO", "message": "UserPrefStore loaded: error=NONE (0)"}
{"logTime": "1003/034406", "level": "INFO", "message": "Preference changed: name=optimization_guide.previously_registered_optimization_types, new_value=[object], source=unknown"}
{"logTime": "1003/034406", "level": "INFO", "message": "Preference changed: name=extensions.chrome_url_overrides, new_value=[object], source=unknown"}
{"logTime": "1003/034406", "level": "INFO", "message": "Preference changed: name=sessions.session_data_status, new_value=1, source=unknown"}
{"logTime": "1003/034406", "level": "INFO", "message": "Preference changed: name=sessions.event_log, new_value=[object], source=unknown"}
{"logTime": "1003/034406", "level": "INFO", "message": "Preference changed: name=optimization_guide.previously_registered_optimization_types, new_value=[object], source=unknown"}
{"logTime": "1003/034406", "level": "INFO", "message": "Preference changed: name=optimization_guide.previously_registered_optimization_types, new_value=[object], source=unknown"}
{"logTime": "1003/034406", "level": "INFO", "message": "Preference changed: name=optimization_guide.previously_registered_optimization_types, new_value=[object], source=unknown"}
{"logTime": "1003/034406", "level": "INFO", "message": "Preference changed: name=optimization_guide.previously_registered_optimization_types, new_value=[object], source=unknown"}
{"logTime": "1003/034406", "level": "INFO", "message": "Preference changed: name=optimization_guide.previously_registered_optimization_types, new_value=[object], source=unknown"}
{"logTime": "1003/034406", "level": "INFO", "message": "Preference changed: name=profile.network_pbs, new_value=[object], source=unknown"}
{"logTime": "1003/034406", "level": "INFO", "message": "Preference changed: name=profile.password_hash_data_list, new_value=[object], source=unknown"}
{"logTime": "1003/034406", "level": "INFO", "message": "Preference changed: name=schedule_to_flush_to_disk, new_value=\"13435472646264789\", source=unknown"}
{"logTime": "1003/034406", "level": "INFO", "message": "Preference changed: name=schedule_to_flush_to_disk, new_value=\"13435472646265554\", source=unknown"}
{"logTime": "1003/034406", "level": "INFO", "message": "Preference changed: name=edge.services.signin_scoped_device_id, new_value=\"fd504296-f7bd-4741-979b-1c491ee14e0d\", source=unknown"}
{"logTime": "1003/034406", "level": "INFO", "message": "Preference changed: name=optimization_guide.previously_registered_optimization_types, new_value=[object], source=unknown"}
{"logTime": "1003/034406", "level": "INFO", "message": "Preference changed: name=extensions.chrome_url_overrides, new_value=[object], source=unknown"}
{"logTime": "1003/034406", "level": "INFO", "message": "Preference changed: name=autofill.credit_card_enabled, new_value=false, source=unknown"}
{"logTime": "1003/034406", "level": "INFO", "message": "Preference changed: name=enable_edge_collections, new_value=false, source=unknown"}
{"logTime": "1003/034406", "level": "INFO", "message": "Preference changed: name=resolve_navigation_errors_use_web_service.enabled, new_value=false, source=unknown"}
{"logTime": "1003/034406", "level": "INFO", "message": "Preference changed: name=alternate_error_pages.enabled, new_value=false, source=unknown"}
{"logTime": "1003/034406", "level": "INFO", "message": "Preference changed: name=optimization_guide.previously_registered_optimization_types, new_value=[object], source=unknown"}
{"logTime": "1003/034406", "level": "INFO", "message": "Preference changed: name=in_product_help.session_start_time, new_value=\"13435472646322171\", source=unknown"}
{"logTime": "1003/034406", "level": "INFO", "message": "Preference changed: name=in_product_help.session_number, new_value=24, source=unknown"}
{"logTime": "1003/034406", "level": "INFO", "message": "Preference changed: name=in_product_help.session_last_active_time, new_value=\"13435472646322171\", source=unknown"}
{"logTime": "1003/034406", "level": "INFO", "message": "Preference changed: name=in_product_help.recent_session_start_times, new_value=[object], source=unknown"}
{"logTime": "1003/034406", "level": "INFO", "message": "Preference changed: name=optimization_guide.previously_registered_optimization_types, new_value=[object], source=unknown"}
{"logTime": "1003/034406", "level": "INFO", "message": "Preference changed: name=profile.content_settings.exceptions.storage_access_header_origin_trial, new_value=[object], source=unknown"}
{"logTime": "1003/034406", "level": "INFO", "message": "Preference changed: name=edge_rewards.coachmark_promotions, new_value=[object], source=unknown"}
{"logTime": "1003/034406", "level": "INFO", "message": "Preference changed: name=edge_rewards.hva_promotions, new_value=[object], source=unknown"}
{"logTime": "1003/034406", "level": "INFO", "message": "Preference changed: name=profile.content_settings.exceptions.site_engagement, new_value=[object], source=unknown"}
{"logTime": "1003/034406", "level": "INFO", "message": "Preference changed: name=profile.last_engagement_time, new_value=\"13435443846945797\", source=unknown"}
{"logTime": "1003/034406", "level": "INFO", "message": "Preference changed: name=profile.content_settings.exceptions.site_engagement, new_value=[object], source=unknown"}
{"logTime": "1003/034406", "level": "INFO", "message": "Preference changed: name=profile.last_engagement_time, new_value=\"13435472646992148\", source=unknown"}
{"logTime": "1003/034416", "level": "INFO", "message": "PrefStore write completed: store=4, success=true"}
{"logTime": "1003/034416", "level": "INFO", "message": "PrefStore write completed: store=4, success=true"}
{"logTime": "1003/034706", "level": "INFO", "message": "Preference changed: name=language_dwell_time_average, new_value=[object], source=unknown"}
{"logTime": "1003/034706", "level": "INFO", "message": "Preference changed: name=language_usage_count, new_value=[object], source=unknown"}
{"logTime": "1003/034706", "level": "INFO", "message": "Preference changed: name=profile.content_settings.exceptions.media_engagement, new_value=[object], source=unknown"}
{"logTime": "1003/034706", "level": "INFO", "message": "Preference changed: name=sessions.session_data_status, new_value=2, source=unknown"}
{"logTime": "1003/034706", "level": "INFO", "message": "Preference changed: name=sessions.session_data_status, new_value=3, source=unknown"}
{"logTime": "1003/034706", "level": "INFO", "message": "Preference changed: name=sessions.event_log, new_value=[object], source=unknown"}
{"logTime": "1003/051300", "level": "INFO", "message": "UserPrefStore loaded: error=NONE (0)"}
{"logTime": "1003/051300", "level": "INFO", "message": "Preference changed: name=optimization_guide.previously_registered_optimization_types, new_value=[object], source=unknown"}
{"logTime": "1003/051300", "level": "INFO", "message": "Preference changed: name=extensions.chrome_url_overrides, new_value=[object], source=unknown"}
{"logTime": "1003/051300", "level": "INFO", "message": "Preference changed: name=sessions.session_data_status, new_value=1, source=unknown"}
{"logTime": "1003/051300", "level": "INFO", "message": "Preference changed: name=sessions.event_log, new_value=[object], source=unknown"}
{"logTime": "1003/051300", "level": "INFO", "message": "Preference changed: name=optimization_guide.previously_registered_optimization_types, new_value=[object], source=unknown"}
{"logTime": "1003/051300", "level": "INFO", "message": "Preference changed: name=optimization_guide.previously_registered_optimization_types, new_value=[object], source=unknown"}
{"logTime": "1003/051300", "level": "INFO", "message": "Preference changed: name=optimization_guide.previously_registered_optimization_types, new_value=[object], source=unknown"}
{"logTime": "1003/051300", "level": "INFO", "message": "Preference changed: name=optimization_guide.previously_registered_optimization_types, new_value=[object], source=unknown"}
{"logTime": "1003/051300", "level": "INFO", "message": "Preference changed: name=optimization_guide.previously_registered_optimization_types, new_value=[object], source=unknown"}
{"logTime": "1003/051300", "level": "INFO", "message": "Preference changed: name=profile.network_pbs, new_value=[object], source=unknown"}
{"logTime": "1003/051300", "level": "INFO", "message": "Preference changed: name=profile.password_hash_data_list, new_value=[object], source=unknown"}
{"logTime": "1003/051300", "level": "INFO", "message": "Preference changed: name=schedule_to_flush_to_disk, new_value=\"13435477980191744\", source=unknown"}
{"logTime": "1003/051300", "level": "INFO", "message": "Preference changed: name=schedule_to_flush_to_disk, new_value=\"13435477980192645\", source=unknown"}
{"logTime": "1003/051300", "level": "INFO", "message": "Preference changed: name=edge.services.signin_scoped_device_id, new_value=\"e2efd8a3-202c-4838-acee-7c657c37f805\", source=unknown"}
{"logTime": "1003/051300", "level": "INFO", "message": "Preference changed: name=optimization_guide.previously_registered_optimization_types, new_value=[object], source=unknown"}
{"logTime": "1003/051300", "level": "INFO", "message": "Preference changed: name=extensions.chrome_url_overrides, new_value=[object], source=unknown"}
{"logTime": "1003/051300", "level": "INFO", "message": "Preference changed: name=autofill.credit_card_enabled, new_value=false, source=unknown"}
{"logTime": "1003/051300", "level": "INFO", "message": "Preference changed: name=enable_edge_collections, new_value=false, source=unknown"}
{"logTime": "1003/051300", "level": "INFO", "message": "Preference changed: name=resolve_navigation_errors_use_web_service.enabled, new_value=false, source=unknown"}
{"logTime": "1003/051300", "level": "INFO", "message": "Preference changed: name=alternate_error_pages.enabled, new_value=false, source=unknown"}
{"logTime": "1003/051300", "level": "INFO", "message": "Preference changed: name=optimization_guide.previously_registered_optimization_types, new_value=[object], source=unknown"}
{"logTime": "1003/051300", "level": "INFO", "message": "Preference changed: name=in_product_help.session_last_active_time, new_value=\"13435477980238977\", source=unknown"}
{"logTime": "1003/051300", "level": "INFO", "message": "Preference changed: name=optimization_guide.previously_registered_optimization_types, new_value=[object], source=unknown"}
{"logTime": "1003/051300", "level": "INFO", "message": "Preference changed: name=profile.content_settings.exceptions.storage_access_header_origin_trial, new_value=[object], source=unknown"}
{"logTime": "1003/051300", "level": "INFO", "message": "Preference changed: name=sessions.session_data_status, new_value=2, source=unknown"}
{"logTime": "1003/051300", "level": "INFO", "message": "Preference changed: name=sessions.session_data_status, new_value=3, source=unknown"}
{"logTime": "1003/051300", "level": "INFO", "message": "Preference changed: name=sessions.session_data_status, new_value=1, source=unknown"}
{"logTime": "1003/051300", "level": "INFO", "message": "Preference changed: name=sessions.event_log, new_value=[object], source=unknown"}
{"logTime": "1003/051300", "level": "INFO", "message": "Preference changed: name=edge_rewards.coachmark_promotions, new_value=[object], source=unknown"}
{"logTime": "1003/051300", "level": "INFO", "message": "Preference changed: name=edge_rewards.hva_promotions, new_value=[object], source=unknown"}
{"logTime": "1003/051310", "level": "INFO", "message": "PrefStore write completed: store=4, success=true"}
{"logTime": "1003/051310", "level": "INFO", "message": "PrefStore write completed: store=4, success=true"}
{"logTime": "1003/085906", "level": "INFO", "message": "Preference changed: name=sessions.session_data_status, new_value=2, source=unknown"}
{"logTime": "1003/085906", "level": "INFO", "message": "Preference changed: name=sessions.session_data_status, new_value=3, source=unknown"}
{"logTime": "1003/092055", "level": "INFO", "message": "UserPrefStore loaded: error=NONE (0)"}
{"logTime": "1003/092055", "level": "INFO", "message": "Preference changed: name=optimization_guide.previously_registered_optimization_types, new_value=[object], source=unknown"}
{"logTime": "1003/092055", "level": "INFO", "message": "Preference changed: name=extensions.chrome_url_overrides, new_value=[object], source=unknown"}
{"logTime": "1003/092055", "level": "INFO", "message": "Preference changed: name=sessions.session_data_status, new_value=1, source=unknown"}
{"logTime": "1003/092055", "level": "INFO", "message": "Preference changed: name=sessions.event_log, new_value=[object], source=unknown"}
{"logTime": "1003/092055", "level": "INFO", "message": "Preference changed: name=optimization_guide.previously_registered_optimization_types, new_value=[object], source=unknown"}
{"logTime": "1003/092055", "level": "INFO", "message": "Preference changed: name=optimization_guide.previously_registered_optimization_types, new_value=[object], source=unknown"}
{"logTime": "1003/092055", "level": "INFO", "message": "Preference changed: name=optimization_guide.previously_registered_optimization_types, new_value=[object], source=unknown"}
{"logTime": "1003/092055", "level": "INFO", "message": "Preference changed: name=optimization_guide.previously_registered_optimization_types, new_value=[object], source=unknown"}
{"logTime": "1003/092055", "level": "INFO", "message": "Preference changed: name=optimization_guide.previously_registered_optimization_types, new_value=[object], source=unknown"}
{"logTime": "1003/092055", "level": "INFO", "message": "Preference changed: name=profile.network_pbs, new_value=[object], source=unknown"}
{"logTime": "1003/092055", "level": "INFO", "message": "Preference changed: name=profile.password_hash_data_list, new_value=[object], source=unknown"}
{"logTime": "1003/092055", "level": "INFO", "message": "Preference changed: name=schedule_to_flush_to_disk, new_value=\"13435492855301179\", source=unknown"}
{"logTime": "1003/092055", "level": "INFO", "message": "Preference changed: name=schedule_to_flush_to_disk, new_value=\"13435492855301878\", source=unknown"}
{"logTime": "1003/092055", "level": "INFO", "message": "Preference changed: name=edge.services.signin_scoped_device_id, new_value=\"aefd016c-3ca6-4ffd-bfc9-c1ce2a1324ab\", source=unknown"}
{"logTime": "1003/092055", "level": "INFO", "message": "Preference changed: name=optimization_guide.previously_registered_optimization_types, new_value=[object], source=unknown"}
{"logTime": "1003/092055", "level": "INFO", "message": "Preference changed: name=extensions.chrome_url_overrides, new_value=[object], source=unknown"}
{"logTime": "1003/092055", "level": "INFO", "message": "Preference changed: name=autofill.credit_card_enabled, new_value=false, source=unknown"}
{"logTime": "1003/092055", "level": "INFO", "message": "Preference changed: name=enable_edge_collections, new_value=false, source=unknown"}
{"logTime": "1003/092055", "level": "INFO", "message": "Preference changed: name=resolve_navigation_errors_use_web_service.enabled, new_value=false, source=unknown"}
{"logTime": "1003/092055", "level": "INFO", "message": "Preference changed: name=alternate_error_pages.enabled, new_value=false, source=unknown"}
{"logTime": "1003/092055", "level": "INFO", "message": "Preference changed: name=optimization_guide.previously_registered_optimization_types, new_value=[object], source=unknown"}
{"logTime": "1003/092055", "level": "INFO", "message": "Preference changed: name=in_product_help.session_start_time, new_value=\"13435492855342701\", source=unknown"}
{"logTime": "1003/092055", "level": "INFO", "message": "Preference changed: name=in_product_help.session_number, new_value=25, source=unknown"}
{"logTime": "1003/092055", "level": "INFO", "message": "Preference changed: name=in_product_help.session_last_active_time, new_value=\"13435492855342701\", source=unknown"}
{"logTime": "1003/092055", "level": "INFO", "message": "Preference changed: name=in_product_help.recent_session_start_times, new_value=[object], source=unknown"}
{"logTime": "1003/092055", "level": "INFO", "message": "Preference changed: name=optimization_guide.previously_registered_optimization_types, new_value=[object], source=unknown"}
{"logTime": "1003/092055", "level": "INFO", "message": "Preference changed: name=profile.content_settings.exceptions.storage_access_header_origin_trial, new_value=[object], source=unknown"}
{"logTime": "1003/092055", "level": "INFO", "message": "Preference changed: name=edge_rewards.coachmark_promotions, new_value=[object], source=unknown"}
{"logTime": "1003/092055", "level": "INFO", "message": "Preference changed: name=edge_rewards.hva_promotions, new_value=[object], source=unknown"}
{"logTime": "1003/092105", "level": "INFO", "message": "PrefStore write completed: store=4, success=true"}
{"logTime": "1003/092105", "level": "INFO", "message": "PrefStore write completed: store=4, success=true"}
{"logTime": "1003/092105", "level": "INFO", "message": "Preference changed: name=edge.bookmarks.last_dup_info_record_time, new_value=\"13435492865311055\", source=unknown"}
{"logTime": "1003/092107", "level": "INFO", "message": "Preference changed: name=sessions.session_data_status, new_value=2, source=unknown"}
{"logTime": "1003/092107", "level": "INFO", "message": "Preference changed: name=sessions.session_data_status, new_value=3, source=unknown"}
{"logTime": "1003/092107", "level": "INFO", "message": "Preference changed: name=sessions.event_log, new_value=[object], source=unknown"}
{"logTime": "1003/171512", "level": "INFO", "message": "UserPrefStore loaded: error=NONE (0)"}
{"logTime": "1003/171512", "level": "INFO", "message": "Preference changed: name=extensions.last_chrome_version, new_value=\"154.0.4258.53\", source=unknown"}
{"logTime": "1003/171512", "level": "INFO", "message": "Preference changed: name=gaia_cookie.periodic_report_time_2, new_value=\"13435521312915270\", source=unknown"}
{"logTime": "1003/171512", "level": "INFO", "message": "Preference changed: name=optimization_guide.previously_registered_optimization_types, new_value=[object], source=unknown"}
{"logTime": "1003/171512", "level": "INFO", "message": "Preference changed: name=extensions.chrome_url_overrides, new_value=[object], source=unknown"}
{"logTime": "1003/171512", "level": "INFO", "message": "Preference changed: name=sessions.session_data_status, new_value=1, source=unknown"}
{"logTime": "1003/171512", "level": "INFO", "message": "Preference changed: name=sessions.event_log, new_value=[object], source=unknown"}
{"logTime": "1003/171512", "level": "INFO", "message": "Preference changed: name=optimization_guide.previously_registered_optimization_types, new_value=[object], source=unknown"}
{"logTime": "1003/171512", "level": "INFO", "message": "Preference changed: name=optimization_guide.previously_registered_optimization_types, new_value=[object], source=unknown"}
{"logTime": "1003/171512", "level": "INFO", "message": "Preference changed: name=optimization_guide.previously_registered_optimization_types, new_value=[object], source=unknown"}
{"logTime": "1003/171512", "level": "INFO", "message": "Preference changed: name=optimization_guide.previously_registered_optimization_types, new_value=[object], source=unknown"}
{"logTime": "1003/171512", "level": "INFO", "message": "Preference changed: name=optimization_guide.previously_registered_optimization_types, new_value=[object], source=unknown"}
{"logTime": "1003/171512", "level": "INFO", "message": "Preference changed: name=profile.network_pbs, new_value=[object], source=unknown"}
{"logTime": "1003/171512", "level": "INFO", "message": "Preference changed: name=extensions.settings, new_value=[object], source=unknown"}
{"logTime": "1003/171512", "level": "INFO", "message": "Preference changed: name=extensions.settings, new_value=[object], source=unknown"}
{"logTime": "1003/171512", "level": "INFO", "message": "Preference changed: name=profile.password_hash_data_list, new_value=[object], source=unknown"}
{"logTime": "1003/171512", "level": "INFO", "message": "Preference changed: name=schedule_to_flush_to_disk, new_value=\"13435521312936924\", source=unknown"}
{"logTime": "1003/171512", "level": "INFO", "message": "Preference changed: name=schedule_to_flush_to_disk, new_value=\"13435521312937638\", source=unknown"}
{"logTime": "1003/171512", "level": "INFO", "message": "Preference changed: name=muid.last_sync, new_value=\"13435521312937760\", source=unknown"}
{"logTime": "1003/171512", "level": "INFO", "message": "Preference changed: name=bookmark.storage_computation_last_update, new_value=\"13435521312937939\", source=unknown"}
{"logTime": "1003/171512", "level": "INFO", "message": "Preference changed: name=edge.services.signin_scoped_device_id, new_value=\"aebbde44-eb04-4cb6-af89-d7d303313ecc\", source=unknown"}
{"logTime": "1003/171512", "level": "INFO", "message": "Preference changed: name=account_tracker_service_last_update, new_value=\"13435521312938449\", source=unknown"}
{"logTime": "1003/171512", "level": "INFO", "message": "Preference changed: name=commerce_daily_metrics_last_update_time, new_value=\"13435521312939271\", source=unknown"}
{"logTime": "1003/171512", "level": "INFO", "message": "Preference changed: name=optimization_guide.previously_registered_optimization_types, new_value=[object], source=unknown"}
{"logTime": "1003/171512", "level": "INFO", "message": "Preference changed: name=extensions.chrome_url_overrides, new_value=[object], source=unknown"}
{"logTime": "1003/171512", "level": "INFO", "message": "Preference changed: name=autofill.credit_card_enabled, new_value=false, source=unknown"}
{"logTime": "1003/171512", "level": "INFO", "message": "Preference changed: name=enable_edge_collections, new_value=false, source=unknown"}
{"logTime": "1003/171512", "level": "INFO", "message": "Preference changed: name=resolve_navigation_errors_use_web_service.enabled, new_value=false, source=unknown"}
{"logTime": "1003/171512", "level": "INFO", "message": "Preference changed: name=alternate_error_pages.enabled, new_value=false, source=unknown"}
{"logTime": "1003/171512", "level": "INFO", "message": "Preference changed: name=optimization_guide.previously_registered_optimization_types, new_value=[object], source=unknown"}
{"logTime": "1003/171512", "level": "INFO", "message": "Preference changed: name=in_product_help.session_start_time, new_value=\"13435521312988300\", source=unknown"}
{"logTime": "1003/171512", "level": "INFO", "message": "Preference changed: name=in_product_help.session_number, new_value=26, source=unknown"}
{"logTime": "1003/171512", "level": "INFO", "message": "Preference changed: name=in_product_help.session_last_active_time, new_value=\"13435521312988300\", source=unknown"}
{"logTime": "1003/171512", "level": "INFO", "message": "Preference changed: name=in_product_help.recent_session_start_times, new_value=[object], source=unknown"}
{"logTime": "1003/171512", "level": "INFO", "message": "Preference changed: name=optimization_guide.previously_registered_optimization_types, new_value=[object], source=unknown"}
{"logTime": "1003/171512", "level": "INFO", "message": "Preference changed: name=profile.content_settings.exceptions.storage_access_header_origin_trial, new_value=[object], source=unknown"}
{"logTime": "1003/171513", "level": "INFO", "message": "Preference changed: name=edge_rewards.coachmark_promotions, new_value=[object], source=unknown"}
{"logTime": "1003/171513", "level": "INFO", "message": "Preference changed: name=edge_rewards.hva_promotions, new_value=[object], source=unknown"}
{"logTime": "1003/171513", "level": "INFO", "message": "Preference changed: name=profile.content_settings.exceptions.site_engagement, new_value=[object], source=unknown"}
{"logTime": "1003/171513", "level": "INFO", "message": "Preference changed: name=profile.last_engagement_time, new_value=\"13435492513281259\", source=unknown"}
{"logTime": "1003/171514", "level": "INFO", "message": "Preference changed: name=profile.content_settings.exceptions.site_engagement, new_value=[object], source=unknown"}
{"logTime": "1003/171514", "level": "INFO", "message": "Preference changed: name=profile.last_engagement_time, new_value=\"13435521314160107\", source=unknown"}
{"logTime": "1003/171518", "level": "INFO", "message": "Preference changed: name=language_dwell_time_average, new_value=[object], source=unknown"}
{"logTime": "1003/171518", "level": "INFO", "message": "Preference changed: name=language_usage_count, new_value=[object], source=unknown"}
{"logTime": "1003/171518", "level": "INFO", "message": "Preference changed: name=profile.content_settings.exceptions.media_engagement, new_value=[object], source=unknown"}
{"logTime": "1003/171518", "level": "INFO", "message": "Preference changed: name=sessions.session_data_status, new_value=2, source=unknown"}
{"logTime": "1003/171518", "level": "INFO", "message": "Preference changed: name=sessions.session_data_status, new_value=3, source=unknown"}
{"logTime": "1003/171518", "level": "INFO", "message": "Preference changed: name=sessions.event_log, new_value=[object], source=unknown"}
{"logTime": "1003/172346", "level": "INFO", "message": "UserPrefStore loaded: error=NONE (0)"}
{"logTime": "1003/172346", "level": "INFO", "message": "Preference changed: name=optimization_guide.previously_registered_optimization_types, new_value=[object], source=unknown"}
{"logTime": "1003/172346", "level": "INFO", "message": "Preference changed: name=extensions.chrome_url_overrides, new_value=[object], source=unknown"}
{"logTime": "1003/172346", "level": "INFO", "message": "Preference changed: name=sessions.session_data_status, new_value=1, source=unknown"}
{"logTime": "1003/172346", "level": "INFO", "message": "Preference changed: name=sessions.event_log, new_value=[object], source=unknown"}
{"logTime": "1003/172346", "level": "INFO", "message": "Preference changed: name=optimization_guide.previously_registered_optimization_types, new_value=[object], source=unknown"}
{"logTime": "1003/172346", "level": "INFO", "message": "Preference changed: name=optimization_guide.previously_registered_optimization_types, new_value=[object], source=unknown"}
{"logTime": "1003/172346", "level": "INFO", "message": "Preference changed: name=optimization_guide.previously_registered_optimization_types, new_value=[object], source=unknown"}
{"logTime": "1003/172346", "level": "INFO", "message": "Preference changed: name=optimization_guide.previously_registered_optimization_types, new_value=[object], source=unknown"}
{"logTime": "1003/172346", "level": "INFO", "message": "Preference changed: name=optimization_guide.previously_registered_optimization_types, new_value=[object], source=unknown"}
{"logTime": "1003/172346", "level": "INFO", "message": "Preference changed: name=profile.network_pbs, new_value=[object], source=unknown"}
{"logTime": "1003/172346", "level": "INFO", "message": "Preference changed: name=profile.password_hash_data_list, new_value=[object], source=unknown"}
{"logTime": "1003/172346", "level": "INFO", "message": "Preference changed: name=schedule_to_flush_to_disk, new_value=\"13435521826813829\", source=unknown"}
{"logTime": "1003/172346", "level": "INFO", "message": "Preference changed: name=schedule_to_flush_to_disk, new_value=\"13435521826815438\", source=unknown"}
{"logTime": "1003/172346", "level": "INFO", "message": "Preference changed: name=edge.services.signin_scoped_device_id, new_value=\"a15386f5-3ead-4bfb-a7b2-3ddbe299d574\", source=unknown"}
{"logTime": "1003/172346", "level": "INFO", "message": "Preference changed: name=optimization_guide.previously_registered_optimization_types, new_value=[object], source=unknown"}
{"logTime": "1003/172346", "level": "INFO", "message": "Preference changed: name=extensions.chrome_url_overrides, new_value=[object], source=unknown"}
{"logTime": "1003/172346", "level": "INFO", "message": "Preference changed: name=autofill.credit_card_enabled, new_value=false, source=unknown"}
{"logTime": "1003/172346", "level": "INFO", "message": "Preference changed: name=enable_edge_collections, new_value=false, source=unknown"}
{"logTime": "1003/172346", "level": "INFO", "message": "Preference changed: name=resolve_navigation_errors_use_web_service.enabled, new_value=false, source=unknown"}
{"logTime": "1003/172346", "level": "INFO", "message": "Preference changed: name=alternate_error_pages.enabled, new_value=false, source=unknown"}
{"logTime": "1003/172346", "level": "INFO", "message": "Preference changed: name=optimization_guide.previously_registered_optimization_types, new_value=[object], source=unknown"}
{"logTime": "1003/172346", "level": "INFO", "message": "Preference changed: name=in_product_help.session_last_active_time, new_value=\"13435521826920568\", source=unknown"}
{"logTime": "1003/172346", "level": "INFO", "message": "Preference changed: name=optimization_guide.previously_registered_optimization_types, new_value=[object], source=unknown"}
{"logTime": "1003/172346", "level": "INFO", "message": "Preference changed: name=profile.content_settings.exceptions.storage_access_header_origin_trial, new_value=[object], source=unknown"}
{"logTime": "1003/172347", "level": "INFO", "message": "Preference changed: name=sessions.session_data_status, new_value=2, source=unknown"}
{"logTime": "1003/172347", "level": "INFO", "message": "Preference changed: name=sessions.session_data_status, new_value=3, source=unknown"}
{"logTime": "1003/172347", "level": "INFO", "message": "Preference changed: name=sessions.session_data_status, new_value=1, source=unknown"}
{"logTime": "1003/172347", "level": "INFO", "message": "Preference changed: name=sessions.event_log, new_value=[object], source=unknown"}
{"logTime": "1003/172347", "level": "INFO", "message": "Preference changed: name=edge_rewards.coachmark_promotions, new_value=[object], source=unknown"}
{"logTime": "1003/172347", "level": "INFO", "message": "Preference changed: name=edge_rewards.hva_promotions, new_value=[object], source=unknown"}
{"logTime": "1003/172347", "level": "INFO", "message": "Preference changed: name=language_model_counters, new_value=[object], source=unknown"}
{"logTime": "1003/172356", "level": "INFO", "message": "PrefStore write completed: store=4, success=true"}
{"logTime": "1003/172356", "level": "INFO", "message": "PrefStore write completed: store=4, success=true"}
{"logTime": "1003/172416", "level": "INFO", "message": "Preference changed: name=profile.last_time_password_store_metrics_reported, new_value=1791048256.771544, source=unknown"}
{"logTime": "1003/172416", "level": "INFO", "message": "Preference changed: name=edge_wallet.passwords.password_lost_report_date, new_value=\"13435521856771773\", source=unknown"}
{"logTime": "1003/172426", "level": "INFO", "message": "PrefStore write completed: store=4, success=true"}
{"logTime": "1003/172657", "level": "INFO", "message": "Preference changed: name=sessions.session_data_status, new_value=2, source=unknown"}
{"logTime": "1003/172657", "level": "INFO", "message": "Preference changed: name=sessions.session_data_status, new_value=3, source=unknown"}
{"logTime": "1003/172810", "level": "INFO", "message": "UserPrefStore loaded: error=NONE (0)"}
{"logTime": "1003/172810", "level": "INFO", "message": "Preference changed: name=optimization_guide.previously_registered_optimization_types, new_value=[object], source=unknown"}
{"logTime": "1003/172810", "level": "INFO", "message": "Preference changed: name=extensions.chrome_url_overrides, new_value=[object], source=unknown"}
{"logTime": "1003/172810", "level": "INFO", "message": "Preference changed: name=sessions.session_data_status, new_value=1, source=unknown"}
{"logTime": "1003/172810", "level": "INFO", "message": "Preference changed: name=sessions.event_log, new_value=[object], source=unknown"}
{"logTime": "1003/172810", "level": "INFO", "message": "Preference changed: name=optimization_guide.previously_registered_optimization_types, new_value=[object], source=unknown"}
{"logTime": "1003/172810", "level": "INFO", "message": "Preference changed: name=optimization_guide.previously_registered_optimization_types, new_value=[object], source=unknown"}
{"logTime": "1003/172810", "level": "INFO", "message": "Preference changed: name=optimization_guide.previously_registered_optimization_types, new_value=[object], source=unknown"}
{"logTime": "1003/172810", "level": "INFO", "message": "Preference changed: name=optimization_guide.previously_registered_optimization_types, new_value=[object], source=unknown"}
{"logTime": "1003/172810", "level": "INFO", "message": "Preference changed: name=optimization_guide.previously_registered_optimization_types, new_value=[object], source=unknown"}
{"logTime": "1003/172810", "level": "INFO", "message": "Preference changed: name=profile.network_pbs, new_value=[object], source=unknown"}
{"logTime": "1003/172810", "level": "INFO", "message": "Preference changed: name=profile.password_hash_data_list, new_value=[object], source=unknown"}
{"logTime": "1003/172810", "level": "INFO", "message": "Preference changed: name=schedule_to_flush_to_disk, new_value=\"13435522090488626\", source=unknown"}
{"logTime": "1003/172810", "level": "INFO", "message": "Preference changed: name=schedule_to_flush_to_disk, new_value=\"13435522090490410\", source=unknown"}
{"logTime": "1003/172810", "level": "INFO", "message": "Preference changed: name=edge.services.signin_scoped_device_id, new_value=\"17bac8eb-e2e1-43bd-bc22-ab16e5bb6595\", source=unknown"}
{"logTime": "1003/172810", "level": "INFO", "message": "Preference changed: name=optimization_guide.previously_registered_optimization_types, new_value=[object], source=unknown"}
{"logTime": "1003/172810", "level": "INFO", "message": "Preference changed: name=extensions.chrome_url_overrides, new_value=[object], source=unknown"}
{"logTime": "1003/172810", "level": "INFO", "message": "Preference changed: name=autofill.credit_card_enabled, new_value=false, source=unknown"}
{"logTime": "1003/172810", "level": "INFO", "message": "Preference changed: name=enable_edge_collections, new_value=false, source=unknown"}
{"logTime": "1003/172810", "level": "INFO", "message": "Preference changed: name=resolve_navigation_errors_use_web_service.enabled, new_value=false, source=unknown"}
{"logTime": "1003/172810", "level": "INFO", "message": "Preference changed: name=alternate_error_pages.enabled, new_value=false, source=unknown"}
{"logTime": "1003/172810", "level": "INFO", "message": "Preference changed: name=optimization_guide.previously_registered_optimization_types, new_value=[object], source=unknown"}
{"logTime": "1003/172810", "level": "INFO", "message": "Preference changed: name=in_product_help.session_last_active_time, new_value=\"13435522090611106\", source=unknown"}
{"logTime": "1003/172810", "level": "INFO", "message": "Preference changed: name=optimization_guide.previously_registered_optimization_types, new_value=[object], source=unknown"}
{"logTime": "1003/172810", "level": "INFO", "message": "Preference changed: name=profile.content_settings.exceptions.storage_access_header_origin_trial, new_value=[object], source=unknown"}
{"logTime": "1003/172810", "level": "INFO", "message": "Preference changed: name=edge_rewards.coachmark_promotions, new_value=[object], source=unknown"}
{"logTime": "1003/172810", "level": "INFO", "message": "Preference changed: name=edge_rewards.hva_promotions, new_value=[object], source=unknown"}
{"logTime": "1003/172811", "level": "INFO", "message": "Preference changed: name=language_model_counters, new_value=[object], source=unknown"}
{"logTime": "1003/172816", "level": "INFO", "message": "Preference changed: name=sessions.session_data_status, new_value=2, source=unknown"}
{"logTime": "1003/172816", "level": "INFO", "message": "Preference changed: name=sessions.session_data_status, new_value=3, source=unknown"}
{"logTime": "1003/172816", "level": "INFO", "message": "Preference changed: name=sessions.event_log, new_value=[object], source=unknown"}
{"logTime": "1003/173058", "level": "INFO", "message": "UserPrefStore loaded: error=NONE (0)"}
{"logTime": "1003/173058", "level": "INFO", "message": "Preference changed: name=optimization_guide.previously_registered_optimization_types, new_value=[object], source=unknown"}
{"logTime": "1003/173058", "level": "INFO", "message": "Preference changed: name=extensions.chrome_url_overrides, new_value=[object], source=unknown"}
{"logTime": "1003/173058", "level": "INFO", "message": "Preference changed: name=sessions.session_data_status, new_value=1, source=unknown"}
{"logTime": "1003/173058", "level": "INFO", "message": "Preference changed: name=sessions.event_log, new_value=[object], source=unknown"}
{"logTime": "1003/173058", "level": "INFO", "message": "Preference changed: name=optimization_guide.previously_registered_optimization_types, new_value=[object], source=unknown"}
{"logTime": "1003/173058", "level": "INFO", "message": "Preference changed: name=optimization_guide.previously_registered_optimization_types, new_value=[object], source=unknown"}
{"logTime": "1003/173058", "level": "INFO", "message": "Preference changed: name=optimization_guide.previously_registered_optimization_types, new_value=[object], source=unknown"}
{"logTime": "1003/173058", "level": "INFO", "message": "Preference changed: name=optimization_guide.previously_registered_optimization_types, new_value=[object], source=unknown"}
{"logTime": "1003/173058", "level": "INFO", "message": "Preference changed: name=optimization_guide.previously_registered_optimization_types, new_value=[object], source=unknown"}
{"logTime": "1003/173058", "level": "INFO", "message": "Preference changed: name=profile.network_pbs, new_value=[object], source=unknown"}
{"logTime": "1003/173058", "level": "INFO", "message": "Preference changed: name=profile.password_hash_data_list, new_value=[object], source=unknown"}
{"logTime": "1003/173058", "level": "INFO", "message": "Preference changed: name=schedule_to_flush_to_disk, new_value=\"13435522258133983\", source=unknown"}
{"logTime": "1003/173058", "level": "INFO", "message": "Preference changed: name=schedule_to_flush_to_disk, new_value=\"13435522258135756\", source=unknown"}
{"logTime": "1003/173058", "level": "INFO", "message": "Preference changed: name=edge.services.signin_scoped_device_id, new_value=\"a42eebd6-950f-4fc0-9bb7-89a728978457\", source=unknown"}
{"logTime": "1003/173058", "level": "INFO", "message": "Preference changed: name=optimization_guide.previously_registered_optimization_types, new_value=[object], source=unknown"}
{"logTime": "1003/173058", "level": "INFO", "message": "Preference changed: name=extensions.chrome_url_overrides, new_value=[object], source=unknown"}
{"logTime": "1003/173058", "level": "INFO", "message": "Preference changed: name=autofill.credit_card_enabled, new_value=false, source=unknown"}
{"logTime": "1003/173058", "level": "INFO", "message": "Preference changed: name=enable_edge_collections, new_value=false, source=unknown"}
{"logTime": "1003/173058", "level": "INFO", "message": "Preference changed: name=resolve_navigation_errors_use_web_service.enabled, new_value=false, source=unknown"}
{"logTime": "1003/173058", "level": "INFO", "message": "Preference changed: name=alternate_error_pages.enabled, new_value=false, source=unknown"}
{"logTime": "1003/173058", "level": "INFO", "message": "Preference changed: name=optimization_guide.previously_registered_optimization_types, new_value=[object], source=unknown"}
{"logTime": "1003/173058", "level": "INFO", "message": "Preference changed: name=in_product_help.session_last_active_time, new_value=\"13435522258249079\", source=unknown"}
{"logTime": "1003/173058", "level": "INFO", "message": "Preference changed: name=optimization_guide.previously_registered_optimization_types, new_value=[object], source=unknown"}
{"logTime": "1003/173058", "level": "INFO", "message": "Preference changed: name=profile.content_settings.exceptions.storage_access_header_origin_trial, new_value=[object], source=unknown"}
{"logTime": "1003/173058", "level": "INFO", "message": "Preference changed: name=edge_rewards.coachmark_promotions, new_value=[object], source=unknown"}
{"logTime": "1003/173058", "level": "INFO", "message": "Preference changed: name=edge_rewards.hva_promotions, new_value=[object], source=unknown"}
{"logTime": "1003/173058", "level": "INFO", "message": "Preference changed: name=language_model_counters, new_value=[object], source=unknown"}
{"logTime": "1003/173101", "level": "INFO", "message": "Preference changed: name=sessions.session_data_status, new_value=2, source=unknown"}
{"logTime": "1003/173101", "level": "INFO", "message": "Preference changed: name=sessions.session_data_status, new_value=3, source=unknown"}
{"logTime": "1003/173102", "level": "INFO", "message": "Preference changed: name=sessions.event_log, new_value=[object], source=unknown"}
{"logTime": "1003/173419", "level": "INFO", "message": "UserPrefStore loaded: error=NONE (0)"}
{"logTime": "1003/173419", "level": "INFO", "message": "Preference changed: name=optimization_guide.previously_registered_optimization_types, new_value=[object], source=unknown"}
{"logTime": "1003/173419", "level": "INFO", "message": "Preference changed: name=extensions.chrome_url_overrides, new_value=[object], source=unknown"}
{"logTime": "1003/173419", "level": "INFO", "message": "Preference changed: name=sessions.session_data_status, new_value=1, source=unknown"}
{"logTime": "1003/173419", "level": "INFO", "message": "Preference changed: name=sessions.event_log, new_value=[object], source=unknown"}
{"logTime": "1003/173419", "level": "INFO", "message": "Preference changed: name=optimization_guide.previously_registered_optimization_types, new_value=[object], source=unknown"}
{"logTime": "1003/173419", "level": "INFO", "message": "Preference changed: name=optimization_guide.previously_registered_optimization_types, new_value=[object], source=unknown"}
{"logTime": "1003/173419", "level": "INFO", "message": "Preference changed: name=optimization_guide.previously_registered_optimization_types, new_value=[object], source=unknown"}
{"logTime": "1003/173419", "level": "INFO", "message": "Preference changed: name=optimization_guide.previously_registered_optimization_types, new_value=[object], source=unknown"}
{"logTime": "1003/173419", "level": "INFO", "message": "Preference changed: name=optimization_guide.previously_registered_optimization_types, new_value=[object], source=unknown"}
{"logTime": "1003/173419", "level": "INFO", "message": "Preference changed: name=profile.network_pbs, new_value=[object], source=unknown"}
{"logTime": "1003/173419", "level": "INFO", "message": "Preference changed: name=profile.password_hash_data_list, new_value=[object], source=unknown"}
{"logTime": "1003/173419", "level": "INFO", "message": "Preference changed: name=schedule_to_flush_to_disk, new_value=\"13435522459546079\", source=unknown"}
{"logTime": "1003/173419", "level": "INFO", "message": "Preference changed: name=schedule_to_flush_to_disk, new_value=\"13435522459548105\", source=unknown"}
{"logTime": "1003/173419", "level": "INFO", "message": "Preference changed: name=edge.services.signin_scoped_device_id, new_value=\"5f7d2f96-280b-49c6-a260-7cb60854a4f8\", source=unknown"}
{"logTime": "1003/173419", "level": "INFO", "message": "Preference changed: name=optimization_guide.previously_registered_optimization_types, new_value=[object], source=unknown"}
{"logTime": "1003/173419", "level": "INFO", "message": "Preference changed: name=extensions.chrome_url_overrides, new_value=[object], source=unknown"}
{"logTime": "1003/173419", "level": "INFO", "message": "Preference changed: name=autofill.credit_card_enabled, new_value=false, source=unknown"}
{"logTime": "1003/173419", "level": "INFO", "message": "Preference changed: name=enable_edge_collections, new_value=false, source=unknown"}
{"logTime": "1003/173419", "level": "INFO", "message": "Preference changed: name=resolve_navigation_errors_use_web_service.enabled, new_value=false, source=unknown"}
{"logTime": "1003/173419", "level": "INFO", "message": "Preference changed: name=alternate_error_pages.enabled, new_value=false, source=unknown"}
{"logTime": "1003/173419", "level": "INFO", "message": "Preference changed: name=optimization_guide.previously_registered_optimization_types, new_value=[object], source=unknown"}
{"logTime": "1003/173419", "level": "INFO", "message": "Preference changed: name=in_product_help.session_last_active_time, new_value=\"13435522459670663\", source=unknown"}
{"logTime": "1003/173419", "level": "INFO", "message": "Preference changed: name=optimization_guide.previously_registered_optimization_types, new_value=[object], source=unknown"}
{"logTime": "1003/173419", "level": "INFO", "message": "Preference changed: name=profile.content_settings.exceptions.storage_access_header_origin_trial, new_value=[object], source=unknown"}
{"logTime": "1003/173420", "level": "INFO", "message": "Preference changed: name=edge_rewards.coachmark_promotions, new_value=[object], source=unknown"}
{"logTime": "1003/173420", "level": "INFO", "message": "Preference changed: name=edge_rewards.hva_promotions, new_value=[object], source=unknown"}
{"logTime": "1003/173429", "level": "INFO", "message": "PrefStore write completed: store=4, success=true"}
{"logTime": "1003/173429", "level": "INFO", "message": "PrefStore write completed: store=4, success=true"}
{"logTime": "1003/174411", "level": "INFO", "message": "Preference changed: name=sessions.event_log, new_value=[object], source=unknown"}
{"logTime": "1003/174421", "level": "INFO", "message": "PrefStore write completed: store=4, success=true"}
{"logTime": "1003/174610", "level": "INFO", "message": "Preference changed: name=sessions.session_data_status, new_value=2, source=unknown"}
{"logTime": "1003/174610", "level": "INFO", "message": "Preference changed: name=sessions.session_data_status, new_value=3, source=unknown"}
{"logTime": "1003/175013", "level": "INFO", "message": "UserPrefStore loaded: error=NONE (0)"}
{"logTime": "1003/175013", "level": "INFO", "message": "Preference changed: name=optimization_guide.previously_registered_optimization_types, new_value=[object], source=unknown"}
{"logTime": "1003/175013", "level": "INFO", "message": "Preference changed: name=extensions.chrome_url_overrides, new_value=[object], source=unknown"}
{"logTime": "1003/175013", "level": "INFO", "message": "Preference changed: name=sessions.session_data_status, new_value=1, source=unknown"}
{"logTime": "1003/175013", "level": "INFO", "message": "Preference changed: name=sessions.event_log, new_value=[object], source=unknown"}
{"logTime": "1003/175013", "level": "INFO", "message": "Preference changed: name=optimization_guide.previously_registered_optimization_types, new_value=[object], source=unknown"}
{"logTime": "1003/175013", "level": "INFO", "message": "Preference changed: name=optimization_guide.previously_registered_optimization_types, new_value=[object], source=unknown"}
{"logTime": "1003/175013", "level": "INFO", "message": "Preference changed: name=optimization_guide.previously_registered_optimization_types, new_value=[object], source=unknown"}
{"logTime": "1003/175013", "level": "INFO", "message": "Preference changed: name=optimization_guide.previously_registered_optimization_types, new_value=[object], source=unknown"}
{"logTime": "1003/175013", "level": "INFO", "message": "Preference changed: name=optimization_guide.previously_registered_optimization_types, new_value=[object], source=unknown"}
{"logTime": "1003/175013", "level": "INFO", "message": "Preference changed: name=profile.network_pbs, new_value=[object], source=unknown"}
{"logTime": "1003/175013", "level": "INFO", "message": "Preference changed: name=profile.password_hash_data_list, new_value=[object], source=unknown"}
{"logTime": "1003/175013", "level": "INFO", "message": "Preference changed: name=schedule_to_flush_to_disk, new_value=\"13435523413954854\", source=unknown"}
{"logTime": "1003/175013", "level": "INFO", "message": "Preference changed: name=schedule_to_flush_to_disk, new_value=\"13435523413956245\", source=unknown"}
{"logTime": "1003/175013", "level": "INFO", "message": "Preference changed: name=edge.services.signin_scoped_device_id, new_value=\"0818e5d1-5c63-4b26-896d-4556cb3e3a98\", source=unknown"}
{"logTime": "1003/175013", "level": "INFO", "message": "Preference changed: name=optimization_guide.previously_registered_optimization_types, new_value=[object], source=unknown"}
{"logTime": "1003/175013", "level": "INFO", "message": "Preference changed: name=extensions.chrome_url_overrides, new_value=[object], source=unknown"}
{"logTime": "1003/175013", "level": "INFO", "message": "Preference changed: name=autofill.credit_card_enabled, new_value=false, source=unknown"}
{"logTime": "1003/175013", "level": "INFO", "message": "Preference changed: name=enable_edge_collections, new_value=false, source=unknown"}
{"logTime": "1003/175013", "level": "INFO", "message": "Preference changed: name=resolve_navigation_errors_use_web_service.enabled, new_value=false, source=unknown"}
{"logTime": "1003/175013", "level": "INFO", "message": "Preference changed: name=alternate_error_pages.enabled, new_value=false, source=unknown"}
{"logTime": "1003/175013", "level": "INFO", "message": "Preference changed: name=optimization_guide.previously_registered_optimization_types, new_value=[object], source=unknown"}
{"logTime": "1003/175014", "level": "INFO", "message": "Preference changed: name=in_product_help.session_last_active_time, new_value=\"13435523414061177\", source=unknown"}
{"logTime": "1003/175014", "level": "INFO", "message": "Preference changed: name=optimization_guide.previously_registered_optimization_types, new_value=[object], source=unknown"}
{"logTime": "1003/175014", "level": "INFO", "message": "Preference changed: name=profile.content_settings.exceptions.storage_access_header_origin_trial, new_value=[object], source=unknown"}
{"logTime": "1003/175014", "level": "INFO", "message": "Preference changed: name=edge_rewards.coachmark_promotions, new_value=[object], source=unknown"}
{"logTime": "1003/175014", "level": "INFO", "message": "Preference changed: name=edge_rewards.hva_promotions, new_value=[object], source=unknown"}
{"logTime": "1003/175023", "level": "INFO", "message": "PrefStore write completed: store=4, success=true"}
{"logTime": "1003/175023", "level": "INFO", "message": "PrefStore write completed: store=4, success=true"}
{"logTime": "1003/175024", "level": "INFO", "message": "Preference changed: name=sessions.session_data_status, new_value=2, source=unknown"}
{"logTime": "1003/175024", "level": "INFO", "message": "Preference changed: name=sessions.session_data_status, new_value=3, source=unknown"}
{"logTime": "1003/175024", "level": "INFO", "message": "Preference changed: name=sessions.event_log, new_value=[object], source=unknown"}
{"logTime": "1003/175424", "level": "INFO", "message": "UserPrefStore loaded: error=NONE (0)"}
{"logTime": "1003/175424", "level": "INFO", "message": "Preference changed: name=optimization_guide.previously_registered_optimization_types, new_value=[object], source=unknown"}
{"logTime": "1003/175424", "level": "INFO", "message": "Preference changed: name=extensions.chrome_url_overrides, new_value=[object], source=unknown"}
{"logTime": "1003/175424", "level": "INFO", "message": "Preference changed: name=sessions.session_data_status, new_value=1, source=unknown"}
{"logTime": "1003/175424", "level": "INFO", "message": "Preference changed: name=sessions.event_log, new_value=[object], source=unknown"}
{"logTime": "1003/175424", "level": "INFO", "message": "Preference changed: name=optimization_guide.previously_registered_optimization_types, new_value=[object], source=unknown"}
{"logTime": "1003/175424", "level": "INFO", "message": "Preference changed: name=optimization_guide.previously_registered_optimization_types, new_value=[object], source=unknown"}
{"logTime": "1003/175424", "level": "INFO", "message": "Preference changed: name=optimization_guide.previously_registered_optimization_types, new_value=[object], source=unknown"}
{"logTime": "1003/175424", "level": "INFO", "message": "Preference changed: name=optimization_guide.previously_registered_optimization_types, new_value=[object], source=unknown"}
{"logTime": "1003/175424", "level": "INFO", "message": "Preference changed: name=optimization_guide.previously_registered_optimization_types, new_value=[object], source=unknown"}
{"logTime": "1003/175424", "level": "INFO", "message": "Preference changed: name=profile.network_pbs, new_value=[object], source=unknown"}
{"logTime": "1003/175424", "level": "INFO", "message": "Preference changed: name=profile.password_hash_data_list, new_value=[object], source=unknown"}
{"logTime": "1003/175424", "level": "INFO", "message": "Preference changed: name=schedule_to_flush_to_disk, new_value=\"13435523664227019\", source=unknown"}
{"logTime": "1003/175424", "level": "INFO", "message": "Preference changed: name=schedule_to_flush_to_disk, new_value=\"13435523664229120\", source=unknown"}
{"logTime": "1003/175424", "level": "INFO", "message": "Preference changed: name=edge.services.signin_scoped_device_id, new_value=\"b7b9a1a4-4802-4cb1-92fa-352017b03b2d\", source=unknown"}
{"logTime": "1003/175424", "level": "INFO", "message": "Preference changed: name=optimization_guide.previously_registered_optimization_types, new_value=[object], source=unknown"}
{"logTime": "1003/175424", "level": "INFO", "message": "Preference changed: name=extensions.chrome_url_overrides, new_value=[object], source=unknown"}
{"logTime": "1003/175424", "level": "INFO", "message": "Preference changed: name=autofill.credit_card_enabled, new_value=false, source=unknown"}
{"logTime": "1003/175424", "level": "INFO", "message": "Preference changed: name=enable_edge_collections, new_value=false, source=unknown"}
{"logTime": "1003/175424", "level": "INFO", "message": "Preference changed: name=resolve_navigation_errors_use_web_service.enabled, new_value=false, source=unknown"}
{"logTime": "1003/175424", "level": "INFO", "message": "Preference changed: name=alternate_error_pages.enabled, new_value=false, source=unknown"}
{"logTime": "1003/175424", "level": "INFO", "message": "Preference changed: name=optimization_guide.previously_registered_optimization_types, new_value=[object], source=unknown"}
{"logTime": "1003/175424", "level": "INFO", "message": "Preference changed: name=in_product_help.session_last_active_time, new_value=\"13435523664341896\", source=unknown"}
{"logTime": "1003/175424", "level": "INFO", "message": "Preference changed: name=optimization_guide.previously_registered_optimization_types, new_value=[object], source=unknown"}
{"logTime": "1003/175424", "level": "INFO", "message": "Preference changed: name=profile.content_settings.exceptions.storage_access_header_origin_trial, new_value=[object], source=unknown"}
{"logTime": "1003/175424", "level": "INFO", "message": "Preference changed: name=edge_rewards.coachmark_promotions, new_value=[object], source=unknown"}
{"logTime": "1003/175424", "level": "INFO", "message": "Preference changed: name=edge_rewards.hva_promotions, new_value=[object], source=unknown"}
{"logTime": "1003/175424", "level": "INFO", "message": "Preference changed: name=language_model_counters, new_value=[object], source=unknown"}
{"logTime": "1003/175429", "level": "INFO", "message": "Preference changed: name=sessions.session_data_status, new_value=2, source=unknown"}
{"logTime": "1003/175429", "level": "INFO", "message": "Preference changed: name=sessions.session_data_status, new_value=3, source=unknown"}
{"logTime": "1003/175429", "level": "INFO", "message": "Preference changed: name=sessions.event_log, new_value=[object], source=unknown"}
{"logTime": "1003/175612", "level": "INFO", "message": "UserPrefStore loaded: error=NONE (0)"}
{"logTime": "1003/175612", "level": "INFO", "message": "Preference changed: name=optimization_guide.previously_registered_optimization_types, new_value=[object], source=unknown"}
{"logTime": "1003/175612", "level": "INFO", "message": "Preference changed: name=extensions.chrome_url_overrides, new_value=[object], source=unknown"}
{"logTime": "1003/175612", "level": "INFO", "message": "Preference changed: name=sessions.session_data_status, new_value=1, source=unknown"}
{"logTime": "1003/175612", "level": "INFO", "message": "Preference changed: name=sessions.event_log, new_value=[object], source=unknown"}
{"logTime": "1003/175612", "level": "INFO", "message": "Preference changed: name=optimization_guide.previously_registered_optimization_types, new_value=[object], source=unknown"}
{"logTime": "1003/175612", "level": "INFO", "message": "Preference changed: name=optimization_guide.previously_registered_optimization_types, new_value=[object], source=unknown"}
{"logTime": "1003/175612", "level": "INFO", "message": "Preference changed: name=optimization_guide.previously_registered_optimization_types, new_value=[object], source=unknown"}
{"logTime": "1003/175612", "level": "INFO", "message": "Preference changed: name=optimization_guide.previously_registered_optimization_types, new_value=[object], source=unknown"}
{"logTime": "1003/175612", "level": "INFO", "message": "Preference changed: name=optimization_guide.previously_registered_optimization_types, new_value=[object], source=unknown"}
{"logTime": "1003/175612", "level": "INFO", "message": "Preference changed: name=profile.network_pbs, new_value=[object], source=unknown"}
{"logTime": "1003/175612", "level": "INFO", "message": "Preference changed: name=profile.password_hash_data_list, new_value=[object], source=unknown"}
{"logTime": "1003/175612", "level": "INFO", "message": "Preference changed: name=schedule_to_flush_to_disk, new_value=\"13435523772858466\", source=unknown"}
{"logTime": "1003/175612", "level": "INFO", "message": "Preference changed: name=schedule_to_flush_to_disk, new_value=\"13435523772859841\", source=unknown"}
{"logTime": "1003/175612", "level": "INFO", "message": "Preference changed: name=edge.services.signin_scoped_device_id, new_value=\"22459a88-a5b8-44e3-9f1a-be8a2de8b100\", source=unknown"}
{"logTime": "1003/175612", "level": "INFO", "message": "Preference changed: name=optimization_guide.previously_registered_optimization_types, new_value=[object], source=unknown"}
{"logTime": "1003/175612", "level": "INFO", "message": "Preference changed: name=extensions.chrome_url_overrides, new_value=[object], source=unknown"}
{"logTime": "1003/175612", "level": "INFO", "message": "Preference changed: name=autofill.credit_card_enabled, new_value=false, source=unknown"}
{"logTime": "1003/175612", "level": "INFO", "message": "Preference changed: name=enable_edge_collections, new_value=false, source=unknown"}
{"logTime": "1003/175612", "level": "INFO", "message": "Preference changed: name=resolve_navigation_errors_use_web_service.enabled, new_value=false, source=unknown"}
{"logTime": "1003/175612", "level": "INFO", "message": "Preference changed: name=alternate_error_pages.enabled, new_value=false, source=unknown"}
{"logTime": "1003/175612", "level": "INFO", "message": "Preference changed: name=optimization_guide.previously_registered_optimization_types, new_value=[object], source=unknown"}
{"logTime": "1003/175612", "level": "INFO", "message": "Preference changed: name=in_product_help.session_last_active_time, new_value=\"13435523772975565\", source=unknown"}
{"logTime": "1003/175612", "level": "INFO", "message": "Preference changed: name=optimization_guide.previously_registered_optimization_types, new_value=[object], source=unknown"}
{"logTime": "1003/175612", "level": "INFO", "message": "Preference changed: name=profile.content_settings.exceptions.storage_access_header_origin_trial, new_value=[object], source=unknown"}
{"logTime": "1003/175613", "level": "INFO", "message": "Preference changed: name=edge_rewards.coachmark_promotions, new_value=[object], source=unknown"}
{"logTime": "1003/175613", "level": "INFO", "message": "Preference changed: name=edge_rewards.hva_promotions, new_value=[object], source=unknown"}
{"logTime": "1003/175622", "level": "INFO", "message": "PrefStore write completed: store=4, success=true"}
{"logTime": "1003/175622", "level": "INFO", "message": "PrefStore write completed: store=4, success=true"}
{"logTime": "1003/175624", "level": "INFO", "message": "Preference changed: name=sessions.session_data_status, new_value=2, source=unknown"}
{"logTime": "1003/175624", "level": "INFO", "message": "Preference changed: name=sessions.session_data_status, new_value=3, source=unknown"}
{"logTime": "1003/175624", "level": "INFO", "message": "Preference changed: name=sessions.event_log, new_value=[object], source=unknown"}
{"logTime": "1003/175737", "level": "INFO", "message": "UserPrefStore loaded: error=NONE (0)"}
{"logTime": "1003/175737", "level": "INFO", "message": "Preference changed: name=optimization_guide.previously_registered_optimization_types, new_value=[object], source=unknown"}
{"logTime": "1003/175737", "level": "INFO", "message": "Preference changed: name=extensions.chrome_url_overrides, new_value=[object], source=unknown"}
{"logTime": "1003/175737", "level": "INFO", "message": "Preference changed: name=sessions.session_data_status, new_value=1, source=unknown"}
{"logTime": "1003/175737", "level": "INFO", "message": "Preference changed: name=sessions.event_log, new_value=[object], source=unknown"}
{"logTime": "1003/175737", "level": "INFO", "message": "Preference changed: name=optimization_guide.previously_registered_optimization_types, new_value=[object], source=unknown"}
{"logTime": "1003/175737", "level": "INFO", "message": "Preference changed: name=optimization_guide.previously_registered_optimization_types, new_value=[object], source=unknown"}
{"logTime": "1003/175737", "level": "INFO", "message": "Preference changed: name=optimization_guide.previously_registered_optimization_types, new_value=[object], source=unknown"}
{"logTime": "1003/175737", "level": "INFO", "message": "Preference changed: name=optimization_guide.previously_registered_optimization_types, new_value=[object], source=unknown"}
{"logTime": "1003/175737", "level": "INFO", "message": "Preference changed: name=optimization_guide.previously_registered_optimization_types, new_value=[object], source=unknown"}
{"logTime": "1003/175737", "level": "INFO", "message": "Preference changed: name=profile.network_pbs, new_value=[object], source=unknown"}
{"logTime": "1003/175737", "level": "INFO", "message": "Preference changed: name=profile.password_hash_data_list, new_value=[object], source=unknown"}
{"logTime": "1003/175737", "level": "INFO", "message": "Preference changed: name=schedule_to_flush_to_disk, new_value=\"13435523857591117\", source=unknown"}
{"logTime": "1003/175737", "level": "INFO", "message": "Preference changed: name=schedule_to_flush_to_disk, new_value=\"13435523857592749\", source=unknown"}
{"logTime": "1003/175737", "level": "INFO", "message": "Preference changed: name=edge.services.signin_scoped_device_id, new_value=\"c6cf2c2a-6868-4ca0-b7fe-9e29a4fc5595\", source=unknown"}
{"logTime": "1003/175737", "level": "INFO", "message": "Preference changed: name=optimization_guide.previously_registered_optimization_types, new_value=[object], source=unknown"}
{"logTime": "1003/175737", "level": "INFO", "message": "Preference changed: name=extensions.chrome_url_overrides, new_value=[object], source=unknown"}
{"logTime": "1003/175737", "level": "INFO", "message": "Preference changed: name=autofill.credit_card_enabled, new_value=false, source=unknown"}
{"logTime": "1003/175737", "level": "INFO", "message": "Preference changed: name=enable_edge_collections, new_value=false, source=unknown"}
{"logTime": "1003/175737", "level": "INFO", "message": "Preference changed: name=resolve_navigation_errors_use_web_service.enabled, new_value=false, source=unknown"}
{"logTime": "1003/175737", "level": "INFO", "message": "Preference changed: name=alternate_error_pages.enabled, new_value=false, source=unknown"}
{"logTime": "1003/175737", "level": "INFO", "message": "Preference changed: name=optimization_guide.previously_registered_optimization_types, new_value=[object], source=unknown"}
{"logTime": "1003/175737", "level": "INFO", "message": "Preference changed: name=in_product_help.session_last_active_time, new_value=\"13435523857693951\", source=unknown"}
{"logTime": "1003/175737", "level": "INFO", "message": "Preference changed: name=optimization_guide.previously_registered_optimization_types, new_value=[object], source=unknown"}
{"logTime": "1003/175737", "level": "INFO", "message": "Preference changed: name=profile.content_settings.exceptions.storage_access_header_origin_trial, new_value=[object], source=unknown"}
{"logTime": "1003/175737", "level": "INFO", "message": "Preference changed: name=edge_rewards.coachmark_promotions, new_value=[object], source=unknown"}
{"logTime": "1003/175737", "level": "INFO", "message": "Preference changed: name=edge_rewards.hva_promotions, new_value=[object], source=unknown"}
{"logTime": "1003/175747", "level": "INFO", "message": "PrefStore write completed: store=4, success=true"}
{"logTime": "1003/175747", "level": "INFO", "message": "PrefStore write completed: store=4, success=true"}
{"logTime": "1003/175759", "level": "INFO", "message": "Preference changed: name=sessions.event_log, new_value=[object], source=unknown"}
{"logTime": "1003/175809", "level": "INFO", "message": "PrefStore write completed: store=4, success=true"}
{"logTime": "1003/181417", "level": "INFO", "message": "Preference changed: name=sessions.session_data_status, new_value=2, source=unknown"}
{"logTime": "1003/181417", "level": "INFO", "message": "Preference changed: name=sessions.session_data_status, new_value=3, source=unknown"}
{"logTime": "1003/181431", "level": "INFO", "message": "UserPrefStore loaded: error=NONE (0)"}
{"logTime": "1003/181431", "level": "INFO", "message": "Preference changed: name=optimization_guide.previously_registered_optimization_types, new_value=[object], source=unknown"}
{"logTime": "1003/181431", "level": "INFO", "message": "Preference changed: name=extensions.chrome_url_overrides, new_value=[object], source=unknown"}
{"logTime": "1003/181431", "level": "INFO", "message": "Preference changed: name=sessions.session_data_status, new_value=1, source=unknown"}
{"logTime": "1003/181431", "level": "INFO", "message": "Preference changed: name=sessions.event_log, new_value=[object], source=unknown"}
{"logTime": "1003/181431", "level": "INFO", "message": "Preference changed: name=optimization_guide.previously_registered_optimization_types, new_value=[object], source=unknown"}
{"logTime": "1003/181431", "level": "INFO", "message": "Preference changed: name=optimization_guide.previously_registered_optimization_types, new_value=[object], source=unknown"}
{"logTime": "1003/181431", "level": "INFO", "message": "Preference changed: name=optimization_guide.previously_registered_optimization_types, new_value=[object], source=unknown"}
{"logTime": "1003/181431", "level": "INFO", "message": "Preference changed: name=optimization_guide.previously_registered_optimization_types, new_value=[object], source=unknown"}
{"logTime": "1003/181431", "level": "INFO", "message": "Preference changed: name=optimization_guide.previously_registered_optimization_types, new_value=[object], source=unknown"}
{"logTime": "1003/181431", "level": "INFO", "message": "Preference changed: name=profile.network_pbs, new_value=[object], source=unknown"}
{"logTime": "1003/181431", "level": "INFO", "message": "Preference changed: name=profile.password_hash_data_list, new_value=[object], source=unknown"}
{"logTime": "1003/181431", "level": "INFO", "message": "Preference changed: name=schedule_to_flush_to_disk, new_value=\"13435524871951059\", source=unknown"}
{"logTime": "1003/181431", "level": "INFO", "message": "Preference changed: name=schedule_to_flush_to_disk, new_value=\"13435524871952497\", source=unknown"}
{"logTime": "1003/181431", "level": "INFO", "message": "Preference changed: name=edge.services.signin_scoped_device_id, new_value=\"4203d056-6f72-4824-87a6-ca4e776c062d\", source=unknown"}
{"logTime": "1003/181431", "level": "INFO", "message": "Preference changed: name=optimization_guide.previously_registered_optimization_types, new_value=[object], source=unknown"}
{"logTime": "1003/181431", "level": "INFO", "message": "Preference changed: name=extensions.chrome_url_overrides, new_value=[object], source=unknown"}
{"logTime": "1003/181431", "level": "INFO", "message": "Preference changed: name=autofill.credit_card_enabled, new_value=false, source=unknown"}
{"logTime": "1003/181431", "level": "INFO", "message": "Preference changed: name=enable_edge_collections, new_value=false, source=unknown"}
{"logTime": "1003/181431", "level": "INFO", "message": "Preference changed: name=resolve_navigation_errors_use_web_service.enabled, new_value=false, source=unknown"}
{"logTime": "1003/181431", "level": "INFO", "message": "Preference changed: name=alternate_error_pages.enabled, new_value=false, source=unknown"}
{"logTime": "1003/181431", "level": "INFO", "message": "Preference changed: name=optimization_guide.previously_registered_optimization_types, new_value=[object], source=unknown"}
{"logTime": "1003/181432", "level": "INFO", "message": "Preference changed: name=in_product_help.session_last_active_time, new_value=\"13435524872068194\", source=unknown"}
{"logTime": "1003/181432", "level": "INFO", "message": "Preference changed: name=optimization_guide.previously_registered_optimization_types, new_value=[object], source=unknown"}
{"logTime": "1003/181432", "level": "INFO", "message": "Preference changed: name=profile.content_settings.exceptions.storage_access_header_origin_trial, new_value=[object], source=unknown"}
{"logTime": "1003/181432", "level": "INFO", "message": "Preference changed: name=edge_rewards.coachmark_promotions, new_value=[object], source=unknown"}
{"logTime": "1003/181432", "level": "INFO", "message": "Preference changed: name=edge_rewards.hva_promotions, new_value=[object], source=unknown"}
{"logTime": "1003/181441", "level": "INFO", "message": "PrefStore write completed: store=4, success=true"}
{"logTime": "1003/181441", "level": "INFO", "message": "PrefStore write completed: store=4, success=true"}
{"logTime": "1003/181746", "level": "INFO", "message": "Preference changed: name=sessions.event_log, new_value=[object], source=unknown"}
{"logTime": "1003/181756", "level": "INFO", "message": "PrefStore write completed: store=4, success=true"}
{"logTime": "1003/181932", "level": "INFO", "message": "Preference changed: name=sessions.session_data_status, new_value=2, source=unknown"}
{"logTime": "1003/181932", "level": "INFO", "message": "Preference changed: name=sessions.session_data_status, new_value=3, source=unknown"}
{"logTime": "1003/181946", "level": "INFO", "message": "UserPrefStore loaded: error=NONE (0)"}
{"logTime": "1003/181946", "level": "INFO", "message": "Preference changed: name=optimization_guide.previously_registered_optimization_types, new_value=[object], source=unknown"}
{"logTime": "1003/181946", "level": "INFO", "message": "Preference changed: name=extensions.chrome_url_overrides, new_value=[object], source=unknown"}
{"logTime": "1003/181946", "level": "INFO", "message": "Preference changed: name=sessions.session_data_status, new_value=1, source=unknown"}
{"logTime": "1003/181946", "level": "INFO", "message": "Preference changed: name=sessions.event_log, new_value=[object], source=unknown"}
{"logTime": "1003/181946", "level": "INFO", "message": "Preference changed: name=optimization_guide.previously_registered_optimization_types, new_value=[object], source=unknown"}
{"logTime": "1003/181946", "level": "INFO", "message": "Preference changed: name=optimization_guide.previously_registered_optimization_types, new_value=[object], source=unknown"}
{"logTime": "1003/181946", "level": "INFO", "message": "Preference changed: name=optimization_guide.previously_registered_optimization_types, new_value=[object], source=unknown"}
{"logTime": "1003/181946", "level": "INFO", "message": "Preference changed: name=optimization_guide.previously_registered_optimization_types, new_value=[object], source=unknown"}
{"logTime": "1003/181946", "level": "INFO", "message": "Preference changed: name=optimization_guide.previously_registered_optimization_types, new_value=[object], source=unknown"}
{"logTime": "1003/181946", "level": "INFO", "message": "Preference changed: name=profile.network_pbs, new_value=[object], source=unknown"}
{"logTime": "1003/181946", "level": "INFO", "message": "Preference changed: name=profile.password_hash_data_list, new_value=[object], source=unknown"}
{"logTime": "1003/181946", "level": "INFO", "message": "Preference changed: name=schedule_to_flush_to_disk, new_value=\"13435525186137212\", source=unknown"}
{"logTime": "1003/181946", "level": "INFO", "message": "Preference changed: name=schedule_to_flush_to_disk, new_value=\"13435525186137867\", source=unknown"}
{"logTime": "1003/181946", "level": "INFO", "message": "Preference changed: name=edge.services.signin_scoped_device_id, new_value=\"fc4ac72e-9e2c-4fdb-bfa6-2f9345139ce3\", source=unknown"}
{"logTime": "1003/181946", "level": "INFO", "message": "Preference changed: name=optimization_guide.previously_registered_optimization_types, new_value=[object], source=unknown"}
{"logTime": "1003/181946", "level": "INFO", "message": "Preference changed: name=extensions.chrome_url_overrides, new_value=[object], source=unknown"}
{"logTime": "1003/181946", "level": "INFO", "message": "Preference changed: name=autofill.credit_card_enabled, new_value=false, source=unknown"}
{"logTime": "1003/181946", "level": "INFO", "message": "Preference changed: name=enable_edge_collections, new_value=false, source=unknown"}
{"logTime": "1003/181946", "level": "INFO", "message": "Preference changed: name=resolve_navigation_errors_use_web_service.enabled, new_value=false, source=unknown"}
{"logTime": "1003/181946", "level": "INFO", "message": "Preference changed: name=alternate_error_pages.enabled, new_value=false, source=unknown"}
{"logTime": "1003/181946", "level": "INFO", "message": "Preference changed: name=optimization_guide.previously_registered_optimization_types, new_value=[object], source=unknown"}
{"logTime": "1003/181946", "level": "INFO", "message": "Preference changed: name=in_product_help.session_last_active_time, new_value=\"13435525186179059\", source=unknown"}
{"logTime": "1003/181946", "level": "INFO", "message": "Preference changed: name=optimization_guide.previously_registered_optimization_types, new_value=[object], source=unknown"}
{"logTime": "1003/181946", "level": "INFO", "message": "Preference changed: name=profile.content_settings.exceptions.storage_access_header_origin_trial, new_value=[object], source=unknown"}
{"logTime": "1003/181946", "level": "INFO", "message": "Preference changed: name=edge_rewards.coachmark_promotions, new_value=[object], source=unknown"}
{"logTime": "1003/181946", "level": "INFO", "message": "Preference changed: name=edge_rewards.hva_promotions, new_value=[object], source=unknown"}
{"logTime": "1003/181956", "level": "INFO", "message": "PrefStore write completed: store=4, success=true"}
{"logTime": "1003/181956", "level": "INFO", "message": "PrefStore write completed: store=4, success=true"}
{"logTime": "1003/183228", "level": "INFO", "message": "Preference changed: name=sessions.session_data_status, new_value=2, source=unknown"}
{"logTime": "1003/183228", "level": "INFO", "message": "Preference changed: name=sessions.session_data_status, new_value=3, source=unknown"}
{"logTime": "1003/183228", "level": "INFO", "message": "Preference changed: name=sessions.event_log, new_value=[object], source=unknown"}
{"logTime": "1003/183808", "level": "INFO", "message": "UserPrefStore loaded: error=NONE (0)"}
{"logTime": "1003/183808", "level": "INFO", "message": "Preference changed: name=optimization_guide.previously_registered_optimization_types, new_value=[object], source=unknown"}
{"logTime": "1003/183808", "level": "INFO", "message": "Preference changed: name=extensions.chrome_url_overrides, new_value=[object], source=unknown"}
{"logTime": "1003/183808", "level": "INFO", "message": "Preference changed: name=sessions.session_data_status, new_value=1, source=unknown"}
{"logTime": "1003/183808", "level": "INFO", "message": "Preference changed: name=sessions.event_log, new_value=[object], source=unknown"}
{"logTime": "1003/183808", "level": "INFO", "message": "Preference changed: name=optimization_guide.previously_registered_optimization_types, new_value=[object], source=unknown"}
{"logTime": "1003/183808", "level": "INFO", "message": "Preference changed: name=optimization_guide.previously_registered_optimization_types, new_value=[object], source=unknown"}
{"logTime": "1003/183808", "level": "INFO", "message": "Preference changed: name=optimization_guide.previously_registered_optimization_types, new_value=[object], source=unknown"}
{"logTime": "1003/183808", "level": "INFO", "message": "Preference changed: name=optimization_guide.previously_registered_optimization_types, new_value=[object], source=unknown"}
{"logTime": "1003/183808", "level": "INFO", "message": "Preference changed: name=optimization_guide.previously_registered_optimization_types, new_value=[object], source=unknown"}
{"logTime": "1003/183808", "level": "INFO", "message": "Preference changed: name=profile.network_pbs, new_value=[object], source=unknown"}
{"logTime": "1003/183808", "level": "INFO", "message": "Preference changed: name=profile.password_hash_data_list, new_value=[object], source=unknown"}
{"logTime": "1003/183808", "level": "INFO", "message": "Preference changed: name=schedule_to_flush_to_disk, new_value=\"13435526288286629\", source=unknown"}
{"logTime": "1003/183808", "level": "INFO", "message": "Preference changed: name=schedule_to_flush_to_disk, new_value=\"13435526288287421\", source=unknown"}
{"logTime": "1003/183808", "level": "INFO", "message": "Preference changed: name=edge.services.signin_scoped_device_id, new_value=\"949d69e7-8cfe-4b84-b09c-74b1a083e693\", source=unknown"}
{"logTime": "1003/183808", "level": "INFO", "message": "Preference changed: name=optimization_guide.previously_registered_optimization_types, new_value=[object], source=unknown"}
{"logTime": "1003/183808", "level": "INFO", "message": "Preference changed: name=extensions.chrome_url_overrides, new_value=[object], source=unknown"}
{"logTime": "1003/183808", "level": "INFO", "message": "Preference changed: name=autofill.credit_card_enabled, new_value=false, source=unknown"}
{"logTime": "1003/183808", "level": "INFO", "message": "Preference changed: name=enable_edge_collections, new_value=false, source=unknown"}
{"logTime": "1003/183808", "level": "INFO", "message": "Preference changed: name=resolve_navigation_errors_use_web_service.enabled, new_value=false, source=unknown"}
{"logTime": "1003/183808", "level": "INFO", "message": "Preference changed: name=alternate_error_pages.enabled, new_value=false, source=unknown"}
{"logTime": "1003/183808", "level": "INFO", "message": "Preference changed: name=optimization_guide.previously_registered_optimization_types, new_value=[object], source=unknown"}
{"logTime": "1003/183808", "level": "INFO", "message": "Preference changed: name=in_product_help.session_last_active_time, new_value=\"13435526288330098\", source=unknown"}
{"logTime": "1003/183808", "level": "INFO", "message": "Preference changed: name=optimization_guide.previously_registered_optimization_types, new_value=[object], source=unknown"}
{"logTime": "1003/183808", "level": "INFO", "message": "Preference changed: name=profile.content_settings.exceptions.storage_access_header_origin_trial, new_value=[object], source=unknown"}
{"logTime": "1003/183808", "level": "INFO", "message": "Preference changed: name=edge_rewards.coachmark_promotions, new_value=[object], source=unknown"}
{"logTime": "1003/183808", "level": "INFO", "message": "Preference changed: name=edge_rewards.hva_promotions, new_value=[object], source=unknown"}
{"logTime": "1003/183808", "level": "INFO", "message": "Preference changed: name=profile.content_settings.exceptions.site_engagement, new_value=[object], source=unknown"}
{"logTime": "1003/183808", "level": "INFO", "message": "Preference changed: name=profile.last_engagement_time, new_value=\"13435526288546370\", source=unknown"}
{"logTime": "1003/183811", "level": "INFO", "message": "Preference changed: name=profile.content_settings.exceptions.media_engagement, new_value=[object], source=unknown"}
{"logTime": "1003/183811", "level": "INFO", "message": "Preference changed: name=sessions.session_data_status, new_value=2, source=unknown"}
{"logTime": "1003/183811", "level": "INFO", "message": "Preference changed: name=sessions.session_data_status, new_value=3, source=unknown"}
{"logTime": "1003/183811", "level": "INFO", "message": "Preference changed: name=sessions.event_log, new_value=[object], source=unknown"}
{"logTime": "1004/160823", "level": "INFO", "message": "UserPrefStore loaded: error=NONE (0)"}
{"logTime": "1004/160823", "level": "INFO", "message": "Preference changed: name=optimization_guide.previously_registered_optimization_types, new_value=[object], source=unknown"}
{"logTime": "1004/160823", "level": "INFO", "message": "Preference changed: name=extensions.chrome_url_overrides, new_value=[object], source=unknown"}
{"logTime": "1004/160823", "level": "INFO", "message": "Preference changed: name=sessions.session_data_status, new_value=1, source=unknown"}
{"logTime": "1004/160823", "level": "INFO", "message": "Preference changed: name=sessions.event_log, new_value=[object], source=unknown"}
{"logTime": "1004/160823", "level": "INFO", "message": "Preference changed: name=optimization_guide.previously_registered_optimization_types, new_value=[object], source=unknown"}
{"logTime": "1004/160823", "level": "INFO", "message": "Preference changed: name=optimization_guide.previously_registered_optimization_types, new_value=[object], source=unknown"}
{"logTime": "1004/160823", "level": "INFO", "message": "Preference changed: name=optimization_guide.previously_registered_optimization_types, new_value=[object], source=unknown"}
{"logTime": "1004/160823", "level": "INFO", "message": "Preference changed: name=optimization_guide.previously_registered_optimization_types, new_value=[object], source=unknown"}
{"logTime": "1004/160823", "level": "INFO", "message": "Preference changed: name=optimization_guide.previously_registered_optimization_types, new_value=[object], source=unknown"}
{"logTime": "1004/160823", "level": "INFO", "message": "Preference changed: name=profile.network_pbs, new_value=[object], source=unknown"}
{"logTime": "1004/160823", "level": "INFO", "message": "Preference changed: name=profile.password_hash_data_list, new_value=[object], source=unknown"}
{"logTime": "1004/160823", "level": "INFO", "message": "Preference changed: name=schedule_to_flush_to_disk, new_value=\"13435603703869374\", source=unknown"}
{"logTime": "1004/160823", "level": "INFO", "message": "Preference changed: name=schedule_to_flush_to_disk, new_value=\"13435603703870206\", source=unknown"}
{"logTime": "1004/160823", "level": "INFO", "message": "Preference changed: name=edge.services.signin_scoped_device_id, new_value=\"26187cb2-1166-4053-98b4-379056cf44a2\", source=unknown"}
{"logTime": "1004/160823", "level": "INFO", "message": "Preference changed: name=optimization_guide.previously_registered_optimization_types, new_value=[object], source=unknown"}
{"logTime": "1004/160823", "level": "INFO", "message": "Preference changed: name=extensions.chrome_url_overrides, new_value=[object], source=unknown"}
{"logTime": "1004/160823", "level": "INFO", "message": "Preference changed: name=autofill.credit_card_enabled, new_value=false, source=unknown"}
{"logTime": "1004/160823", "level": "INFO", "message": "Preference changed: name=enable_edge_collections, new_value=false, source=unknown"}
{"logTime": "1004/160823", "level": "INFO", "message": "Preference changed: name=resolve_navigation_errors_use_web_service.enabled, new_value=false, source=unknown"}
{"logTime": "1004/160823", "level": "INFO", "message": "Preference changed: name=alternate_error_pages.enabled, new_value=false, source=unknown"}
{"logTime": "1004/160823", "level": "INFO", "message": "Preference changed: name=optimization_guide.previously_registered_optimization_types, new_value=[object], source=unknown"}
{"logTime": "1004/160823", "level": "INFO", "message": "Preference changed: name=in_product_help.session_start_time, new_value=\"13435603703915757\", source=unknown"}
{"logTime": "1004/160823", "level": "INFO", "message": "Preference changed: name=in_product_help.session_number, new_value=27, source=unknown"}
{"logTime": "1004/160823", "level": "INFO", "message": "Preference changed: name=in_product_help.session_last_active_time, new_value=\"13435603703915757\", source=unknown"}
{"logTime": "1004/160823", "level": "INFO", "message": "Preference changed: name=in_product_help.recent_session_start_times, new_value=[object], source=unknown"}
{"logTime": "1004/160823", "level": "INFO", "message": "Preference changed: name=optimization_guide.previously_registered_optimization_types, new_value=[object], source=unknown"}
{"logTime": "1004/160823", "level": "INFO", "message": "Preference changed: name=profile.content_settings.exceptions.storage_access_header_origin_trial, new_value=[object], source=unknown"}
{"logTime": "1004/160823", "level": "INFO", "message": "Preference changed: name=profile.content_settings.exceptions.site_engagement, new_value=[object], source=unknown"}
{"logTime": "1004/160823", "level": "INFO", "message": "Preference changed: name=profile.last_engagement_time, new_value=\"13435574903964424\", source=unknown"}
{"logTime": "1004/160824", "level": "INFO", "message": "Preference changed: name=edge_rewards.coachmark_promotions, new_value=[object], source=unknown"}
{"logTime": "1004/160824", "level": "INFO", "message": "Preference changed: name=edge_rewards.hva_promotions, new_value=[object], source=unknown"}
{"logTime": "1004/160833", "level": "INFO", "message": "PrefStore write completed: store=4, success=true"}
{"logTime": "1004/160833", "level": "INFO", "message": "PrefStore write completed: store=4, success=true"}
{"logTime": "1004/160833", "level": "INFO", "message": "Preference changed: name=edge.bookmarks.last_dup_info_record_time, new_value=\"13435603713877797\", source=unknown"}
{"logTime": "1004/160843", "level": "INFO", "message": "PrefStore write completed: store=4, success=true"}
{"logTime": "1004/165028", "level": "INFO", "message": "Preference changed: name=sessions.session_data_status, new_value=2, source=unknown"}
{"logTime": "1004/165028", "level": "INFO", "message": "Preference changed: name=sessions.session_data_status, new_value=3, source=unknown"}
{"logTime": "1004/165028", "level": "INFO", "message": "Preference changed: name=sessions.event_log, new_value=[object], source=unknown"}
{"logTime": "1004/171121", "level": "INFO", "message": "UserPrefStore loaded: error=NONE (0)"}
{"logTime": "1004/171121", "level": "INFO", "message": "Preference changed: name=optimization_guide.previously_registered_optimization_types, new_value=[object], source=unknown"}
{"logTime": "1004/171121", "level": "INFO", "message": "Preference changed: name=extensions.chrome_url_overrides, new_value=[object], source=unknown"}
{"logTime": "1004/171121", "level": "INFO", "message": "Preference changed: name=sessions.session_data_status, new_value=1, source=unknown"}
{"logTime": "1004/171121", "level": "INFO", "message": "Preference changed: name=sessions.event_log, new_value=[object], source=unknown"}
{"logTime": "1004/171121", "level": "INFO", "message": "Preference changed: name=optimization_guide.previously_registered_optimization_types, new_value=[object], source=unknown"}
{"logTime": "1004/171121", "level": "INFO", "message": "Preference changed: name=optimization_guide.previously_registered_optimization_types, new_value=[object], source=unknown"}
{"logTime": "1004/171121", "level": "INFO", "message": "Preference changed: name=optimization_guide.previously_registered_optimization_types, new_value=[object], source=unknown"}
{"logTime": "1004/171121", "level": "INFO", "message": "Preference changed: name=optimization_guide.previously_registered_optimization_types, new_value=[object], source=unknown"}
{"logTime": "1004/171121", "level": "INFO", "message": "Preference changed: name=optimization_guide.previously_registered_optimization_types, new_value=[object], source=unknown"}
{"logTime": "1004/171121", "level": "INFO", "message": "Preference changed: name=profile.network_pbs, new_value=[object], source=unknown"}
{"logTime": "1004/171121", "level": "INFO", "message": "Preference changed: name=profile.password_hash_data_list, new_value=[object], source=unknown"}
{"logTime": "1004/171121", "level": "INFO", "message": "Preference changed: name=schedule_to_flush_to_disk, new_value=\"13435607481840956\", source=unknown"}
{"logTime": "1004/171121", "level": "INFO", "message": "Preference changed: name=schedule_to_flush_to_disk, new_value=\"13435607481841858\", source=unknown"}
{"logTime": "1004/171121", "level": "INFO", "message": "Preference changed: name=edge.services.signin_scoped_device_id, new_value=\"c9820307-a87b-4165-8530-1a782e4e8cc5\", source=unknown"}
{"logTime": "1004/171121", "level": "INFO", "message": "Preference changed: name=optimization_guide.previously_registered_optimization_types, new_value=[object], source=unknown"}
{"logTime": "1004/171121", "level": "INFO", "message": "Preference changed: name=extensions.chrome_url_overrides, new_value=[object], source=unknown"}
{"logTime": "1004/171121", "level": "INFO", "message": "Preference changed: name=autofill.credit_card_enabled, new_value=false, source=unknown"}
{"logTime": "1004/171121", "level": "INFO", "message": "Preference changed: name=enable_edge_collections, new_value=false, source=unknown"}
{"logTime": "1004/171121", "level": "INFO", "message": "Preference changed: name=resolve_navigation_errors_use_web_service.enabled, new_value=false, source=unknown"}
{"logTime": "1004/171121", "level": "INFO", "message": "Preference changed: name=alternate_error_pages.enabled, new_value=false, source=unknown"}
{"logTime": "1004/171121", "level": "INFO", "message": "Preference changed: name=optimization_guide.previously_registered_optimization_types, new_value=[object], source=unknown"}
{"logTime": "1004/171121", "level": "INFO", "message": "Preference changed: name=in_product_help.session_last_active_time, new_value=\"13435607481889327\", source=unknown"}
{"logTime": "1004/171121", "level": "INFO", "message": "Preference changed: name=optimization_guide.previously_registered_optimization_types, new_value=[object], source=unknown"}
{"logTime": "1004/171121", "level": "INFO", "message": "Preference changed: name=profile.content_settings.exceptions.storage_access_header_origin_trial, new_value=[object], source=unknown"}
{"logTime": "1004/171121", "level": "INFO", "message": "Preference changed: name=profile.content_settings.exceptions.site_engagement, new_value=[object], source=unknown"}
{"logTime": "1004/171121", "level": "INFO", "message": "Preference changed: name=profile.last_engagement_time, new_value=\"13435578681940823\", source=unknown"}
{"logTime": "1004/171122", "level": "INFO", "message": "Preference changed: name=edge_rewards.coachmark_promotions, new_value=[object], source=unknown"}
{"logTime": "1004/171122", "level": "INFO", "message": "Preference changed: name=edge_rewards.hva_promotions, new_value=[object], source=unknown"}
{"logTime": "1004/171131", "level": "INFO", "message": "PrefStore write completed: store=4, success=true"}
{"logTime": "1004/171131", "level": "INFO", "message": "PrefStore write completed: store=4, success=true"}
{"logTime": "1004/171449", "level": "INFO", "message": "Preference changed: name=sessions.session_data_status, new_value=2, source=unknown"}
{"logTime": "1004/171449", "level": "INFO", "message": "Preference changed: name=sessions.session_data_status, new_value=3, source=unknown"}
{"logTime": "1004/171449", "level": "INFO", "message": "Preference changed: name=sessions.event_log, new_value=[object], source=unknown"}
{"logTime": "1004/182747", "level": "INFO", "message": "UserPrefStore loaded: error=NONE (0)"}
{"logTime": "1004/182747", "level": "INFO", "message": "Preference changed: name=gaia_cookie.periodic_report_time_2, new_value=\"13435612067447185\", source=unknown"}
{"logTime": "1004/182747", "level": "INFO", "message": "Preference changed: name=optimization_guide.previously_registered_optimization_types, new_value=[object], source=unknown"}
{"logTime": "1004/182747", "level": "INFO", "message": "Preference changed: name=extensions.chrome_url_overrides, new_value=[object], source=unknown"}
{"logTime": "1004/182747", "level": "INFO", "message": "Preference changed: name=sessions.session_data_status, new_value=1, source=unknown"}
{"logTime": "1004/182747", "level": "INFO", "message": "Preference changed: name=sessions.event_log, new_value=[object], source=unknown"}
{"logTime": "1004/182747", "level": "INFO", "message": "Preference changed: name=optimization_guide.previously_registered_optimization_types, new_value=[object], source=unknown"}
{"logTime": "1004/182747", "level": "INFO", "message": "Preference changed: name=optimization_guide.previously_registered_optimization_types, new_value=[object], source=unknown"}
{"logTime": "1004/182747", "level": "INFO", "message": "Preference changed: name=optimization_guide.previously_registered_optimization_types, new_value=[object], source=unknown"}
{"logTime": "1004/182747", "level": "INFO", "message": "Preference changed: name=optimization_guide.previously_registered_optimization_types, new_value=[object], source=unknown"}
{"logTime": "1004/182747", "level": "INFO", "message": "Preference changed: name=optimization_guide.previously_registered_optimization_types, new_value=[object], source=unknown"}
{"logTime": "1004/182747", "level": "INFO", "message": "Preference changed: name=profile.network_pbs, new_value=[object], source=unknown"}
{"logTime": "1004/182747", "level": "INFO", "message": "Preference changed: name=profile.password_hash_data_list, new_value=[object], source=unknown"}
{"logTime": "1004/182747", "level": "INFO", "message": "Preference changed: name=schedule_to_flush_to_disk, new_value=\"13435612067469285\", source=unknown"}
{"logTime": "1004/182747", "level": "INFO", "message": "Preference changed: name=schedule_to_flush_to_disk, new_value=\"13435612067469997\", source=unknown"}
{"logTime": "1004/182747", "level": "INFO", "message": "Preference changed: name=muid.last_sync, new_value=\"13435612067470122\", source=unknown"}
{"logTime": "1004/182747", "level": "INFO", "message": "Preference changed: name=bookmark.storage_computation_last_update, new_value=\"13435612067470293\", source=unknown"}
{"logTime": "1004/182747", "level": "INFO", "message": "Preference changed: name=edge.services.signin_scoped_device_id, new_value=\"ba520ab8-5e1b-4cd1-a7ec-e23c607f8cb0\", source=unknown"}
{"logTime": "1004/182747", "level": "INFO", "message": "Preference changed: name=account_tracker_service_last_update, new_value=\"13435612067470791\", source=unknown"}
{"logTime": "1004/182747", "level": "INFO", "message": "Preference changed: name=commerce_daily_metrics_last_update_time, new_value=\"13435612067471671\", source=unknown"}
{"logTime": "1004/182747", "level": "INFO", "message": "Preference changed: name=optimization_guide.previously_registered_optimization_types, new_value=[object], source=unknown"}
{"logTime": "1004/182747", "level": "INFO", "message": "Preference changed: name=extensions.chrome_url_overrides, new_value=[object], source=unknown"}
{"logTime": "1004/182747", "level": "INFO", "message": "Preference changed: name=autofill.credit_card_enabled, new_value=false, source=unknown"}
{"logTime": "1004/182747", "level": "INFO", "message": "Preference changed: name=enable_edge_collections, new_value=false, source=unknown"}
{"logTime": "1004/182747", "level": "INFO", "message": "Preference changed: name=resolve_navigation_errors_use_web_service.enabled, new_value=false, source=unknown"}
{"logTime": "1004/182747", "level": "INFO", "message": "Preference changed: name=alternate_error_pages.enabled, new_value=false, source=unknown"}
{"logTime": "1004/182747", "level": "INFO", "message": "Preference changed: name=optimization_guide.previously_registered_optimization_types, new_value=[object], source=unknown"}
{"logTime": "1004/182747", "level": "INFO", "message": "Preference changed: name=in_product_help.session_last_active_time, new_value=\"13435612067516746\", source=unknown"}
{"logTime": "1004/182747", "level": "INFO", "message": "Preference changed: name=optimization_guide.previously_registered_optimization_types, new_value=[object], source=unknown"}
{"logTime": "1004/182747", "level": "INFO", "message": "Preference changed: name=profile.content_settings.exceptions.storage_access_header_origin_trial, new_value=[object], source=unknown"}
{"logTime": "1004/182747", "level": "INFO", "message": "Preference changed: name=edge_rewards.coachmark_promotions, new_value=[object], source=unknown"}
{"logTime": "1004/182747", "level": "INFO", "message": "Preference changed: name=edge_rewards.hva_promotions, new_value=[object], source=unknown"}
{"logTime": "1004/182747", "level": "INFO", "message": "Preference changed: name=profile.content_settings.exceptions.site_engagement, new_value=[object], source=unknown"}
{"logTime": "1004/182747", "level": "INFO", "message": "Preference changed: name=profile.last_engagement_time, new_value=\"13435583267740088\", source=unknown"}
{"logTime": "1004/182748", "level": "INFO", "message": "Preference changed: name=profile.content_settings.exceptions.site_engagement, new_value=[object], source=unknown"}
{"logTime": "1004/182748", "level": "INFO", "message": "Preference changed: name=profile.last_engagement_time, new_value=\"13435612068704890\", source=unknown"}
{"logTime": "1004/182754", "level": "INFO", "message": "Preference changed: name=language_dwell_time_average, new_value=[object], source=unknown"}
{"logTime": "1004/182754", "level": "INFO", "message": "Preference changed: name=language_usage_count, new_value=[object], source=unknown"}
{"logTime": "1004/182754", "level": "INFO", "message": "Preference changed: name=profile.content_settings.exceptions.media_engagement, new_value=[object], source=unknown"}
{"logTime": "1004/182754", "level": "INFO", "message": "Preference changed: name=profile.observed_session_time, new_value=[object], source=unknown"}
{"logTime": "1004/182754", "level": "INFO", "message": "Preference changed: name=sessions.session_data_status, new_value=2, source=unknown"}
{"logTime": "1004/182754", "level": "INFO", "message": "Preference changed: name=sessions.session_data_status, new_value=3, source=unknown"}
{"logTime": "1004/182754", "level": "INFO", "message": "Preference changed: name=sessions.event_log, new_value=[object], source=unknown"}
{"logTime": "1005/063701", "level": "INFO", "message": "UserPrefStore loaded: error=NONE (0)"}
{"logTime": "1005/063701", "level": "INFO", "message": "Preference changed: name=optimization_guide.previously_registered_optimization_types, new_value=[object], source=unknown"}
{"logTime": "1005/063701", "level": "INFO", "message": "Preference changed: name=extensions.chrome_url_overrides, new_value=[object], source=unknown"}
{"logTime": "1005/063701", "level": "INFO", "message": "Preference changed: name=sessions.session_data_status, new_value=1, source=unknown"}
{"logTime": "1005/063701", "level": "INFO", "message": "Preference changed: name=sessions.event_log, new_value=[object], source=unknown"}
{"logTime": "1005/063701", "level": "INFO", "message": "Preference changed: name=optimization_guide.previously_registered_optimization_types, new_value=[object], source=unknown"}
{"logTime": "1005/063701", "level": "INFO", "message": "Preference changed: name=optimization_guide.previously_registered_optimization_types, new_value=[object], source=unknown"}
{"logTime": "1005/063701", "level": "INFO", "message": "Preference changed: name=optimization_guide.previously_registered_optimization_types, new_value=[object], source=unknown"}
{"logTime": "1005/063701", "level": "INFO", "message": "Preference changed: name=optimization_guide.previously_registered_optimization_types, new_value=[object], source=unknown"}
{"logTime": "1005/063701", "level": "INFO", "message": "Preference changed: name=optimization_guide.previously_registered_optimization_types, new_value=[object], source=unknown"}
{"logTime": "1005/063701", "level": "INFO", "message": "Preference changed: name=profile.network_pbs, new_value=[object], source=unknown"}
{"logTime": "1005/063701", "level": "INFO", "message": "Preference changed: name=profile.password_hash_data_list, new_value=[object], source=unknown"}
{"logTime": "1005/063701", "level": "INFO", "message": "Preference changed: name=schedule_to_flush_to_disk, new_value=\"13435655821312476\", source=unknown"}
{"logTime": "1005/063701", "level": "INFO", "message": "Preference changed: name=schedule_to_flush_to_disk, new_value=\"13435655821314128\", source=unknown"}
{"logTime": "1005/063701", "level": "INFO", "message": "Preference changed: name=edge.services.signin_scoped_device_id, new_value=\"098c0434-6f73-4e00-8353-1dc93fd1b635\", source=unknown"}
{"logTime": "1005/063701", "level": "INFO", "message": "Preference changed: name=optimization_guide.previously_registered_optimization_types, new_value=[object], source=unknown"}
{"logTime": "1005/063701", "level": "INFO", "message": "Preference changed: name=extensions.chrome_url_overrides, new_value=[object], source=unknown"}
{"logTime": "1005/063701", "level": "INFO", "message": "Preference changed: name=autofill.credit_card_enabled, new_value=false, source=unknown"}
{"logTime": "1005/063701", "level": "INFO", "message": "Preference changed: name=enable_edge_collections, new_value=false, source=unknown"}
{"logTime": "1005/063701", "level": "INFO", "message": "Preference changed: name=resolve_navigation_errors_use_web_service.enabled, new_value=false, source=unknown"}
{"logTime": "1005/063701", "level": "INFO", "message": "Preference changed: name=alternate_error_pages.enabled, new_value=false, source=unknown"}
{"logTime": "1005/063701", "level": "INFO", "message": "Preference changed: name=optimization_guide.previously_registered_optimization_types, new_value=[object], source=unknown"}
{"logTime": "1005/063701", "level": "INFO", "message": "Preference changed: name=in_product_help.session_start_time, new_value=\"13435655821426971\", source=unknown"}
{"logTime": "1005/063701", "level": "INFO", "message": "Preference changed: name=in_product_help.session_number, new_value=29, source=unknown"}
{"logTime": "1005/063701", "level": "INFO", "message": "Preference changed: name=in_product_help.session_last_active_time, new_value=\"13435655821426971\", source=unknown"}
{"logTime": "1005/063701", "level": "INFO", "message": "Preference changed: name=in_product_help.recent_session_start_times, new_value=[object], source=unknown"}
{"logTime": "1005/063701", "level": "INFO", "message": "Preference changed: name=optimization_guide.previously_registered_optimization_types, new_value=[object], source=unknown"}
{"logTime": "1005/063701", "level": "INFO", "message": "Preference changed: name=profile.content_settings.exceptions.storage_access_header_origin_trial, new_value=[object], source=unknown"}
{"logTime": "1005/063701", "level": "INFO", "message": "Preference changed: name=edge_rewards.coachmark_promotions, new_value=[object], source=unknown"}
{"logTime": "1005/063701", "level": "INFO", "message": "Preference changed: name=edge_rewards.hva_promotions, new_value=[object], source=unknown"}
{"logTime": "1005/063701", "level": "INFO", "message": "Preference changed: name=profile.content_settings.exceptions.site_engagement, new_value=[object], source=unknown"}
{"logTime": "1005/063701", "level": "INFO", "message": "Preference changed: name=profile.last_engagement_time, new_value=\"13435655821961463\", source=unknown"}
{"logTime": "1005/063711", "level": "INFO", "message": "PrefStore write completed: store=4, success=true"}
{"logTime": "1005/063711", "level": "INFO", "message": "PrefStore write completed: store=4, success=true"}
{"logTime": "1005/063716", "level": "INFO", "message": "Preference changed: name=in_product_help.session_last_active_time, new_value=\"13435655815442096\", source=unknown"}
{"logTime": "1005/063730", "level": "INFO", "message": "Preference changed: name=language_dwell_time_average, new_value=[object], source=unknown"}
{"logTime": "1005/063730", "level": "INFO", "message": "Preference changed: name=language_usage_count, new_value=[object], source=unknown"}
{"logTime": "1005/063730", "level": "INFO", "message": "Preference changed: name=profile.content_settings.exceptions.media_engagement, new_value=[object], source=unknown"}
{"logTime": "1005/063730", "level": "INFO", "message": "Preference changed: name=profile.observed_session_time, new_value=[object], source=unknown"}
{"logTime": "1005/063730", "level": "INFO", "message": "Preference changed: name=sessions.session_data_status, new_value=2, source=unknown"}
{"logTime": "1005/063730", "level": "INFO", "message": "Preference changed: name=sessions.session_data_status, new_value=3, source=unknown"}
{"logTime": "1005/063730", "level": "INFO", "message": "Preference changed: name=sessions.event_log, new_value=[object], source=unknown"}
{"logTime": "1005/112238", "level": "INFO", "message": "UserPrefStore loaded: error=NONE (0)"}
{"logTime": "1005/112238", "level": "INFO", "message": "Preference changed: name=optimization_guide.previously_registered_optimization_types, new_value=[object], source=unknown"}
{"logTime": "1005/112238", "level": "INFO", "message": "Preference changed: name=extensions.chrome_url_overrides, new_value=[object], source=unknown"}
{"logTime": "1005/112238", "level": "INFO", "message": "Preference changed: name=sessions.session_data_status, new_value=1, source=unknown"}
{"logTime": "1005/112238", "level": "INFO", "message": "Preference changed: name=sessions.event_log, new_value=[object], source=unknown"}
{"logTime": "1005/112238", "level": "INFO", "message": "Preference changed: name=optimization_guide.previously_registered_optimization_types, new_value=[object], source=unknown"}
{"logTime": "1005/112238", "level": "INFO", "message": "Preference changed: name=optimization_guide.previously_registered_optimization_types, new_value=[object], source=unknown"}
{"logTime": "1005/112238", "level": "INFO", "message": "Preference changed: name=optimization_guide.previously_registered_optimization_types, new_value=[object], source=unknown"}
{"logTime": "1005/112238", "level": "INFO", "message": "Preference changed: name=optimization_guide.previously_registered_optimization_types, new_value=[object], source=unknown"}
{"logTime": "1005/112238", "level": "INFO", "message": "Preference changed: name=optimization_guide.previously_registered_optimization_types, new_value=[object], source=unknown"}
{"logTime": "1005/112238", "level": "INFO", "message": "Preference changed: name=profile.network_pbs, new_value=[object], source=unknown"}
{"logTime": "1005/112238", "level": "INFO", "message": "Preference changed: name=profile.password_hash_data_list, new_value=[object], source=unknown"}
{"logTime": "1005/112238", "level": "INFO", "message": "Preference changed: name=schedule_to_flush_to_disk, new_value=\"13435672958603943\", source=unknown"}
{"logTime": "1005/112238", "level": "INFO", "message": "Preference changed: name=schedule_to_flush_to_disk, new_value=\"13435672958604648\", source=unknown"}
{"logTime": "1005/112238", "level": "INFO", "message": "Preference changed: name=edge.services.signin_scoped_device_id, new_value=\"03ac26aa-c704-4955-9374-cb8836b666b6\", source=unknown"}
{"logTime": "1005/112238", "level": "INFO", "message": "Preference changed: name=optimization_guide.previously_registered_optimization_types, new_value=[object], source=unknown"}
{"logTime": "1005/112238", "level": "INFO", "message": "Preference changed: name=extensions.chrome_url_overrides, new_value=[object], source=unknown"}
{"logTime": "1005/112238", "level": "INFO", "message": "Preference changed: name=autofill.credit_card_enabled, new_value=false, source=unknown"}
{"logTime": "1005/112238", "level": "INFO", "message": "Preference changed: name=enable_edge_collections, new_value=false, source=unknown"}
{"logTime": "1005/112238", "level": "INFO", "message": "Preference changed: name=resolve_navigation_errors_use_web_service.enabled, new_value=false, source=unknown"}
{"logTime": "1005/112238", "level": "INFO", "message": "Preference changed: name=alternate_error_pages.enabled, new_value=false, source=unknown"}
{"logTime": "1005/112238", "level": "INFO", "message": "Preference changed: name=optimization_guide.previously_registered_optimization_types, new_value=[object], source=unknown"}
{"logTime": "1005/112238", "level": "INFO", "message": "Preference changed: name=in_product_help.session_start_time, new_value=\"13435672958651022\", source=unknown"}
{"logTime": "1005/112238", "level": "INFO", "message": "Preference changed: name=in_product_help.session_number, new_value=30, source=unknown"}
{"logTime": "1005/112238", "level": "INFO", "message": "Preference changed: name=in_product_help.session_last_active_time, new_value=\"13435672958651022\", source=unknown"}
{"logTime": "1005/112238", "level": "INFO", "message": "Preference changed: name=in_product_help.recent_session_start_times, new_value=[object], source=unknown"}
{"logTime": "1005/112238", "level": "INFO", "message": "Preference changed: name=optimization_guide.previously_registered_optimization_types, new_value=[object], source=unknown"}
{"logTime": "1005/112238", "level": "INFO", "message": "Preference changed: name=profile.content_settings.exceptions.storage_access_header_origin_trial, new_value=[object], source=unknown"}
{"logTime": "1005/112238", "level": "INFO", "message": "Preference changed: name=edge_rewards.coachmark_promotions, new_value=[object], source=unknown"}
{"logTime": "1005/112238", "level": "INFO", "message": "Preference changed: name=edge_rewards.hva_promotions, new_value=[object], source=unknown"}
{"logTime": "1005/112238", "level": "INFO", "message": "Preference changed: name=profile.content_settings.exceptions.site_engagement, new_value=[object], source=unknown"}
{"logTime": "1005/112238", "level": "INFO", "message": "Preference changed: name=profile.last_engagement_time, new_value=\"13435672958892927\", source=unknown"}
{"logTime": "1005/112248", "level": "INFO", "message": "PrefStore write completed: store=4, success=true"}
{"logTime": "1005/112248", "level": "INFO", "message": "PrefStore write completed: store=4, success=true"}
{"logTime": "1005/112308", "level": "INFO", "message": "Preference changed: name=profile.last_time_password_store_metrics_reported, new_value=1791199388.595687, source=unknown"}
{"logTime": "1005/112308", "level": "INFO", "message": "Preference changed: name=edge_wallet.passwords.password_lost_report_date, new_value=\"13435672988595898\", source=unknown"}
{"logTime": "1005/112318", "level": "INFO", "message": "PrefStore write completed: store=4, success=true"}
{"logTime": "1005/112336", "level": "INFO", "message": "Preference changed: name=language_dwell_time_average, new_value=[object], source=unknown"}
{"logTime": "1005/112336", "level": "INFO", "message": "Preference changed: name=language_usage_count, new_value=[object], source=unknown"}
{"logTime": "1005/112336", "level": "INFO", "message": "Preference changed: name=profile.content_settings.exceptions.media_engagement, new_value=[object], source=unknown"}
{"logTime": "1005/112336", "level": "INFO", "message": "Preference changed: name=sessions.session_data_status, new_value=2, source=unknown"}
{"logTime": "1005/112336", "level": "INFO", "message": "Preference changed: name=sessions.session_data_status, new_value=3, source=unknown"}
{"logTime": "1005/112336", "level": "INFO", "message": "Preference changed: name=sessions.event_log, new_value=[object], source=unknown"}
{"logTime": "1006/021745", "level": "INFO", "message": "UserPrefStore loaded: error=NONE (0)"}
{"logTime": "1006/021745", "level": "INFO", "message": "Preference changed: name=gaia_cookie.periodic_report_time_2, new_value=\"13435726665507573\", source=unknown"}
{"logTime": "1006/021745", "level": "INFO", "message": "Preference changed: name=optimization_guide.previously_registered_optimization_types, new_value=[object], source=unknown"}
{"logTime": "1006/021745", "level": "INFO", "message": "Preference changed: name=extensions.chrome_url_overrides, new_value=[object], source=unknown"}
{"logTime": "1006/021745", "level": "INFO", "message": "Preference changed: name=sessions.session_data_status, new_value=1, source=unknown"}
{"logTime": "1006/021745", "level": "INFO", "message": "Preference changed: name=sessions.event_log, new_value=[object], source=unknown"}
{"logTime": "1006/021745", "level": "INFO", "message": "Preference changed: name=optimization_guide.previously_registered_optimization_types, new_value=[object], source=unknown"}
{"logTime": "1006/021745", "level": "INFO", "message": "Preference changed: name=optimization_guide.previously_registered_optimization_types, new_value=[object], source=unknown"}
{"logTime": "1006/021745", "level": "INFO", "message": "Preference changed: name=optimization_guide.previously_registered_optimization_types, new_value=[object], source=unknown"}
{"logTime": "1006/021745", "level": "INFO", "message": "Preference changed: name=optimization_guide.previously_registered_optimization_types, new_value=[object], source=unknown"}
{"logTime": "1006/021745", "level": "INFO", "message": "Preference changed: name=optimization_guide.previously_registered_optimization_types, new_value=[object], source=unknown"}
{"logTime": "1006/021745", "level": "INFO", "message": "Preference changed: name=profile.network_pbs, new_value=[object], source=unknown"}
{"logTime": "1006/021745", "level": "INFO", "message": "Preference changed: name=profile.password_hash_data_list, new_value=[object], source=unknown"}
{"logTime": "1006/021745", "level": "INFO", "message": "Preference changed: name=schedule_to_flush_to_disk, new_value=\"13435726665530194\", source=unknown"}
{"logTime": "1006/021745", "level": "INFO", "message": "Preference changed: name=schedule_to_flush_to_disk, new_value=\"13435726665531264\", source=unknown"}
{"logTime": "1006/021745", "level": "INFO", "message": "Preference changed: name=muid.last_sync, new_value=\"13435726665531474\", source=unknown"}
{"logTime": "1006/021745", "level": "INFO", "message": "Preference changed: name=bookmark.storage_computation_last_update, new_value=\"13435726665531907\", source=unknown"}
{"logTime": "1006/021745", "level": "INFO", "message": "Preference changed: name=edge.services.signin_scoped_device_id, new_value=\"bbb327e9-e855-4ad1-a32e-0e4508550bb7\", source=unknown"}
{"logTime": "1006/021745", "level": "INFO", "message": "Preference changed: name=account_tracker_service_last_update, new_value=\"13435726665532218\", source=unknown"}
{"logTime": "1006/021745", "level": "INFO", "message": "Preference changed: name=commerce_daily_metrics_last_update_time, new_value=\"13435726665532667\", source=unknown"}
{"logTime": "1006/021745", "level": "INFO", "message": "Preference changed: name=optimization_guide.previously_registered_optimization_types, new_value=[object], source=unknown"}
{"logTime": "1006/021745", "level": "INFO", "message": "Preference changed: name=extensions.chrome_url_overrides, new_value=[object], source=unknown"}
{"logTime": "1006/021745", "level": "INFO", "message": "Preference changed: name=autofill.credit_card_enabled, new_value=false, source=unknown"}
{"logTime": "1006/021745", "level": "INFO", "message": "Preference changed: name=enable_edge_collections, new_value=false, source=unknown"}
{"logTime": "1006/021745", "level": "INFO", "message": "Preference changed: name=resolve_navigation_errors_use_web_service.enabled, new_value=false, source=unknown"}
{"logTime": "1006/021745", "level": "INFO", "message": "Preference changed: name=alternate_error_pages.enabled, new_value=false, source=unknown"}
{"logTime": "1006/021745", "level": "INFO", "message": "Preference changed: name=optimization_guide.previously_registered_optimization_types, new_value=[object], source=unknown"}
{"logTime": "1006/021745", "level": "INFO", "message": "Preference changed: name=in_product_help.session_start_time, new_value=\"13435726665579929\", source=unknown"}
{"logTime": "1006/021745", "level": "INFO", "message": "Preference changed: name=in_product_help.session_number, new_value=31, source=unknown"}
{"logTime": "1006/021745", "level": "INFO", "message": "Preference changed: name=in_product_help.session_last_active_time, new_value=\"13435726665579929\", source=unknown"}
{"logTime": "1006/021745", "level": "INFO", "message": "Preference changed: name=in_product_help.recent_session_start_times, new_value=[object], source=unknown"}
{"logTime": "1006/021745", "level": "INFO", "message": "Preference changed: name=optimization_guide.previously_registered_optimization_types, new_value=[object], source=unknown"}
{"logTime": "1006/021745", "level": "INFO", "message": "Preference changed: name=profile.content_settings.exceptions.storage_access_header_origin_trial, new_value=[object], source=unknown"}
{"logTime": "1006/021745", "level": "INFO", "message": "Preference changed: name=profile.content_settings.exceptions.site_engagement, new_value=[object], source=unknown"}
{"logTime": "1006/021745", "level": "INFO", "message": "Preference changed: name=profile.last_engagement_time, new_value=\"13435697865626870\", source=unknown"}
{"logTime": "1006/021745", "level": "INFO", "message": "Preference changed: name=edge_rewards.refresh_status_muted_until, new_value=\"13436331465730738\", source=unknown"}
{"logTime": "1006/021746", "level": "INFO", "message": "Preference changed: name=profile.content_settings.exceptions.site_engagement, new_value=[object], source=unknown"}
{"logTime": "1006/021746", "level": "INFO", "message": "Preference changed: name=profile.last_engagement_time, new_value=\"13435726666669870\", source=unknown"}
{"logTime": "1006/021749", "level": "INFO", "message": "Preference changed: name=profile.content_settings.exceptions.media_engagement, new_value=[object], source=unknown"}
{"logTime": "1006/021749", "level": "INFO", "message": "Preference changed: name=sessions.session_data_status, new_value=2, source=unknown"}
{"logTime": "1006/021749", "level": "INFO", "message": "Preference changed: name=sessions.session_data_status, new_value=3, source=unknown"}
{"logTime": "1006/021749", "level": "INFO", "message": "Preference changed: name=sessions.event_log, new_value=[object], source=unknown"}
{"logTime": "1006/030045", "level": "INFO", "message": "UserPrefStore loaded: error=NONE (0)"}
{"logTime": "1006/030045", "level": "INFO", "message": "Preference changed: name=optimization_guide.previously_registered_optimization_types, new_value=[object], source=unknown"}
{"logTime": "1006/030045", "level": "INFO", "message": "Preference changed: name=extensions.chrome_url_overrides, new_value=[object], source=unknown"}
{"logTime": "1006/030045", "level": "INFO", "message": "Preference changed: name=sessions.session_data_status, new_value=1, source=unknown"}
{"logTime": "1006/030045", "level": "INFO", "message": "Preference changed: name=sessions.event_log, new_value=[object], source=unknown"}
{"logTime": "1006/030045", "level": "INFO", "message": "Preference changed: name=optimization_guide.previously_registered_optimization_types, new_value=[object], source=unknown"}
{"logTime": "1006/030045", "level": "INFO", "message": "Preference changed: name=optimization_guide.previously_registered_optimization_types, new_value=[object], source=unknown"}
{"logTime": "1006/030045", "level": "INFO", "message": "Preference changed: name=optimization_guide.previously_registered_optimization_types, new_value=[object], source=unknown"}
{"logTime": "1006/030045", "level": "INFO", "message": "Preference changed: name=optimization_guide.previously_registered_optimization_types, new_value=[object], source=unknown"}
{"logTime": "1006/030045", "level": "INFO", "message": "Preference changed: name=optimization_guide.previously_registered_optimization_types, new_value=[object], source=unknown"}
{"logTime": "1006/030045", "level": "INFO", "message": "Preference changed: name=profile.network_pbs, new_value=[object], source=unknown"}
{"logTime": "1006/030045", "level": "INFO", "message": "Preference changed: name=profile.password_hash_data_list, new_value=[object], source=unknown"}
{"logTime": "1006/030045", "level": "INFO", "message": "Preference changed: name=schedule_to_flush_to_disk, new_value=\"13435729245716173\", source=unknown"}
{"logTime": "1006/030045", "level": "INFO", "message": "Preference changed: name=schedule_to_flush_to_disk, new_value=\"13435729245716868\", source=unknown"}
{"logTime": "1006/030045", "level": "INFO", "message": "Preference changed: name=edge.services.signin_scoped_device_id, new_value=\"9480c5fd-b95e-43ad-bf97-7dad466e6d02\", source=unknown"}
{"logTime": "1006/030045", "level": "INFO", "message": "Preference changed: name=optimization_guide.previously_registered_optimization_types, new_value=[object], source=unknown"}
{"logTime": "1006/030045", "level": "INFO", "message": "Preference changed: name=extensions.chrome_url_overrides, new_value=[object], source=unknown"}
{"logTime": "1006/030045", "level": "INFO", "message": "Preference changed: name=autofill.credit_card_enabled, new_value=false, source=unknown"}
{"logTime": "1006/030045", "level": "INFO", "message": "Preference changed: name=enable_edge_collections, new_value=false, source=unknown"}
{"logTime": "1006/030045", "level": "INFO", "message": "Preference changed: name=resolve_navigation_errors_use_web_service.enabled, new_value=false, source=unknown"}
{"logTime": "1006/030045", "level": "INFO", "message": "Preference changed: name=alternate_error_pages.enabled, new_value=false, source=unknown"}
{"logTime": "1006/030045", "level": "INFO", "message": "Preference changed: name=optimization_guide.previously_registered_optimization_types, new_value=[object], source=unknown"}
{"logTime": "1006/030045", "level": "INFO", "message": "Preference changed: name=in_product_help.session_last_active_time, new_value=\"13435729245762956\", source=unknown"}
{"logTime": "1006/030045", "level": "INFO", "message": "Preference changed: name=optimization_guide.previously_registered_optimization_types, new_value=[object], source=unknown"}
{"logTime": "1006/030045", "level": "INFO", "message": "Preference changed: name=profile.content_settings.exceptions.storage_access_header_origin_trial, new_value=[object], source=unknown"}
{"logTime": "1006/030045", "level": "INFO", "message": "Preference changed: name=sessions.session_data_status, new_value=2, source=unknown"}
{"logTime": "1006/030045", "level": "INFO", "message": "Preference changed: name=sessions.session_data_status, new_value=3, source=unknown"}
{"logTime": "1006/030045", "level": "INFO", "message": "Preference changed: name=sessions.session_data_status, new_value=1, source=unknown"}
{"logTime": "1006/030045", "level": "INFO", "message": "Preference changed: name=sessions.event_log, new_value=[object], source=unknown"}
{"logTime": "1006/030045", "level": "INFO", "message": "Preference changed: name=edge_rewards.coachmark_promotions, new_value=[object], source=unknown"}
{"logTime": "1006/030045", "level": "INFO", "message": "Preference changed: name=edge_rewards.hva_promotions, new_value=[object], source=unknown"}
{"logTime": "1006/030055", "level": "INFO", "message": "PrefStore write completed: store=4, success=true"}
{"logTime": "1006/030055", "level": "INFO", "message": "PrefStore write completed: store=4, success=true"}
{"logTime": "1006/030055", "level": "INFO", "message": "Preference changed: name=edge.bookmarks.last_dup_info_record_time, new_value=\"13435729255729935\", source=unknown"}
{"logTime": "1006/030105", "level": "INFO", "message": "PrefStore write completed: store=4, success=true"}
{"logTime": "1006/030255", "level": "INFO", "message": "Preference changed: name=sessions.session_data_status, new_value=2, source=unknown"}
{"logTime": "1006/030255", "level": "INFO", "message": "Preference changed: name=sessions.session_data_status, new_value=3, source=unknown"}
{"logTime": "1006/030259", "level": "INFO", "message": "UserPrefStore loaded: error=NONE (0)"}
{"logTime": "1006/030259", "level": "INFO", "message": "Preference changed: name=optimization_guide.previously_registered_optimization_types, new_value=[object], source=unknown"}
{"logTime": "1006/030259", "level": "INFO", "message": "Preference changed: name=extensions.chrome_url_overrides, new_value=[object], source=unknown"}
{"logTime": "1006/030259", "level": "INFO", "message": "Preference changed: name=sessions.session_data_status, new_value=1, source=unknown"}
{"logTime": "1006/030259", "level": "INFO", "message": "Preference changed: name=sessions.event_log, new_value=[object], source=unknown"}
{"logTime": "1006/030259", "level": "INFO", "message": "Preference changed: name=optimization_guide.previously_registered_optimization_types, new_value=[object], source=unknown"}
{"logTime": "1006/030259", "level": "INFO", "message": "Preference changed: name=optimization_guide.previously_registered_optimization_types, new_value=[object], source=unknown"}
{"logTime": "1006/030259", "level": "INFO", "message": "Preference changed: name=optimization_guide.previously_registered_optimization_types, new_value=[object], source=unknown"}
{"logTime": "1006/030259", "level": "INFO", "message": "Preference changed: name=optimization_guide.previously_registered_optimization_types, new_value=[object], source=unknown"}
{"logTime": "1006/030259", "level": "INFO", "message": "Preference changed: name=optimization_guide.previously_registered_optimization_types, new_value=[object], source=unknown"}
{"logTime": "1006/030259", "level": "INFO", "message": "Preference changed: name=profile.network_pbs, new_value=[object], source=unknown"}
{"logTime": "1006/030259", "level": "INFO", "message": "Preference changed: name=profile.password_hash_data_list, new_value=[object], source=unknown"}
{"logTime": "1006/030259", "level": "INFO", "message": "Preference changed: name=schedule_to_flush_to_disk, new_value=\"13435729379743944\", source=unknown"}
{"logTime": "1006/030259", "level": "INFO", "message": "Preference changed: name=schedule_to_flush_to_disk, new_value=\"13435729379744688\", source=unknown"}
{"logTime": "1006/030259", "level": "INFO", "message": "Preference changed: name=edge.services.signin_scoped_device_id, new_value=\"585c4986-3a5b-4791-807a-ef717526b89a\", source=unknown"}
{"logTime": "1006/030259", "level": "INFO", "message": "Preference changed: name=optimization_guide.previously_registered_optimization_types, new_value=[object], source=unknown"}
{"logTime": "1006/030259", "level": "INFO", "message": "Preference changed: name=extensions.chrome_url_overrides, new_value=[object], source=unknown"}
{"logTime": "1006/030259", "level": "INFO", "message": "Preference changed: name=autofill.credit_card_enabled, new_value=false, source=unknown"}
{"logTime": "1006/030259", "level": "INFO", "message": "Preference changed: name=enable_edge_collections, new_value=false, source=unknown"}
{"logTime": "1006/030259", "level": "INFO", "message": "Preference changed: name=resolve_navigation_errors_use_web_service.enabled, new_value=false, source=unknown"}
{"logTime": "1006/030259", "level": "INFO", "message": "Preference changed: name=alternate_error_pages.enabled, new_value=false, source=unknown"}
{"logTime": "1006/030259", "level": "INFO", "message": "Preference changed: name=optimization_guide.previously_registered_optimization_types, new_value=[object], source=unknown"}
{"logTime": "1006/030259", "level": "INFO", "message": "Preference changed: name=in_product_help.session_last_active_time, new_value=\"13435729379794562\", source=unknown"}
{"logTime": "1006/030259", "level": "INFO", "message": "Preference changed: name=optimization_guide.previously_registered_optimization_types, new_value=[object], source=unknown"}
{"logTime": "1006/030259", "level": "INFO", "message": "Preference changed: name=profile.content_settings.exceptions.storage_access_header_origin_trial, new_value=[object], source=unknown"}
{"logTime": "1006/030259", "level": "INFO", "message": "Preference changed: name=edge_rewards.coachmark_promotions, new_value=[object], source=unknown"}
{"logTime": "1006/030259", "level": "INFO", "message": "Preference changed: name=edge_rewards.hva_promotions, new_value=[object], source=unknown"}
{"logTime": "1006/030309", "level": "INFO", "message": "Preference changed: name=sessions.session_data_status, new_value=2, source=unknown"}
{"logTime": "1006/030309", "level": "INFO", "message": "Preference changed: name=sessions.session_data_status, new_value=3, source=unknown"}
{"logTime": "1006/030309", "level": "INFO", "message": "Preference changed: name=sessions.event_log, new_value=[object], source=unknown"}
{"logTime": "1006/030431", "level": "INFO", "message": "UserPrefStore loaded: error=NONE (0)"}
{"logTime": "1006/030431", "level": "INFO", "message": "Preference changed: name=optimization_guide.previously_registered_optimization_types, new_value=[object], source=unknown"}
{"logTime": "1006/030431", "level": "INFO", "message": "Preference changed: name=extensions.chrome_url_overrides, new_value=[object], source=unknown"}
{"logTime": "1006/030431", "level": "INFO", "message": "Preference changed: name=sessions.session_data_status, new_value=1, source=unknown"}
{"logTime": "1006/030431", "level": "INFO", "message": "Preference changed: name=sessions.event_log, new_value=[object], source=unknown"}
{"logTime": "1006/030431", "level": "INFO", "message": "Preference changed: name=optimization_guide.previously_registered_optimization_types, new_value=[object], source=unknown"}
{"logTime": "1006/030431", "level": "INFO", "message": "Preference changed: name=optimization_guide.previously_registered_optimization_types, new_value=[object], source=unknown"}
{"logTime": "1006/030431", "level": "INFO", "message": "Preference changed: name=optimization_guide.previously_registered_optimization_types, new_value=[object], source=unknown"}
{"logTime": "1006/030431", "level": "INFO", "message": "Preference changed: name=optimization_guide.previously_registered_optimization_types, new_value=[object], source=unknown"}
{"logTime": "1006/030431", "level": "INFO", "message": "Preference changed: name=optimization_guide.previously_registered_optimization_types, new_value=[object], source=unknown"}
{"logTime": "1006/030431", "level": "INFO", "message": "Preference changed: name=profile.network_pbs, new_value=[object], source=unknown"}
{"logTime": "1006/030431", "level": "INFO", "message": "Preference changed: name=profile.password_hash_data_list, new_value=[object], source=unknown"}
{"logTime": "1006/030431", "level": "INFO", "message": "Preference changed: name=schedule_to_flush_to_disk, new_value=\"13435729471647515\", source=unknown"}
{"logTime": "1006/030431", "level": "INFO", "message": "Preference changed: name=schedule_to_flush_to_disk, new_value=\"13435729471648241\", source=unknown"}
{"logTime": "1006/030431", "level": "INFO", "message": "Preference changed: name=edge.services.signin_scoped_device_id, new_value=\"bfaedac2-32e1-4776-8012-c83241c142e8\", source=unknown"}
{"logTime": "1006/030431", "level": "INFO", "message": "Preference changed: name=optimization_guide.previously_registered_optimization_types, new_value=[object], source=unknown"}
{"logTime": "1006/030431", "level": "INFO", "message": "Preference changed: name=extensions.chrome_url_overrides, new_value=[object], source=unknown"}
{"logTime": "1006/030431", "level": "INFO", "message": "Preference changed: name=autofill.credit_card_enabled, new_value=false, source=unknown"}
{"logTime": "1006/030431", "level": "INFO", "message": "Preference changed: name=enable_edge_collections, new_value=false, source=unknown"}
{"logTime": "1006/030431", "level": "INFO", "message": "Preference changed: name=resolve_navigation_errors_use_web_service.enabled, new_value=false, source=unknown"}
{"logTime": "1006/030431", "level": "INFO", "message": "Preference changed: name=alternate_error_pages.enabled, new_value=false, source=unknown"}
{"logTime": "1006/030431", "level": "INFO", "message": "Preference changed: name=optimization_guide.previously_registered_optimization_types, new_value=[object], source=unknown"}
{"logTime": "1006/030431", "level": "INFO", "message": "Preference changed: name=in_product_help.session_last_active_time, new_value=\"13435729471693185\", source=unknown"}
{"logTime": "1006/030431", "level": "INFO", "message": "Preference changed: name=optimization_guide.previously_registered_optimization_types, new_value=[object], source=unknown"}
{"logTime": "1006/030431", "level": "INFO", "message": "Preference changed: name=profile.content_settings.exceptions.storage_access_header_origin_trial, new_value=[object], source=unknown"}
{"logTime": "1006/030431", "level": "INFO", "message": "Preference changed: name=edge_rewards.coachmark_promotions, new_value=[object], source=unknown"}
{"logTime": "1006/030431", "level": "INFO", "message": "Preference changed: name=edge_rewards.hva_promotions, new_value=[object], source=unknown"}
{"logTime": "1006/030436", "level": "INFO", "message": "Preference changed: name=sessions.session_data_status, new_value=2, source=unknown"}
{"logTime": "1006/030436", "level": "INFO", "message": "Preference changed: name=sessions.session_data_status, new_value=3, source=unknown"}
{"logTime": "1006/030436", "level": "INFO", "message": "Preference changed: name=sessions.event_log, new_value=[object], source=unknown"}
{"logTime": "1006/030520", "level": "INFO", "message": "UserPrefStore loaded: error=NONE (0)"}
{"logTime": "1006/030520", "level": "INFO", "message": "Preference changed: name=optimization_guide.previously_registered_optimization_types, new_value=[object], source=unknown"}
{"logTime": "1006/030520", "level": "INFO", "message": "Preference changed: name=extensions.chrome_url_overrides, new_value=[object], source=unknown"}
{"logTime": "1006/030520", "level": "INFO", "message": "Preference changed: name=sessions.session_data_status, new_value=1, source=unknown"}
{"logTime": "1006/030520", "level": "INFO", "message": "Preference changed: name=sessions.event_log, new_value=[object], source=unknown"}
{"logTime": "1006/030520", "level": "INFO", "message": "Preference changed: name=optimization_guide.previously_registered_optimization_types, new_value=[object], source=unknown"}
{"logTime": "1006/030520", "level": "INFO", "message": "Preference changed: name=optimization_guide.previously_registered_optimization_types, new_value=[object], source=unknown"}
{"logTime": "1006/030520", "level": "INFO", "message": "Preference changed: name=optimization_guide.previously_registered_optimization_types, new_value=[object], source=unknown"}
{"logTime": "1006/030520", "level": "INFO", "message": "Preference changed: name=optimization_guide.previously_registered_optimization_types, new_value=[object], source=unknown"}
{"logTime": "1006/030520", "level": "INFO", "message": "Preference changed: name=optimization_guide.previously_registered_optimization_types, new_value=[object], source=unknown"}
{"logTime": "1006/030520", "level": "INFO", "message": "Preference changed: name=profile.network_pbs, new_value=[object], source=unknown"}
{"logTime": "1006/030520", "level": "INFO", "message": "Preference changed: name=profile.password_hash_data_list, new_value=[object], source=unknown"}
{"logTime": "1006/030520", "level": "INFO", "message": "Preference changed: name=schedule_to_flush_to_disk, new_value=\"13435729520768942\", source=unknown"}
{"logTime": "1006/030520", "level": "INFO", "message": "Preference changed: name=schedule_to_flush_to_disk, new_value=\"13435729520769578\", source=unknown"}
{"logTime": "1006/030520", "level": "INFO", "message": "Preference changed: name=edge.services.signin_scoped_device_id, new_value=\"e22afda1-d149-4180-a260-2c4162bcf18e\", source=unknown"}
{"logTime": "1006/030520", "level": "INFO", "message": "Preference changed: name=optimization_guide.previously_registered_optimization_types, new_value=[object], source=unknown"}
{"logTime": "1006/030520", "level": "INFO", "message": "Preference changed: name=extensions.chrome_url_overrides, new_value=[object], source=unknown"}
{"logTime": "1006/030520", "level": "INFO", "message": "Preference changed: name=autofill.credit_card_enabled, new_value=false, source=unknown"}
{"logTime": "1006/030520", "level": "INFO", "message": "Preference changed: name=enable_edge_collections, new_value=false, source=unknown"}
{"logTime": "1006/030520", "level": "INFO", "message": "Preference changed: name=resolve_navigation_errors_use_web_service.enabled, new_value=false, source=unknown"}
{"logTime": "1006/030520", "level": "INFO", "message": "Preference changed: name=alternate_error_pages.enabled, new_value=false, source=unknown"}
{"logTime": "1006/030520", "level": "INFO", "message": "Preference changed: name=optimization_guide.previously_registered_optimization_types, new_value=[object], source=unknown"}
{"logTime": "1006/030520", "level": "INFO", "message": "Preference changed: name=in_product_help.session_last_active_time, new_value=\"13435729520815232\", source=unknown"}
{"logTime": "1006/030520", "level": "INFO", "message": "Preference changed: name=optimization_guide.previously_registered_optimization_types, new_value=[object], source=unknown"}
{"logTime": "1006/030520", "level": "INFO", "message": "Preference changed: name=profile.content_settings.exceptions.storage_access_header_origin_trial, new_value=[object], source=unknown"}
{"logTime": "1006/030520", "level": "INFO", "message": "Preference changed: name=edge_rewards.coachmark_promotions, new_value=[object], source=unknown"}
{"logTime": "1006/030520", "level": "INFO", "message": "Preference changed: name=edge_rewards.hva_promotions, new_value=[object], source=unknown"}
{"logTime": "1006/030530", "level": "INFO", "message": "PrefStore write completed: store=4, success=true"}
{"logTime": "1006/030530", "level": "INFO", "message": "PrefStore write completed: store=4, success=true"}
{"logTime": "1006/030531", "level": "INFO", "message": "Preference changed: name=sessions.session_data_status, new_value=2, source=unknown"}
{"logTime": "1006/030531", "level": "INFO", "message": "Preference changed: name=sessions.session_data_status, new_value=3, source=unknown"}
{"logTime": "1006/030531", "level": "INFO", "message": "Preference changed: name=sessions.event_log, new_value=[object], source=unknown"}
{"logTime": "1006/030537", "level": "INFO", "message": "UserPrefStore loaded: error=NONE (0)"}
{"logTime": "1006/030537", "level": "INFO", "message": "Preference changed: name=optimization_guide.previously_registered_optimization_types, new_value=[object], source=unknown"}
{"logTime": "1006/030537", "level": "INFO", "message": "Preference changed: name=extensions.chrome_url_overrides, new_value=[object], source=unknown"}
{"logTime": "1006/030537", "level": "INFO", "message": "Preference changed: name=sessions.session_data_status, new_value=1, source=unknown"}
{"logTime": "1006/030537", "level": "INFO", "message": "Preference changed: name=sessions.event_log, new_value=[object], source=unknown"}
{"logTime": "1006/030537", "level": "INFO", "message": "Preference changed: name=optimization_guide.previously_registered_optimization_types, new_value=[object], source=unknown"}
{"logTime": "1006/030537", "level": "INFO", "message": "Preference changed: name=optimization_guide.previously_registered_optimization_types, new_value=[object], source=unknown"}
{"logTime": "1006/030537", "level": "INFO", "message": "Preference changed: name=optimization_guide.previously_registered_optimization_types, new_value=[object], source=unknown"}
{"logTime": "1006/030537", "level": "INFO", "message": "Preference changed: name=optimization_guide.previously_registered_optimization_types, new_value=[object], source=unknown"}
{"logTime": "1006/030537", "level": "INFO", "message": "Preference changed: name=optimization_guide.previously_registered_optimization_types, new_value=[object], source=unknown"}
{"logTime": "1006/030537", "level": "INFO", "message": "Preference changed: name=profile.network_pbs, new_value=[object], source=unknown"}
{"logTime": "1006/030537", "level": "INFO", "message": "Preference changed: name=profile.password_hash_data_list, new_value=[object], source=unknown"}
{"logTime": "1006/030537", "level": "INFO", "message": "Preference changed: name=schedule_to_flush_to_disk, new_value=\"13435729537585823\", source=unknown"}
{"logTime": "1006/030537", "level": "INFO", "message": "Preference changed: name=schedule_to_flush_to_disk, new_value=\"13435729537586532\", source=unknown"}
{"logTime": "1006/030537", "level": "INFO", "message": "Preference changed: name=edge.services.signin_scoped_device_id, new_value=\"2f7bb3be-c725-437b-aefd-cd56f9b5704d\", source=unknown"}
{"logTime": "1006/030537", "level": "INFO", "message": "Preference changed: name=optimization_guide.previously_registered_optimization_types, new_value=[object], source=unknown"}
{"logTime": "1006/030537", "level": "INFO", "message": "Preference changed: name=extensions.chrome_url_overrides, new_value=[object], source=unknown"}
{"logTime": "1006/030537", "level": "INFO", "message": "Preference changed: name=autofill.credit_card_enabled, new_value=false, source=unknown"}
{"logTime": "1006/030537", "level": "INFO", "message": "Preference changed: name=enable_edge_collections, new_value=false, source=unknown"}
{"logTime": "1006/030537", "level": "INFO", "message": "Preference changed: name=resolve_navigation_errors_use_web_service.enabled, new_value=false, source=unknown"}
{"logTime": "1006/030537", "level": "INFO", "message": "Preference changed: name=alternate_error_pages.enabled, new_value=false, source=unknown"}
{"logTime": "1006/030537", "level": "INFO", "message": "Preference changed: name=optimization_guide.previously_registered_optimization_types, new_value=[object], source=unknown"}
{"logTime": "1006/030537", "level": "INFO", "message": "Preference changed: name=in_product_help.session_last_active_time, new_value=\"13435729537631402\", source=unknown"}
{"logTime": "1006/030537", "level": "INFO", "message": "Preference changed: name=optimization_guide.previously_registered_optimization_types, new_value=[object], source=unknown"}
{"logTime": "1006/030537", "level": "INFO", "message": "Preference changed: name=profile.content_settings.exceptions.storage_access_header_origin_trial, new_value=[object], source=unknown"}
{"logTime": "1006/030537", "level": "INFO", "message": "Preference changed: name=edge_rewards.coachmark_promotions, new_value=[object], source=unknown"}
{"logTime": "1006/030537", "level": "INFO", "message": "Preference changed: name=edge_rewards.hva_promotions, new_value=[object], source=unknown"}
{"logTime": "1006/030547", "level": "INFO", "message": "PrefStore write completed: store=4, success=true"}
{"logTime": "1006/030547", "level": "INFO", "message": "PrefStore write completed: store=4, success=true"}
{"logTime": "1006/030612", "level": "INFO", "message": "Preference changed: name=sessions.session_data_status, new_value=2, source=unknown"}
{"logTime": "1006/030612", "level": "INFO", "message": "Preference changed: name=sessions.session_data_status, new_value=3, source=unknown"}
{"logTime": "1006/030612", "level": "INFO", "message": "Preference changed: name=sessions.event_log, new_value=[object], source=unknown"}
{"logTime": "1006/031010", "level": "INFO", "message": "UserPrefStore loaded: error=NONE (0)"}
{"logTime": "1006/031010", "level": "INFO", "message": "Preference changed: name=optimization_guide.previously_registered_optimization_types, new_value=[object], source=unknown"}
{"logTime": "1006/031010", "level": "INFO", "message": "Preference changed: name=extensions.chrome_url_overrides, new_value=[object], source=unknown"}
{"logTime": "1006/031010", "level": "INFO", "message": "Preference changed: name=sessions.session_data_status, new_value=1, source=unknown"}
{"logTime": "1006/031010", "level": "INFO", "message": "Preference changed: name=sessions.event_log, new_value=[object], source=unknown"}
{"logTime": "1006/031010", "level": "INFO", "message": "Preference changed: name=optimization_guide.previously_registered_optimization_types, new_value=[object], source=unknown"}
{"logTime": "1006/031010", "level": "INFO", "message": "Preference changed: name=optimization_guide.previously_registered_optimization_types, new_value=[object], source=unknown"}
{"logTime": "1006/031010", "level": "INFO", "message": "Preference changed: name=optimization_guide.previously_registered_optimization_types, new_value=[object], source=unknown"}
{"logTime": "1006/031010", "level": "INFO", "message": "Preference changed: name=optimization_guide.previously_registered_optimization_types, new_value=[object], source=unknown"}
{"logTime": "1006/031010", "level": "INFO", "message": "Preference changed: name=optimization_guide.previously_registered_optimization_types, new_value=[object], source=unknown"}
{"logTime": "1006/031010", "level": "INFO", "message": "Preference changed: name=profile.network_pbs, new_value=[object], source=unknown"}
{"logTime": "1006/031010", "level": "INFO", "message": "Preference changed: name=profile.password_hash_data_list, new_value=[object], source=unknown"}
{"logTime": "1006/031010", "level": "INFO", "message": "Preference changed: name=schedule_to_flush_to_disk, new_value=\"13435729810642760\", source=unknown"}
{"logTime": "1006/031010", "level": "INFO", "message": "Preference changed: name=schedule_to_flush_to_disk, new_value=\"13435729810643466\", source=unknown"}
{"logTime": "1006/031010", "level": "INFO", "message": "Preference changed: name=edge.services.signin_scoped_device_id, new_value=\"4766cb03-53c1-4f00-9544-6c626ee0421a\", source=unknown"}
{"logTime": "1006/031010", "level": "INFO", "message": "Preference changed: name=optimization_guide.previously_registered_optimization_types, new_value=[object], source=unknown"}
{"logTime": "1006/031010", "level": "INFO", "message": "Preference changed: name=extensions.chrome_url_overrides, new_value=[object], source=unknown"}
{"logTime": "1006/031010", "level": "INFO", "message": "Preference changed: name=autofill.credit_card_enabled, new_value=false, source=unknown"}
{"logTime": "1006/031010", "level": "INFO", "message": "Preference changed: name=enable_edge_collections, new_value=false, source=unknown"}
{"logTime": "1006/031010", "level": "INFO", "message": "Preference changed: name=resolve_navigation_errors_use_web_service.enabled, new_value=false, source=unknown"}
{"logTime": "1006/031010", "level": "INFO", "message": "Preference changed: name=alternate_error_pages.enabled, new_value=false, source=unknown"}
{"logTime": "1006/031010", "level": "INFO", "message": "Preference changed: name=optimization_guide.previously_registered_optimization_types, new_value=[object], source=unknown"}
{"logTime": "1006/031010", "level": "INFO", "message": "Preference changed: name=in_product_help.session_last_active_time, new_value=\"13435729810693519\", source=unknown"}
{"logTime": "1006/031010", "level": "INFO", "message": "Preference changed: name=optimization_guide.previously_registered_optimization_types, new_value=[object], source=unknown"}
{"logTime": "1006/031010", "level": "INFO", "message": "Preference changed: name=profile.content_settings.exceptions.storage_access_header_origin_trial, new_value=[object], source=unknown"}
{"logTime": "1006/031010", "level": "INFO", "message": "Preference changed: name=edge_rewards.coachmark_promotions, new_value=[object], source=unknown"}
{"logTime": "1006/031010", "level": "INFO", "message": "Preference changed: name=edge_rewards.hva_promotions, new_value=[object], source=unknown"}
{"logTime": "1006/031018", "level": "INFO", "message": "Preference changed: name=sessions.session_data_status, new_value=2, source=unknown"}
{"logTime": "1006/031018", "level": "INFO", "message": "Preference changed: name=sessions.session_data_status, new_value=3, source=unknown"}
{"logTime": "1006/031018", "level": "INFO", "message": "Preference changed: name=sessions.event_log, new_value=[object], source=unknown"}
{"logTime": "1006/031458", "level": "INFO", "message": "UserPrefStore loaded: error=NONE (0)"}
{"logTime": "1006/031458", "level": "INFO", "message": "Preference changed: name=optimization_guide.previously_registered_optimization_types, new_value=[object], source=unknown"}
{"logTime": "1006/031458", "level": "INFO", "message": "Preference changed: name=extensions.chrome_url_overrides, new_value=[object], source=unknown"}
{"logTime": "1006/031458", "level": "INFO", "message": "Preference changed: name=sessions.session_data_status, new_value=1, source=unknown"}
{"logTime": "1006/031458", "level": "INFO", "message": "Preference changed: name=sessions.event_log, new_value=[object], source=unknown"}
{"logTime": "1006/031458", "level": "INFO", "message": "Preference changed: name=optimization_guide.previously_registered_optimization_types, new_value=[object], source=unknown"}
{"logTime": "1006/031458", "level": "INFO", "message": "Preference changed: name=optimization_guide.previously_registered_optimization_types, new_value=[object], source=unknown"}
{"logTime": "1006/031458", "level": "INFO", "message": "Preference changed: name=optimization_guide.previously_registered_optimization_types, new_value=[object], source=unknown"}
{"logTime": "1006/031458", "level": "INFO", "message": "Preference changed: name=optimization_guide.previously_registered_optimization_types, new_value=[object], source=unknown"}
{"logTime": "1006/031458", "level": "INFO", "message": "Preference changed: name=optimization_guide.previously_registered_optimization_types, new_value=[object], source=unknown"}
{"logTime": "1006/031458", "level": "INFO", "message": "Preference changed: name=profile.network_pbs, new_value=[object], source=unknown"}
{"logTime": "1006/031458", "level": "INFO", "message": "Preference changed: name=profile.password_hash_data_list, new_value=[object], source=unknown"}
{"logTime": "1006/031458", "level": "INFO", "message": "Preference changed: name=schedule_to_flush_to_disk, new_value=\"13435730098800058\", source=unknown"}
{"logTime": "1006/031458", "level": "INFO", "message": "Preference changed: name=schedule_to_flush_to_disk, new_value=\"13435730098800985\", source=unknown"}
{"logTime": "1006/031458", "level": "INFO", "message": "Preference changed: name=edge.services.signin_scoped_device_id, new_value=\"708ab877-575d-4e23-af5e-d9788f9b8a13\", source=unknown"}
{"logTime": "1006/031458", "level": "INFO", "message": "Preference changed: name=optimization_guide.previously_registered_optimization_types, new_value=[object], source=unknown"}
{"logTime": "1006/031458", "level": "INFO", "message": "Preference changed: name=extensions.chrome_url_overrides, new_value=[object], source=unknown"}
{"logTime": "1006/031458", "level": "INFO", "message": "Preference changed: name=autofill.credit_card_enabled, new_value=false, source=unknown"}
{"logTime": "1006/031458", "level": "INFO", "message": "Preference changed: name=enable_edge_collections, new_value=false, source=unknown"}
{"logTime": "1006/031458", "level": "INFO", "message": "Preference changed: name=resolve_navigation_errors_use_web_service.enabled, new_value=false, source=unknown"}
{"logTime": "1006/031458", "level": "INFO", "message": "Preference changed: name=alternate_error_pages.enabled, new_value=false, source=unknown"}
{"logTime": "1006/031458", "level": "INFO", "message": "Preference changed: name=optimization_guide.previously_registered_optimization_types, new_value=[object], source=unknown"}
{"logTime": "1006/031458", "level": "INFO", "message": "Preference changed: name=in_product_help.session_last_active_time, new_value=\"13435730098852105\", source=unknown"}
{"logTime": "1006/031458", "level": "INFO", "message": "Preference changed: name=optimization_guide.previously_registered_optimization_types, new_value=[object], source=unknown"}
{"logTime": "1006/031458", "level": "INFO", "message": "Preference changed: name=profile.content_settings.exceptions.storage_access_header_origin_trial, new_value=[object], source=unknown"}
{"logTime": "1006/031458", "level": "INFO", "message": "Preference changed: name=edge_rewards.coachmark_promotions, new_value=[object], source=unknown"}
{"logTime": "1006/031458", "level": "INFO", "message": "Preference changed: name=edge_rewards.hva_promotions, new_value=[object], source=unknown"}
{"logTime": "1006/031507", "level": "INFO", "message": "Preference changed: name=sessions.session_data_status, new_value=2, source=unknown"}
{"logTime": "1006/031507", "level": "INFO", "message": "Preference changed: name=sessions.session_data_status, new_value=3, source=unknown"}
{"logTime": "1006/031507", "level": "INFO", "message": "Preference changed: name=sessions.event_log, new_value=[object], source=unknown"}
{"logTime": "1006/031537", "level": "INFO", "message": "UserPrefStore loaded: error=NONE (0)"}
{"logTime": "1006/031537", "level": "INFO", "message": "Preference changed: name=optimization_guide.previously_registered_optimization_types, new_value=[object], source=unknown"}
{"logTime": "1006/031537", "level": "INFO", "message": "Preference changed: name=extensions.chrome_url_overrides, new_value=[object], source=unknown"}
{"logTime": "1006/031537", "level": "INFO", "message": "Preference changed: name=sessions.session_data_status, new_value=1, source=unknown"}
{"logTime": "1006/031537", "level": "INFO", "message": "Preference changed: name=sessions.event_log, new_value=[object], source=unknown"}
{"logTime": "1006/031537", "level": "INFO", "message": "Preference changed: name=optimization_guide.previously_registered_optimization_types, new_value=[object], source=unknown"}
{"logTime": "1006/031537", "level": "INFO", "message": "Preference changed: name=optimization_guide.previously_registered_optimization_types, new_value=[object], source=unknown"}
{"logTime": "1006/031537", "level": "INFO", "message": "Preference changed: name=optimization_guide.previously_registered_optimization_types, new_value=[object], source=unknown"}
{"logTime": "1006/031537", "level": "INFO", "message": "Preference changed: name=optimization_guide.previously_registered_optimization_types, new_value=[object], source=unknown"}
{"logTime": "1006/031537", "level": "INFO", "message": "Preference changed: name=optimization_guide.previously_registered_optimization_types, new_value=[object], source=unknown"}
{"logTime": "1006/031537", "level": "INFO", "message": "Preference changed: name=profile.network_pbs, new_value=[object], source=unknown"}
{"logTime": "1006/031537", "level": "INFO", "message": "Preference changed: name=profile.password_hash_data_list, new_value=[object], source=unknown"}
{"logTime": "1006/031537", "level": "INFO", "message": "Preference changed: name=schedule_to_flush_to_disk, new_value=\"13435730137254227\", source=unknown"}
{"logTime": "1006/031537", "level": "INFO", "message": "Preference changed: name=schedule_to_flush_to_disk, new_value=\"13435730137254955\", source=unknown"}
{"logTime": "1006/031537", "level": "INFO", "message": "Preference changed: name=edge.services.signin_scoped_device_id, new_value=\"9a8fb6eb-5357-4f02-a095-721e97b62a15\", source=unknown"}
{"logTime": "1006/031537", "level": "INFO", "message": "Preference changed: name=optimization_guide.previously_registered_optimization_types, new_value=[object], source=unknown"}
{"logTime": "1006/031537", "level": "INFO", "message": "Preference changed: name=extensions.chrome_url_overrides, new_value=[object], source=unknown"}
{"logTime": "1006/031537", "level": "INFO", "message": "Preference changed: name=autofill.credit_card_enabled, new_value=false, source=unknown"}
{"logTime": "1006/031537", "level": "INFO", "message": "Preference changed: name=enable_edge_collections, new_value=false, source=unknown"}
{"logTime": "1006/031537", "level": "INFO", "message": "Preference changed: name=resolve_navigation_errors_use_web_service.enabled, new_value=false, source=unknown"}
{"logTime": "1006/031537", "level": "INFO", "message": "Preference changed: name=alternate_error_pages.enabled, new_value=false, source=unknown"}
{"logTime": "1006/031537", "level": "INFO", "message": "Preference changed: name=optimization_guide.previously_registered_optimization_types, new_value=[object], source=unknown"}
{"logTime": "1006/031537", "level": "INFO", "message": "Preference changed: name=in_product_help.session_last_active_time, new_value=\"13435730137303062\", source=unknown"}
{"logTime": "1006/031537", "level": "INFO", "message": "Preference changed: name=optimization_guide.previously_registered_optimization_types, new_value=[object], source=unknown"}
{"logTime": "1006/031537", "level": "INFO", "message": "Preference changed: name=profile.content_settings.exceptions.storage_access_header_origin_trial, new_value=[object], source=unknown"}
{"logTime": "1006/031537", "level": "INFO", "message": "Preference changed: name=edge_rewards.coachmark_promotions, new_value=[object], source=unknown"}
{"logTime": "1006/031537", "level": "INFO", "message": "Preference changed: name=edge_rewards.hva_promotions, new_value=[object], source=unknown"}
{"logTime": "1006/031547", "level": "INFO", "message": "PrefStore write completed: store=4, success=true"}
{"logTime": "1006/031547", "level": "INFO", "message": "PrefStore write completed: store=4, success=true"}
{"logTime": "1006/031707", "level": "INFO", "message": "Preference changed: name=sessions.event_log, new_value=[object], source=unknown"}
{"logTime": "1006/031717", "level": "INFO", "message": "PrefStore write completed: store=4, success=true"}
{"logTime": "1006/031732", "level": "INFO", "message": "Preference changed: name=sessions.session_data_status, new_value=2, source=unknown"}
{"logTime": "1006/031732", "level": "INFO", "message": "Preference changed: name=sessions.session_data_status, new_value=3, source=unknown"}
{"logTime": "1006/031754", "level": "INFO", "message": "UserPrefStore loaded: error=NONE (0)"}
{"logTime": "1006/031754", "level": "INFO", "message": "Preference changed: name=optimization_guide.previously_registered_optimization_types, new_value=[object], source=unknown"}
{"logTime": "1006/031754", "level": "INFO", "message": "Preference changed: name=extensions.chrome_url_overrides, new_value=[object], source=unknown"}
{"logTime": "1006/031754", "level": "INFO", "message": "Preference changed: name=sessions.session_data_status, new_value=1, source=unknown"}
{"logTime": "1006/031754", "level": "INFO", "message": "Preference changed: name=sessions.event_log, new_value=[object], source=unknown"}
{"logTime": "1006/031754", "level": "INFO", "message": "Preference changed: name=optimization_guide.previously_registered_optimization_types, new_value=[object], source=unknown"}
{"logTime": "1006/031754", "level": "INFO", "message": "Preference changed: name=optimization_guide.previously_registered_optimization_types, new_value=[object], source=unknown"}
{"logTime": "1006/031754", "level": "INFO", "message": "Preference changed: name=optimization_guide.previously_registered_optimization_types, new_value=[object], source=unknown"}
{"logTime": "1006/031754", "level": "INFO", "message": "Preference changed: name=optimization_guide.previously_registered_optimization_types, new_value=[object], source=unknown"}
{"logTime": "1006/031754", "level": "INFO", "message": "Preference changed: name=optimization_guide.previously_registered_optimization_types, new_value=[object], source=unknown"}
{"logTime": "1006/031754", "level": "INFO", "message": "Preference changed: name=profile.network_pbs, new_value=[object], source=unknown"}
{"logTime": "1006/031754", "level": "INFO", "message": "Preference changed: name=profile.password_hash_data_list, new_value=[object], source=unknown"}
{"logTime": "1006/031754", "level": "INFO", "message": "Preference changed: name=schedule_to_flush_to_disk, new_value=\"13435730274994731\", source=unknown"}
{"logTime": "1006/031754", "level": "INFO", "message": "Preference changed: name=schedule_to_flush_to_disk, new_value=\"13435730274995533\", source=unknown"}
{"logTime": "1006/031754", "level": "INFO", "message": "Preference changed: name=edge.services.signin_scoped_device_id, new_value=\"314acdad-ff2b-4314-8dfd-eee3c021f6a9\", source=unknown"}
{"logTime": "1006/031754", "level": "INFO", "message": "Preference changed: name=optimization_guide.previously_registered_optimization_types, new_value=[object], source=unknown"}
{"logTime": "1006/031754", "level": "INFO", "message": "Preference changed: name=extensions.chrome_url_overrides, new_value=[object], source=unknown"}
{"logTime": "1006/031755", "level": "INFO", "message": "Preference changed: name=autofill.credit_card_enabled, new_value=false, source=unknown"}
{"logTime": "1006/031755", "level": "INFO", "message": "Preference changed: name=enable_edge_collections, new_value=false, source=unknown"}
{"logTime": "1006/031755", "level": "INFO", "message": "Preference changed: name=resolve_navigation_errors_use_web_service.enabled, new_value=false, source=unknown"}
{"logTime": "1006/031755", "level": "INFO", "message": "Preference changed: name=alternate_error_pages.enabled, new_value=false, source=unknown"}
{"logTime": "1006/031755", "level": "INFO", "message": "Preference changed: name=optimization_guide.previously_registered_optimization_types, new_value=[object], source=unknown"}
{"logTime": "1006/031755", "level": "INFO", "message": "Preference changed: name=in_product_help.session_last_active_time, new_value=\"13435730275040610\", source=unknown"}
{"logTime": "1006/031755", "level": "INFO", "message": "Preference changed: name=optimization_guide.previously_registered_optimization_types, new_value=[object], source=unknown"}
{"logTime": "1006/031755", "level": "INFO", "message": "Preference changed: name=profile.content_settings.exceptions.storage_access_header_origin_trial, new_value=[object], source=unknown"}
{"logTime": "1006/031755", "level": "INFO", "message": "Preference changed: name=edge_rewards.coachmark_promotions, new_value=[object], source=unknown"}
{"logTime": "1006/031755", "level": "INFO", "message": "Preference changed: name=edge_rewards.hva_promotions, new_value=[object], source=unknown"}
{"logTime": "1006/031804", "level": "INFO", "message": "PrefStore write completed: store=4, success=true"}
{"logTime": "1006/031804", "level": "INFO", "message": "PrefStore write completed: store=4, success=true"}
{"logTime": "1006/031814", "level": "INFO", "message": "Preference changed: name=sessions.session_data_status, new_value=2, source=unknown"}
{"logTime": "1006/031814", "level": "INFO", "message": "Preference changed: name=sessions.session_data_status, new_value=3, source=unknown"}
{"logTime": "1006/031814", "level": "INFO", "message": "Preference changed: name=sessions.event_log, new_value=[object], source=unknown"}
{"logTime": "1006/031956", "level": "INFO", "message": "UserPrefStore loaded: error=NONE (0)"}
{"logTime": "1006/031956", "level": "INFO", "message": "Preference changed: name=optimization_guide.previously_registered_optimization_types, new_value=[object], source=unknown"}
{"logTime": "1006/031956", "level": "INFO", "message": "Preference changed: name=extensions.chrome_url_overrides, new_value=[object], source=unknown"}
{"logTime": "1006/031956", "level": "INFO", "message": "Preference changed: name=sessions.session_data_status, new_value=1, source=unknown"}
{"logTime": "1006/031956", "level": "INFO", "message": "Preference changed: name=sessions.event_log, new_value=[object], source=unknown"}
{"logTime": "1006/031956", "level": "INFO", "message": "Preference changed: name=optimization_guide.previously_registered_optimization_types, new_value=[object], source=unknown"}
{"logTime": "1006/031956", "level": "INFO", "message": "Preference changed: name=optimization_guide.previously_registered_optimization_types, new_value=[object], source=unknown"}
{"logTime": "1006/031956", "level": "INFO", "message": "Preference changed: name=optimization_guide.previously_registered_optimization_types, new_value=[object], source=unknown"}
{"logTime": "1006/031956", "level": "INFO", "message": "Preference changed: name=optimization_guide.previously_registered_optimization_types, new_value=[object], source=unknown"}
{"logTime": "1006/031956", "level": "INFO", "message": "Preference changed: name=optimization_guide.previously_registered_optimization_types, new_value=[object], source=unknown"}
{"logTime": "1006/031956", "level": "INFO", "message": "Preference changed: name=profile.network_pbs, new_value=[object], source=unknown"}
{"logTime": "1006/031956", "level": "INFO", "message": "Preference changed: name=profile.password_hash_data_list, new_value=[object], source=unknown"}
{"logTime": "1006/031956", "level": "INFO", "message": "Preference changed: name=schedule_to_flush_to_disk, new_value=\"13435730396449036\", source=unknown"}
{"logTime": "1006/031956", "level": "INFO", "message": "Preference changed: name=schedule_to_flush_to_disk, new_value=\"13435730396449742\", source=unknown"}
{"logTime": "1006/031956", "level": "INFO", "message": "Preference changed: name=edge.services.signin_scoped_device_id, new_value=\"baf61252-6220-4ed0-89e4-55bf20f3d3b3\", source=unknown"}
{"logTime": "1006/031956", "level": "INFO", "message": "Preference changed: name=optimization_guide.previously_registered_optimization_types, new_value=[object], source=unknown"}
{"logTime": "1006/031956", "level": "INFO", "message": "Preference changed: name=extensions.chrome_url_overrides, new_value=[object], source=unknown"}
{"logTime": "1006/031956", "level": "INFO", "message": "Preference changed: name=autofill.credit_card_enabled, new_value=false, source=unknown"}
{"logTime": "1006/031956", "level": "INFO", "message": "Preference changed: name=enable_edge_collections, new_value=false, source=unknown"}
{"logTime": "1006/031956", "level": "INFO", "message": "Preference changed: name=resolve_navigation_errors_use_web_service.enabled, new_value=false, source=unknown"}
{"logTime": "1006/031956", "level": "INFO", "message": "Preference changed: name=alternate_error_pages.enabled, new_value=false, source=unknown"}
{"logTime": "1006/031956", "level": "INFO", "message": "Preference changed: name=optimization_guide.previously_registered_optimization_types, new_value=[object], source=unknown"}
{"logTime": "1006/031956", "level": "INFO", "message": "Preference changed: name=in_product_help.session_last_active_time, new_value=\"13435730396496794\", source=unknown"}
{"logTime": "1006/031956", "level": "INFO", "message": "Preference changed: name=optimization_guide.previously_registered_optimization_types, new_value=[object], source=unknown"}
{"logTime": "1006/031956", "level": "INFO", "message": "Preference changed: name=profile.content_settings.exceptions.storage_access_header_origin_trial, new_value=[object], source=unknown"}
{"logTime": "1006/031956", "level": "INFO", "message": "Preference changed: name=edge_rewards.coachmark_promotions, new_value=[object], source=unknown"}
{"logTime": "1006/031956", "level": "INFO", "message": "Preference changed: name=edge_rewards.hva_promotions, new_value=[object], source=unknown"}
{"logTime": "1006/032006", "level": "INFO", "message": "PrefStore write completed: store=4, success=true"}
{"logTime": "1006/032006", "level": "INFO", "message": "PrefStore write completed: store=4, success=true"}
{"logTime": "1006/032126", "level": "INFO", "message": "Preference changed: name=sessions.session_data_status, new_value=2, source=unknown"}
{"logTime": "1006/032126", "level": "INFO", "message": "Preference changed: name=sessions.session_data_status, new_value=3, source=unknown"}
{"logTime": "1006/032126", "level": "INFO", "message": "Preference changed: name=sessions.event_log, new_value=[object], source=unknown"}
{"logTime": "1006/032131", "level": "INFO", "message": "UserPrefStore loaded: error=NONE (0)"}
{"logTime": "1006/032131", "level": "INFO", "message": "Preference changed: name=optimization_guide.previously_registered_optimization_types, new_value=[object], source=unknown"}
{"logTime": "1006/032131", "level": "INFO", "message": "Preference changed: name=extensions.chrome_url_overrides, new_value=[object], source=unknown"}
{"logTime": "1006/032131", "level": "INFO", "message": "Preference changed: name=sessions.session_data_status, new_value=1, source=unknown"}
{"logTime": "1006/032131", "level": "INFO", "message": "Preference changed: name=sessions.event_log, new_value=[object], source=unknown"}
{"logTime": "1006/032131", "level": "INFO", "message": "Preference changed: name=optimization_guide.previously_registered_optimization_types, new_value=[object], source=unknown"}
{"logTime": "1006/032131", "level": "INFO", "message": "Preference changed: name=optimization_guide.previously_registered_optimization_types, new_value=[object], source=unknown"}
{"logTime": "1006/032131", "level": "INFO", "message": "Preference changed: name=optimization_guide.previously_registered_optimization_types, new_value=[object], source=unknown"}
{"logTime": "1006/032131", "level": "INFO", "message": "Preference changed: name=optimization_guide.previously_registered_optimization_types, new_value=[object], source=unknown"}
{"logTime": "1006/032131", "level": "INFO", "message": "Preference changed: name=optimization_guide.previously_registered_optimization_types, new_value=[object], source=unknown"}
{"logTime": "1006/032131", "level": "INFO", "message": "Preference changed: name=profile.network_pbs, new_value=[object], source=unknown"}
{"logTime": "1006/032131", "level": "INFO", "message": "Preference changed: name=profile.password_hash_data_list, new_value=[object], source=unknown"}
{"logTime": "1006/032131", "level": "INFO", "message": "Preference changed: name=schedule_to_flush_to_disk, new_value=\"13435730491494920\", source=unknown"}
{"logTime": "1006/032131", "level": "INFO", "message": "Preference changed: name=schedule_to_flush_to_disk, new_value=\"13435730491495795\", source=unknown"}
{"logTime": "1006/032131", "level": "INFO", "message": "Preference changed: name=edge.services.signin_scoped_device_id, new_value=\"a71228a5-c502-4507-ad5c-331567bf5b81\", source=unknown"}
{"logTime": "1006/032131", "level": "INFO", "message": "Preference changed: name=optimization_guide.previously_registered_optimization_types, new_value=[object], source=unknown"}
{"logTime": "1006/032131", "level": "INFO", "message": "Preference changed: name=extensions.chrome_url_overrides, new_value=[object], source=unknown"}
{"logTime": "1006/032131", "level": "INFO", "message": "Preference changed: name=autofill.credit_card_enabled, new_value=false, source=unknown"}
{"logTime": "1006/032131", "level": "INFO", "message": "Preference changed: name=enable_edge_collections, new_value=false, source=unknown"}
{"logTime": "1006/032131", "level": "INFO", "message": "Preference changed: name=resolve_navigation_errors_use_web_service.enabled, new_value=false, source=unknown"}
{"logTime": "1006/032131", "level": "INFO", "message": "Preference changed: name=alternate_error_pages.enabled, new_value=false, source=unknown"}
{"logTime": "1006/032131", "level": "INFO", "message": "Preference changed: name=optimization_guide.previously_registered_optimization_types, new_value=[object], source=unknown"}
{"logTime": "1006/032131", "level": "INFO", "message": "Preference changed: name=in_product_help.session_last_active_time, new_value=\"13435730491542452\", source=unknown"}
{"logTime": "1006/032131", "level": "INFO", "message": "Preference changed: name=optimization_guide.previously_registered_optimization_types, new_value=[object], source=unknown"}
{"logTime": "1006/032131", "level": "INFO", "message": "Preference changed: name=profile.content_settings.exceptions.storage_access_header_origin_trial, new_value=[object], source=unknown"}
{"logTime": "1006/032131", "level": "INFO", "message": "Preference changed: name=edge_rewards.coachmark_promotions, new_value=[object], source=unknown"}
{"logTime": "1006/032131", "level": "INFO", "message": "Preference changed: name=edge_rewards.hva_promotions, new_value=[object], source=unknown"}
{"logTime": "1006/032141", "level": "INFO", "message": "PrefStore write completed: store=4, success=true"}
{"logTime": "1006/032141", "level": "INFO", "message": "PrefStore write completed: store=4, success=true"}
{"logTime": "1006/032203", "level": "INFO", "message": "Preference changed: name=sessions.session_data_status, new_value=2, source=unknown"}
{"logTime": "1006/032203", "level": "INFO", "message": "Preference changed: name=sessions.session_data_status, new_value=3, source=unknown"}
{"logTime": "1006/032203", "level": "INFO", "message": "Preference changed: name=sessions.event_log, new_value=[object], source=unknown"}
{"logTime": "1006/032435", "level": "INFO", "message": "UserPrefStore loaded: error=NONE (0)"}
{"logTime": "1006/032435", "level": "INFO", "message": "Preference changed: name=optimization_guide.previously_registered_optimization_types, new_value=[object], source=unknown"}
{"logTime": "1006/032435", "level": "INFO", "message": "Preference changed: name=extensions.chrome_url_overrides, new_value=[object], source=unknown"}
{"logTime": "1006/032435", "level": "INFO", "message": "Preference changed: name=sessions.session_data_status, new_value=1, source=unknown"}
{"logTime": "1006/032435", "level": "INFO", "message": "Preference changed: name=sessions.event_log, new_value=[object], source=unknown"}
{"logTime": "1006/032435", "level": "INFO", "message": "Preference changed: name=optimization_guide.previously_registered_optimization_types, new_value=[object], source=unknown"}
{"logTime": "1006/032435", "level": "INFO", "message": "Preference changed: name=optimization_guide.previously_registered_optimization_types, new_value=[object], source=unknown"}
{"logTime": "1006/032435", "level": "INFO", "message": "Preference changed: name=optimization_guide.previously_registered_optimization_types, new_value=[object], source=unknown"}
{"logTime": "1006/032435", "level": "INFO", "message": "Preference changed: name=optimization_guide.previously_registered_optimization_types, new_value=[object], source=unknown"}
{"logTime": "1006/032435", "level": "INFO", "message": "Preference changed: name=optimization_guide.previously_registered_optimization_types, new_value=[object], source=unknown"}
{"logTime": "1006/032435", "level": "INFO", "message": "Preference changed: name=profile.network_pbs, new_value=[object], source=unknown"}
{"logTime": "1006/032435", "level": "INFO", "message": "Preference changed: name=profile.password_hash_data_list, new_value=[object], source=unknown"}
{"logTime": "1006/032435", "level": "INFO", "message": "Preference changed: name=schedule_to_flush_to_disk, new_value=\"13435730675699586\", source=unknown"}
{"logTime": "1006/032435", "level": "INFO", "message": "Preference changed: name=schedule_to_flush_to_disk, new_value=\"13435730675700426\", source=unknown"}
{"logTime": "1006/032435", "level": "INFO", "message": "Preference changed: name=edge.services.signin_scoped_device_id, new_value=\"fe579201-da3c-48fc-af94-cda617fbda15\", source=unknown"}
{"logTime": "1006/032435", "level": "INFO", "message": "Preference changed: name=optimization_guide.previously_registered_optimization_types, new_value=[object], source=unknown"}
{"logTime": "1006/032435", "level": "INFO", "message": "Preference changed: name=extensions.chrome_url_overrides, new_value=[object], source=unknown"}
{"logTime": "1006/032435", "level": "INFO", "message": "Preference changed: name=autofill.credit_card_enabled, new_value=false, source=unknown"}
{"logTime": "1006/032435", "level": "INFO", "message": "Preference changed: name=enable_edge_collections, new_value=false, source=unknown"}
{"logTime": "1006/032435", "level": "INFO", "message": "Preference changed: name=resolve_navigation_errors_use_web_service.enabled, new_value=false, source=unknown"}
{"logTime": "1006/032435", "level": "INFO", "message": "Preference changed: name=alternate_error_pages.enabled, new_value=false, source=unknown"}
{"logTime": "1006/032435", "level": "INFO", "message": "Preference changed: name=optimization_guide.previously_registered_optimization_types, new_value=[object], source=unknown"}
{"logTime": "1006/032435", "level": "INFO", "message": "Preference changed: name=in_product_help.session_last_active_time, new_value=\"13435730675751735\", source=unknown"}
{"logTime": "1006/032435", "level": "INFO", "message": "Preference changed: name=optimization_guide.previously_registered_optimization_types, new_value=[object], source=unknown"}
{"logTime": "1006/032435", "level": "INFO", "message": "Preference changed: name=profile.content_settings.exceptions.storage_access_header_origin_trial, new_value=[object], source=unknown"}
{"logTime": "1006/032435", "level": "INFO", "message": "Preference changed: name=edge_rewards.coachmark_promotions, new_value=[object], source=unknown"}
{"logTime": "1006/032435", "level": "INFO", "message": "Preference changed: name=edge_rewards.hva_promotions, new_value=[object], source=unknown"}
{"logTime": "1006/032445", "level": "INFO", "message": "PrefStore write completed: store=4, success=true"}
{"logTime": "1006/032445", "level": "INFO", "message": "PrefStore write completed: store=4, success=true"}
{"logTime": "1006/032518", "level": "INFO", "message": "Preference changed: name=sessions.session_data_status, new_value=2, source=unknown"}
{"logTime": "1006/032518", "level": "INFO", "message": "Preference changed: name=sessions.session_data_status, new_value=3, source=unknown"}
{"logTime": "1006/032518", "level": "INFO", "message": "Preference changed: name=sessions.event_log, new_value=[object], source=unknown"}
{"logTime": "1006/032818", "level": "INFO", "message": "UserPrefStore loaded: error=NONE (0)"}
{"logTime": "1006/032818", "level": "INFO", "message": "Preference changed: name=optimization_guide.previously_registered_optimization_types, new_value=[object], source=unknown"}
{"logTime": "1006/032818", "level": "INFO", "message": "Preference changed: name=extensions.chrome_url_overrides, new_value=[object], source=unknown"}
{"logTime": "1006/032818", "level": "INFO", "message": "Preference changed: name=sessions.session_data_status, new_value=1, source=unknown"}
{"logTime": "1006/032818", "level": "INFO", "message": "Preference changed: name=sessions.event_log, new_value=[object], source=unknown"}
{"logTime": "1006/032818", "level": "INFO", "message": "Preference changed: name=optimization_guide.previously_registered_optimization_types, new_value=[object], source=unknown"}
{"logTime": "1006/032818", "level": "INFO", "message": "Preference changed: name=optimization_guide.previously_registered_optimization_types, new_value=[object], source=unknown"}
{"logTime": "1006/032818", "level": "INFO", "message": "Preference changed: name=optimization_guide.previously_registered_optimization_types, new_value=[object], source=unknown"}
{"logTime": "1006/032818", "level": "INFO", "message": "Preference changed: name=optimization_guide.previously_registered_optimization_types, new_value=[object], source=unknown"}
{"logTime": "1006/032818", "level": "INFO", "message": "Preference changed: name=optimization_guide.previously_registered_optimization_types, new_value=[object], source=unknown"}
{"logTime": "1006/032818", "level": "INFO", "message": "Preference changed: name=profile.network_pbs, new_value=[object], source=unknown"}
{"logTime": "1006/032818", "level": "INFO", "message": "Preference changed: name=profile.password_hash_data_list, new_value=[object], source=unknown"}
{"logTime": "1006/032818", "level": "INFO", "message": "Preference changed: name=schedule_to_flush_to_disk, new_value=\"13435730898211713\", source=unknown"}
{"logTime": "1006/032818", "level": "INFO", "message": "Preference changed: name=schedule_to_flush_to_disk, new_value=\"13435730898212429\", source=unknown"}
{"logTime": "1006/032818", "level": "INFO", "message": "Preference changed: name=edge.services.signin_scoped_device_id, new_value=\"54657175-712f-4d47-a9fd-eeced389afd8\", source=unknown"}
{"logTime": "1006/032818", "level": "INFO", "message": "Preference changed: name=optimization_guide.previously_registered_optimization_types, new_value=[object], source=unknown"}
{"logTime": "1006/032818", "level": "INFO", "message": "Preference changed: name=extensions.chrome_url_overrides, new_value=[object], source=unknown"}
{"logTime": "1006/032818", "level": "INFO", "message": "Preference changed: name=autofill.credit_card_enabled, new_value=false, source=unknown"}
{"logTime": "1006/032818", "level": "INFO", "message": "Preference changed: name=enable_edge_collections, new_value=false, source=unknown"}
{"logTime": "1006/032818", "level": "INFO", "message": "Preference changed: name=resolve_navigation_errors_use_web_service.enabled, new_value=false, source=unknown"}
{"logTime": "1006/032818", "level": "INFO", "message": "Preference changed: name=alternate_error_pages.enabled, new_value=false, source=unknown"}
{"logTime": "1006/032818", "level": "INFO", "message": "Preference changed: name=optimization_guide.previously_registered_optimization_types, new_value=[object], source=unknown"}
{"logTime": "1006/032818", "level": "INFO", "message": "Preference changed: name=in_product_help.session_last_active_time, new_value=\"13435730898257557\", source=unknown"}
{"logTime": "1006/032818", "level": "INFO", "message": "Preference changed: name=optimization_guide.previously_registered_optimization_types, new_value=[object], source=unknown"}
{"logTime": "1006/032818", "level": "INFO", "message": "Preference changed: name=profile.content_settings.exceptions.storage_access_header_origin_trial, new_value=[object], source=unknown"}
{"logTime": "1006/032818", "level": "INFO", "message": "Preference changed: name=edge_rewards.coachmark_promotions, new_value=[object], source=unknown"}
{"logTime": "1006/032818", "level": "INFO", "message": "Preference changed: name=edge_rewards.hva_promotions, new_value=[object], source=unknown"}
{"logTime": "1006/032828", "level": "INFO", "message": "PrefStore write completed: store=4, success=true"}
{"logTime": "1006/032828", "level": "INFO", "message": "PrefStore write completed: store=4, success=true"}
{"logTime": "1006/032928", "level": "INFO", "message": "Preference changed: name=sessions.session_data_status, new_value=2, source=unknown"}
{"logTime": "1006/032928", "level": "INFO", "message": "Preference changed: name=sessions.session_data_status, new_value=3, source=unknown"}
{"logTime": "1006/032928", "level": "INFO", "message": "Preference changed: name=sessions.event_log, new_value=[object], source=unknown"}
{"logTime": "1006/033742", "level": "INFO", "message": "UserPrefStore loaded: error=NONE (0)"}
{"logTime": "1006/033742", "level": "INFO", "message": "Preference changed: name=optimization_guide.previously_registered_optimization_types, new_value=[object], source=unknown"}
{"logTime": "1006/033742", "level": "INFO", "message": "Preference changed: name=extensions.chrome_url_overrides, new_value=[object], source=unknown"}
{"logTime": "1006/033742", "level": "INFO", "message": "Preference changed: name=sessions.session_data_status, new_value=1, source=unknown"}
{"logTime": "1006/033742", "level": "INFO", "message": "Preference changed: name=sessions.event_log, new_value=[object], source=unknown"}
{"logTime": "1006/033742", "level": "INFO", "message": "Preference changed: name=optimization_guide.previously_registered_optimization_types, new_value=[object], source=unknown"}
{"logTime": "1006/033742", "level": "INFO", "message": "Preference changed: name=optimization_guide.previously_registered_optimization_types, new_value=[object], source=unknown"}
{"logTime": "1006/033742", "level": "INFO", "message": "Preference changed: name=optimization_guide.previously_registered_optimization_types, new_value=[object], source=unknown"}
{"logTime": "1006/033742", "level": "INFO", "message": "Preference changed: name=optimization_guide.previously_registered_optimization_types, new_value=[object], source=unknown"}
{"logTime": "1006/033742", "level": "INFO", "message": "Preference changed: name=optimization_guide.previously_registered_optimization_types, new_value=[object], source=unknown"}
{"logTime": "1006/033742", "level": "INFO", "message": "Preference changed: name=profile.network_pbs, new_value=[object], source=unknown"}
{"logTime": "1006/033742", "level": "INFO", "message": "Preference changed: name=profile.password_hash_data_list, new_value=[object], source=unknown"}
{"logTime": "1006/033742", "level": "INFO", "message": "Preference changed: name=schedule_to_flush_to_disk, new_value=\"13435731462709716\", source=unknown"}
{"logTime": "1006/033742", "level": "INFO", "message": "Preference changed: name=schedule_to_flush_to_disk, new_value=\"13435731462710348\", source=unknown"}
{"logTime": "1006/033742", "level": "INFO", "message": "Preference changed: name=edge.services.signin_scoped_device_id, new_value=\"6fd1ff2d-6d5c-45c2-abbf-1f289672727e\", source=unknown"}
{"logTime": "1006/033742", "level": "INFO", "message": "Preference changed: name=optimization_guide.previously_registered_optimization_types, new_value=[object], source=unknown"}
{"logTime": "1006/033742", "level": "INFO", "message": "Preference changed: name=extensions.chrome_url_overrides, new_value=[object], source=unknown"}
{"logTime": "1006/033742", "level": "INFO", "message": "Preference changed: name=autofill.credit_card_enabled, new_value=false, source=unknown"}
{"logTime": "1006/033742", "level": "INFO", "message": "Preference changed: name=enable_edge_collections, new_value=false, source=unknown"}
{"logTime": "1006/033742", "level": "INFO", "message": "Preference changed: name=resolve_navigation_errors_use_web_service.enabled, new_value=false, source=unknown"}
{"logTime": "1006/033742", "level": "INFO", "message": "Preference changed: name=alternate_error_pages.enabled, new_value=false, source=unknown"}
{"logTime": "1006/033742", "level": "INFO", "message": "Preference changed: name=optimization_guide.previously_registered_optimization_types, new_value=[object], source=unknown"}
{"logTime": "1006/033742", "level": "INFO", "message": "Preference changed: name=in_product_help.session_last_active_time, new_value=\"13435731462755666\", source=unknown"}
{"logTime": "1006/033742", "level": "INFO", "message": "Preference changed: name=optimization_guide.previously_registered_optimization_types, new_value=[object], source=unknown"}
{"logTime": "1006/033742", "level": "INFO", "message": "Preference changed: name=profile.content_settings.exceptions.storage_access_header_origin_trial, new_value=[object], source=unknown"}
{"logTime": "1006/033742", "level": "INFO", "message": "Preference changed: name=edge_rewards.coachmark_promotions, new_value=[object], source=unknown"}
{"logTime": "1006/033742", "level": "INFO", "message": "Preference changed: name=edge_rewards.hva_promotions, new_value=[object], source=unknown"}
{"logTime": "1006/033752", "level": "INFO", "message": "PrefStore write completed: store=4, success=true"}
{"logTime": "1006/033752", "level": "INFO", "message": "PrefStore write completed: store=4, success=true"}
{"logTime": "1006/034117", "level": "INFO", "message": "Preference changed: name=sessions.event_log, new_value=[object], source=unknown"}
{"logTime": "1006/034127", "level": "INFO", "message": "PrefStore write completed: store=4, success=true"}
{"logTime": "1006/034355", "level": "INFO", "message": "Preference changed: name=language_model_counters, new_value=[object], source=unknown"}
{"logTime": "1006/060544", "level": "INFO", "message": "Preference changed: name=language_dwell_time_average, new_value=[object], source=unknown"}
{"logTime": "1006/060544", "level": "INFO", "message": "Preference changed: name=language_usage_count, new_value=[object], source=unknown"}
{"logTime": "1006/060544", "level": "INFO", "message": "Preference changed: name=language_model_counters, new_value=[object], source=unknown"}
{"logTime": "1006/060554", "level": "INFO", "message": "PrefStore write completed: store=4, success=true"}
{"logTime": "1006/060636", "level": "INFO", "message": "Preference changed: name=language_dwell_time_average, new_value=[object], source=unknown"}
{"logTime": "1006/060636", "level": "INFO", "message": "Preference changed: name=language_usage_count, new_value=[object], source=unknown"}
{"logTime": "1006/060636", "level": "INFO", "message": "Preference changed: name=language_model_counters, new_value=[object], source=unknown"}
{"logTime": "1006/060646", "level": "INFO", "message": "PrefStore write completed: store=4, success=true"}
{"logTime": "1006/060647", "level": "INFO", "message": "Preference changed: name=language_dwell_time_average, new_value=[object], source=unknown"}
{"logTime": "1006/060647", "level": "INFO", "message": "Preference changed: name=language_usage_count, new_value=[object], source=unknown"}
{"logTime": "1006/060657", "level": "INFO", "message": "PrefStore write completed: store=4, success=true"}
{"logTime": "1006/060821", "level": "INFO", "message": "Preference changed: name=language_model_counters, new_value=[object], source=unknown"}
{"logTime": "1006/112458", "level": "INFO", "message": "Preference changed: name=profile.content_settings.exceptions.site_engagement, new_value=[object], source=unknown"}
{"logTime": "1006/112458", "level": "INFO", "message": "Preference changed: name=profile.last_engagement_time, new_value=\"13435730698838674\", source=unknown"}
{"logTime": "1006/152454", "level": "INFO", "message": "Preference changed: name=profile.content_settings.exceptions.site_engagement, new_value=[object], source=unknown"}
{"logTime": "1006/152454", "level": "INFO", "message": "Preference changed: name=profile.last_engagement_time, new_value=\"13435745094418431\", source=unknown"}
{"logTime": "1006/163106", "level": "INFO", "message": "Preference changed: name=profile.content_settings.exceptions.site_engagement, new_value=[object], source=unknown"}
{"logTime": "1006/163106", "level": "INFO", "message": "Preference changed: name=profile.last_engagement_time, new_value=\"13435749066982321\", source=unknown"}
{"logTime": "1006/171535", "level": "INFO", "message": "Preference changed: name=sessions.session_data_status, new_value=2, source=unknown"}
{"logTime": "1006/171535", "level": "INFO", "message": "Preference changed: name=sessions.session_data_status, new_value=3, source=unknown"}
{"logTime": "1006/171603", "level": "INFO", "message": "UserPrefStore loaded: error=NONE (0)"}
{"logTime": "1006/171603", "level": "INFO", "message": "Preference changed: name=optimization_guide.previously_registered_optimization_types, new_value=[object], source=unknown"}
{"logTime": "1006/171603", "level": "INFO", "message": "Preference changed: name=extensions.chrome_url_overrides, new_value=[object], source=unknown"}
{"logTime": "1006/171603", "level": "INFO", "message": "Preference changed: name=sessions.session_data_status, new_value=1, source=unknown"}
{"logTime": "1006/171603", "level": "INFO", "message": "Preference changed: name=sessions.event_log, new_value=[object], source=unknown"}
{"logTime": "1006/171603", "level": "INFO", "message": "Preference changed: name=optimization_guide.previously_registered_optimization_types, new_value=[object], source=unknown"}
{"logTime": "1006/171603", "level": "INFO", "message": "Preference changed: name=optimization_guide.previously_registered_optimization_types, new_value=[object], source=unknown"}
{"logTime": "1006/171603", "level": "INFO", "message": "Preference changed: name=optimization_guide.previously_registered_optimization_types, new_value=[object], source=unknown"}
{"logTime": "1006/171603", "level": "INFO", "message": "Preference changed: name=optimization_guide.previously_registered_optimization_types, new_value=[object], source=unknown"}
{"logTime": "1006/171603", "level": "INFO", "message": "Preference changed: name=optimization_guide.previously_registered_optimization_types, new_value=[object], source=unknown"}
{"logTime": "1006/171603", "level": "INFO", "message": "Preference changed: name=profile.network_pbs, new_value=[object], source=unknown"}
{"logTime": "1006/171603", "level": "INFO", "message": "Preference changed: name=profile.password_hash_data_list, new_value=[object], source=unknown"}
{"logTime": "1006/171603", "level": "INFO", "message": "Preference changed: name=schedule_to_flush_to_disk, new_value=\"13435780563715454\", source=unknown"}
{"logTime": "1006/171603", "level": "INFO", "message": "Preference changed: name=schedule_to_flush_to_disk, new_value=\"13435780563716257\", source=unknown"}
{"logTime": "1006/171603", "level": "INFO", "message": "Preference changed: name=edge.services.signin_scoped_device_id, new_value=\"dbb865fc-09a8-4ed3-9f64-1d1c5f151317\", source=unknown"}
{"logTime": "1006/171603", "level": "INFO", "message": "Preference changed: name=extensions.chrome_url_overrides, new_value=[object], source=unknown"}
{"logTime": "1006/171603", "level": "INFO", "message": "Preference changed: name=optimization_guide.previously_registered_optimization_types, new_value=[object], source=unknown"}
{"logTime": "1006/171603", "level": "INFO", "message": "Preference changed: name=autofill.credit_card_enabled, new_value=false, source=unknown"}
{"logTime": "1006/171603", "level": "INFO", "message": "Preference changed: name=enable_edge_collections, new_value=false, source=unknown"}
{"logTime": "1006/171603", "level": "INFO", "message": "Preference changed: name=resolve_navigation_errors_use_web_service.enabled, new_value=false, source=unknown"}
{"logTime": "1006/171603", "level": "INFO", "message": "Preference changed: name=alternate_error_pages.enabled, new_value=false, source=unknown"}
{"logTime": "1006/171603", "level": "INFO", "message": "Preference changed: name=optimization_guide.previously_registered_optimization_types, new_value=[object], source=unknown"}
{"logTime": "1006/171603", "level": "INFO", "message": "Preference changed: name=in_product_help.session_start_time, new_value=\"13435780563771201\", source=unknown"}
{"logTime": "1006/171603", "level": "INFO", "message": "Preference changed: name=in_product_help.session_number, new_value=32, source=unknown"}
{"logTime": "1006/171603", "level": "INFO", "message": "Preference changed: name=in_product_help.session_last_active_time, new_value=\"13435780563771201\", source=unknown"}
{"logTime": "1006/171603", "level": "INFO", "message": "Preference changed: name=in_product_help.recent_session_start_times, new_value=[object], source=unknown"}
{"logTime": "1006/171603", "level": "INFO", "message": "Preference changed: name=optimization_guide.previously_registered_optimization_types, new_value=[object], source=unknown"}
{"logTime": "1006/171603", "level": "INFO", "message": "Preference changed: name=profile.content_settings.exceptions.storage_access_header_origin_trial, new_value=[object], source=unknown"}
{"logTime": "1006/171603", "level": "INFO", "message": "Preference changed: name=edge_rewards.coachmark_promotions, new_value=[object], source=unknown"}
{"logTime": "1006/171603", "level": "INFO", "message": "Preference changed: name=edge_rewards.hva_promotions, new_value=[object], source=unknown"}
{"logTime": "1006/171603", "level": "INFO", "message": "Preference changed: name=profile.content_settings.exceptions.site_engagement, new_value=[object], source=unknown"}
{"logTime": "1006/171603", "level": "INFO", "message": "Preference changed: name=profile.last_engagement_time, new_value=\"13435780563989715\", source=unknown"}
{"logTime": "1006/171613", "level": "INFO", "message": "PrefStore write completed: store=4, success=true"}
{"logTime": "1006/171613", "level": "INFO", "message": "PrefStore write completed: store=4, success=true"}
{"logTime": "1006/171615", "level": "INFO", "message": "Preference changed: name=language_dwell_time_average, new_value=[object], source=unknown"}
{"logTime": "1006/171615", "level": "INFO", "message": "Preference changed: name=language_usage_count, new_value=[object], source=unknown"}
{"logTime": "1006/171615", "level": "INFO", "message": "Preference changed: name=profile.content_settings.exceptions.media_engagement, new_value=[object], source=unknown"}
{"logTime": "1006/171615", "level": "INFO", "message": "Preference changed: name=profile.observed_session_time, new_value=[object], source=unknown"}
{"logTime": "1006/171615", "level": "INFO", "message": "Preference changed: name=sessions.session_data_status, new_value=2, source=unknown"}
{"logTime": "1006/171615", "level": "INFO", "message": "Preference changed: name=sessions.session_data_status, new_value=3, source=unknown"}
{"logTime": "1006/171615", "level": "INFO", "message": "Preference changed: name=sessions.event_log, new_value=[object], source=unknown"}
{"logTime": "1007/021353", "level": "INFO", "message": "UserPrefStore loaded: error=NONE (0)"}
{"logTime": "1007/021353", "level": "INFO", "message": "Preference changed: name=optimization_guide.previously_registered_optimization_types, new_value=[object], source=unknown"}
{"logTime": "1007/021353", "level": "INFO", "message": "Preference changed: name=extensions.chrome_url_overrides, new_value=[object], source=unknown"}
{"logTime": "1007/021353", "level": "INFO", "message": "Preference changed: name=sessions.session_data_status, new_value=1, source=unknown"}
{"logTime": "1007/021353", "level": "INFO", "message": "Preference changed: name=sessions.event_log, new_value=[object], source=unknown"}
{"logTime": "1007/021353", "level": "INFO", "message": "Preference changed: name=optimization_guide.previously_registered_optimization_types, new_value=[object], source=unknown"}
{"logTime": "1007/021353", "level": "INFO", "message": "Preference changed: name=optimization_guide.previously_registered_optimization_types, new_value=[object], source=unknown"}
{"logTime": "1007/021353", "level": "INFO", "message": "Preference changed: name=optimization_guide.previously_registered_optimization_types, new_value=[object], source=unknown"}
{"logTime": "1007/021353", "level": "INFO", "message": "Preference changed: name=optimization_guide.previously_registered_optimization_types, new_value=[object], source=unknown"}
{"logTime": "1007/021353", "level": "INFO", "message": "Preference changed: name=optimization_guide.previously_registered_optimization_types, new_value=[object], source=unknown"}
{"logTime": "1007/021353", "level": "INFO", "message": "Preference changed: name=profile.network_pbs, new_value=[object], source=unknown"}
{"logTime": "1007/021353", "level": "INFO", "message": "Preference changed: name=profile.password_hash_data_list, new_value=[object], source=unknown"}
{"logTime": "1007/021353", "level": "INFO", "message": "Preference changed: name=schedule_to_flush_to_disk, new_value=\"13435812833641370\", source=unknown"}
{"logTime": "1007/021353", "level": "INFO", "message": "Preference changed: name=schedule_to_flush_to_disk, new_value=\"13435812833642069\", source=unknown"}
{"logTime": "1007/021353", "level": "INFO", "message": "Preference changed: name=edge.services.signin_scoped_device_id, new_value=\"00132935-e75a-4a62-98a8-952669514ae2\", source=unknown"}
{"logTime": "1007/021353", "level": "INFO", "message": "Preference changed: name=optimization_guide.previously_registered_optimization_types, new_value=[object], source=unknown"}
{"logTime": "1007/021353", "level": "INFO", "message": "Preference changed: name=extensions.chrome_url_overrides, new_value=[object], source=unknown"}
{"logTime": "1007/021353", "level": "INFO", "message": "Preference changed: name=autofill.credit_card_enabled, new_value=false, source=unknown"}
{"logTime": "1007/021353", "level": "INFO", "message": "Preference changed: name=enable_edge_collections, new_value=false, source=unknown"}
{"logTime": "1007/021353", "level": "INFO", "message": "Preference changed: name=resolve_navigation_errors_use_web_service.enabled, new_value=false, source=unknown"}
{"logTime": "1007/021353", "level": "INFO", "message": "Preference changed: name=alternate_error_pages.enabled, new_value=false, source=unknown"}
{"logTime": "1007/021353", "level": "INFO", "message": "Preference changed: name=optimization_guide.previously_registered_optimization_types, new_value=[object], source=unknown"}
{"logTime": "1007/021353", "level": "INFO", "message": "Preference changed: name=in_product_help.session_start_time, new_value=\"13435812833689757\", source=unknown"}
{"logTime": "1007/021353", "level": "INFO", "message": "Preference changed: name=in_product_help.session_number, new_value=33, source=unknown"}
{"logTime": "1007/021353", "level": "INFO", "message": "Preference changed: name=in_product_help.session_last_active_time, new_value=\"13435812833689757\", source=unknown"}
{"logTime": "1007/021353", "level": "INFO", "message": "Preference changed: name=in_product_help.recent_session_start_times, new_value=[object], source=unknown"}
{"logTime": "1007/021353", "level": "INFO", "message": "Preference changed: name=optimization_guide.previously_registered_optimization_types, new_value=[object], source=unknown"}
{"logTime": "1007/021353", "level": "INFO", "message": "Preference changed: name=profile.content_settings.exceptions.storage_access_header_origin_trial, new_value=[object], source=unknown"}
{"logTime": "1007/021353", "level": "INFO", "message": "Preference changed: name=sessions.session_data_status, new_value=2, source=unknown"}
{"logTime": "1007/021353", "level": "INFO", "message": "Preference changed: name=sessions.session_data_status, new_value=3, source=unknown"}
{"logTime": "1007/021353", "level": "INFO", "message": "Preference changed: name=sessions.session_data_status, new_value=1, source=unknown"}
{"logTime": "1007/021353", "level": "INFO", "message": "Preference changed: name=sessions.event_log, new_value=[object], source=unknown"}
{"logTime": "1007/021353", "level": "INFO", "message": "Preference changed: name=edge_rewards.coachmark_promotions, new_value=[object], source=unknown"}
{"logTime": "1007/021353", "level": "INFO", "message": "Preference changed: name=edge_rewards.hva_promotions, new_value=[object], source=unknown"}
{"logTime": "1007/021403", "level": "INFO", "message": "PrefStore write completed: store=4, success=true"}
{"logTime": "1007/021403", "level": "INFO", "message": "PrefStore write completed: store=4, success=true"}
{"logTime": "1007/021423", "level": "INFO", "message": "Preference changed: name=profile.last_time_password_store_metrics_reported, new_value=1791339263.631322, source=unknown"}
{"logTime": "1007/021423", "level": "INFO", "message": "Preference changed: name=edge_wallet.passwords.password_lost_report_date, new_value=\"13435812863631433\", source=unknown"}
{"logTime": "1007/021433", "level": "INFO", "message": "PrefStore write completed: store=4, success=true"}
{"logTime": "1007/021745", "level": "INFO", "message": "Preference changed: name=gaia_cookie.periodic_report_time_2, new_value=\"13435813065520946\", source=unknown"}
{"logTime": "1007/021745", "level": "INFO", "message": "Preference changed: name=muid.last_sync, new_value=\"13435813065536503\", source=unknown"}
{"logTime": "1007/021745", "level": "INFO", "message": "Preference changed: name=bookmark.storage_computation_last_update, new_value=\"13435813065536705\", source=unknown"}
{"logTime": "1007/021745", "level": "INFO", "message": "Preference changed: name=commerce_daily_metrics_last_update_time, new_value=\"13435813065536771\", source=unknown"}
{"logTime": "1007/021745", "level": "INFO", "message": "Preference changed: name=account_tracker_service_last_update, new_value=\"13435813065536830\", source=unknown"}
{"logTime": "1007/021755", "level": "INFO", "message": "PrefStore write completed: store=4, success=true"}
{"logTime": "1007/022016", "level": "INFO", "message": "Preference changed: name=profile.content_settings.exceptions.site_engagement, new_value=[object], source=unknown"}
{"logTime": "1007/022016", "level": "INFO", "message": "Preference changed: name=profile.last_engagement_time, new_value=\"13435784416733149\", source=unknown"}
{"logTime": "1007/031715", "level": "INFO", "message": "Preference changed: name=sessions.session_data_status, new_value=2, source=unknown"}
{"logTime": "1007/031715", "level": "INFO", "message": "Preference changed: name=sessions.session_data_status, new_value=3, source=unknown"}
{"logTime": "1007/031834", "level": "INFO", "message": "UserPrefStore loaded: error=NONE (0)"}
{"logTime": "1007/031834", "level": "INFO", "message": "Preference changed: name=optimization_guide.previously_registered_optimization_types, new_value=[object], source=unknown"}
{"logTime": "1007/031834", "level": "INFO", "message": "Preference changed: name=extensions.chrome_url_overrides, new_value=[object], source=unknown"}
{"logTime": "1007/031834", "level": "INFO", "message": "Preference changed: name=sessions.session_data_status, new_value=1, source=unknown"}
{"logTime": "1007/031834", "level": "INFO", "message": "Preference changed: name=sessions.event_log, new_value=[object], source=unknown"}
{"logTime": "1007/031834", "level": "INFO", "message": "Preference changed: name=optimization_guide.previously_registered_optimization_types, new_value=[object], source=unknown"}
{"logTime": "1007/031834", "level": "INFO", "message": "Preference changed: name=optimization_guide.previously_registered_optimization_types, new_value=[object], source=unknown"}
{"logTime": "1007/031834", "level": "INFO", "message": "Preference changed: name=optimization_guide.previously_registered_optimization_types, new_value=[object], source=unknown"}
{"logTime": "1007/031834", "level": "INFO", "message": "Preference changed: name=optimization_guide.previously_registered_optimization_types, new_value=[object], source=unknown"}
{"logTime": "1007/031834", "level": "INFO", "message": "Preference changed: name=optimization_guide.previously_registered_optimization_types, new_value=[object], source=unknown"}
{"logTime": "1007/031834", "level": "INFO", "message": "Preference changed: name=profile.network_pbs, new_value=[object], source=unknown"}
{"logTime": "1007/031834", "level": "INFO", "message": "Preference changed: name=profile.password_hash_data_list, new_value=[object], source=unknown"}
{"logTime": "1007/031834", "level": "INFO", "message": "Preference changed: name=schedule_to_flush_to_disk, new_value=\"13435816714935400\", source=unknown"}
{"logTime": "1007/031834", "level": "INFO", "message": "Preference changed: name=schedule_to_flush_to_disk, new_value=\"13435816714936069\", source=unknown"}
{"logTime": "1007/031834", "level": "INFO", "message": "Preference changed: name=edge.services.signin_scoped_device_id, new_value=\"0a715015-60f5-4a3c-9f3d-d43ac40184ba\", source=unknown"}
{"logTime": "1007/031834", "level": "INFO", "message": "Preference changed: name=optimization_guide.previously_registered_optimization_types, new_value=[object], source=unknown"}
{"logTime": "1007/031834", "level": "INFO", "message": "Preference changed: name=extensions.chrome_url_overrides, new_value=[object], source=unknown"}
{"logTime": "1007/031834", "level": "INFO", "message": "Preference changed: name=autofill.credit_card_enabled, new_value=false, source=unknown"}
{"logTime": "1007/031834", "level": "INFO", "message": "Preference changed: name=enable_edge_collections, new_value=false, source=unknown"}
{"logTime": "1007/031834", "level": "INFO", "message": "Preference changed: name=resolve_navigation_errors_use_web_service.enabled, new_value=false, source=unknown"}
{"logTime": "1007/031834", "level": "INFO", "message": "Preference changed: name=alternate_error_pages.enabled, new_value=false, source=unknown"}
{"logTime": "1007/031834", "level": "INFO", "message": "Preference changed: name=optimization_guide.previously_registered_optimization_types, new_value=[object], source=unknown"}
{"logTime": "1007/031834", "level": "INFO", "message": "Preference changed: name=in_product_help.session_last_active_time, new_value=\"13435816714980262\", source=unknown"}
{"logTime": "1007/031834", "level": "INFO", "message": "Preference changed: name=optimization_guide.previously_registered_optimization_types, new_value=[object], source=unknown"}
{"logTime": "1007/031834", "level": "INFO", "message": "Preference changed: name=profile.content_settings.exceptions.storage_access_header_origin_trial, new_value=[object], source=unknown"}
{"logTime": "1007/031835", "level": "INFO", "message": "Preference changed: name=edge_rewards.coachmark_promotions, new_value=[object], source=unknown"}
{"logTime": "1007/031835", "level": "INFO", "message": "Preference changed: name=edge_rewards.hva_promotions, new_value=[object], source=unknown"}
{"logTime": "1007/031840", "level": "INFO", "message": "Preference changed: name=sessions.session_data_status, new_value=2, source=unknown"}
{"logTime": "1007/031840", "level": "INFO", "message": "Preference changed: name=sessions.session_data_status, new_value=3, source=unknown"}
{"logTime": "1007/031840", "level": "INFO", "message": "Preference changed: name=sessions.event_log, new_value=[object], source=unknown"}
{"logTime": "1007/031918", "level": "INFO", "message": "UserPrefStore loaded: error=NONE (0)"}
{"logTime": "1007/031918", "level": "INFO", "message": "Preference changed: name=optimization_guide.previously_registered_optimization_types, new_value=[object], source=unknown"}
{"logTime": "1007/031918", "level": "INFO", "message": "Preference changed: name=extensions.chrome_url_overrides, new_value=[object], source=unknown"}
{"logTime": "1007/031918", "level": "INFO", "message": "Preference changed: name=sessions.session_data_status, new_value=1, source=unknown"}
{"logTime": "1007/031918", "level": "INFO", "message": "Preference changed: name=sessions.event_log, new_value=[object], source=unknown"}
{"logTime": "1007/031918", "level": "INFO", "message": "Preference changed: name=optimization_guide.previously_registered_optimization_types, new_value=[object], source=unknown"}
{"logTime": "1007/031918", "level": "INFO", "message": "Preference changed: name=optimization_guide.previously_registered_optimization_types, new_value=[object], source=unknown"}
{"logTime": "1007/031918", "level": "INFO", "message": "Preference changed: name=optimization_guide.previously_registered_optimization_types, new_value=[object], source=unknown"}
{"logTime": "1007/031918", "level": "INFO", "message": "Preference changed: name=optimization_guide.previously_registered_optimization_types, new_value=[object], source=unknown"}
{"logTime": "1007/031918", "level": "INFO", "message": "Preference changed: name=optimization_guide.previously_registered_optimization_types, new_value=[object], source=unknown"}
{"logTime": "1007/031918", "level": "INFO", "message": "Preference changed: name=profile.network_pbs, new_value=[object], source=unknown"}
{"logTime": "1007/031918", "level": "INFO", "message": "Preference changed: name=profile.password_hash_data_list, new_value=[object], source=unknown"}
{"logTime": "1007/031918", "level": "INFO", "message": "Preference changed: name=schedule_to_flush_to_disk, new_value=\"13435816758961965\", source=unknown"}
{"logTime": "1007/031918", "level": "INFO", "message": "Preference changed: name=schedule_to_flush_to_disk, new_value=\"13435816758962686\", source=unknown"}
{"logTime": "1007/031918", "level": "INFO", "message": "Preference changed: name=edge.services.signin_scoped_device_id, new_value=\"e1793ca0-78ce-495c-976f-5dccad7102d4\", source=unknown"}
{"logTime": "1007/031918", "level": "INFO", "message": "Preference changed: name=optimization_guide.previously_registered_optimization_types, new_value=[object], source=unknown"}
{"logTime": "1007/031918", "level": "INFO", "message": "Preference changed: name=extensions.chrome_url_overrides, new_value=[object], source=unknown"}
{"logTime": "1007/031918", "level": "INFO", "message": "Preference changed: name=autofill.credit_card_enabled, new_value=false, source=unknown"}
{"logTime": "1007/031918", "level": "INFO", "message": "Preference changed: name=enable_edge_collections, new_value=false, source=unknown"}
{"logTime": "1007/031918", "level": "INFO", "message": "Preference changed: name=resolve_navigation_errors_use_web_service.enabled, new_value=false, source=unknown"}
{"logTime": "1007/031918", "level": "INFO", "message": "Preference changed: name=alternate_error_pages.enabled, new_value=false, source=unknown"}
{"logTime": "1007/031918", "level": "INFO", "message": "Preference changed: name=optimization_guide.previously_registered_optimization_types, new_value=[object], source=unknown"}
{"logTime": "1007/031919", "level": "INFO", "message": "Preference changed: name=in_product_help.session_last_active_time, new_value=\"13435816759008444\", source=unknown"}
{"logTime": "1007/031919", "level": "INFO", "message": "Preference changed: name=optimization_guide.previously_registered_optimization_types, new_value=[object], source=unknown"}
{"logTime": "1007/031919", "level": "INFO", "message": "Preference changed: name=profile.content_settings.exceptions.storage_access_header_origin_trial, new_value=[object], source=unknown"}
{"logTime": "1007/031919", "level": "INFO", "message": "Preference changed: name=edge_rewards.coachmark_promotions, new_value=[object], source=unknown"}
{"logTime": "1007/031919", "level": "INFO", "message": "Preference changed: name=edge_rewards.hva_promotions, new_value=[object], source=unknown"}
{"logTime": "1007/031923", "level": "INFO", "message": "Preference changed: name=sessions.session_data_status, new_value=2, source=unknown"}
{"logTime": "1007/031923", "level": "INFO", "message": "Preference changed: name=sessions.session_data_status, new_value=3, source=unknown"}
{"logTime": "1007/031923", "level": "INFO", "message": "Preference changed: name=sessions.event_log, new_value=[object], source=unknown"}
{"logTime": "1007/032018", "level": "INFO", "message": "UserPrefStore loaded: error=NONE (0)"}
{"logTime": "1007/032018", "level": "INFO", "message": "Preference changed: name=optimization_guide.previously_registered_optimization_types, new_value=[object], source=unknown"}
{"logTime": "1007/032018", "level": "INFO", "message": "Preference changed: name=extensions.chrome_url_overrides, new_value=[object], source=unknown"}
{"logTime": "1007/032018", "level": "INFO", "message": "Preference changed: name=sessions.session_data_status, new_value=1, source=unknown"}
{"logTime": "1007/032018", "level": "INFO", "message": "Preference changed: name=sessions.event_log, new_value=[object], source=unknown"}
{"logTime": "1007/032018", "level": "INFO", "message": "Preference changed: name=optimization_guide.previously_registered_optimization_types, new_value=[object], source=unknown"}
{"logTime": "1007/032018", "level": "INFO", "message": "Preference changed: name=optimization_guide.previously_registered_optimization_types, new_value=[object], source=unknown"}
{"logTime": "1007/032018", "level": "INFO", "message": "Preference changed: name=optimization_guide.previously_registered_optimization_types, new_value=[object], source=unknown"}
{"logTime": "1007/032018", "level": "INFO", "message": "Preference changed: name=optimization_guide.previously_registered_optimization_types, new_value=[object], source=unknown"}
{"logTime": "1007/032018", "level": "INFO", "message": "Preference changed: name=optimization_guide.previously_registered_optimization_types, new_value=[object], source=unknown"}
{"logTime": "1007/032018", "level": "INFO", "message": "Preference changed: name=profile.network_pbs, new_value=[object], source=unknown"}
{"logTime": "1007/032018", "level": "INFO", "message": "Preference changed: name=profile.password_hash_data_list, new_value=[object], source=unknown"}
{"logTime": "1007/032018", "level": "INFO", "message": "Preference changed: name=schedule_to_flush_to_disk, new_value=\"13435816818291340\", source=unknown"}
{"logTime": "1007/032018", "level": "INFO", "message": "Preference changed: name=schedule_to_flush_to_disk, new_value=\"13435816818294038\", source=unknown"}
{"logTime": "1007/032018", "level": "INFO", "message": "Preference changed: name=edge.services.signin_scoped_device_id, new_value=\"025fe4a4-27f1-4465-a9f6-704383a8381d\", source=unknown"}
{"logTime": "1007/032018", "level": "INFO", "message": "Preference changed: name=optimization_guide.previously_registered_optimization_types, new_value=[object], source=unknown"}
{"logTime": "1007/032018", "level": "INFO", "message": "Preference changed: name=extensions.chrome_url_overrides, new_value=[object], source=unknown"}
{"logTime": "1007/032018", "level": "INFO", "message": "Preference changed: name=autofill.credit_card_enabled, new_value=false, source=unknown"}
{"logTime": "1007/032018", "level": "INFO", "message": "Preference changed: name=enable_edge_collections, new_value=false, source=unknown"}
{"logTime": "1007/032018", "level": "INFO", "message": "Preference changed: name=resolve_navigation_errors_use_web_service.enabled, new_value=false, source=unknown"}
{"logTime": "1007/032018", "level": "INFO", "message": "Preference changed: name=alternate_error_pages.enabled, new_value=false, source=unknown"}
{"logTime": "1007/032018", "level": "INFO", "message": "Preference changed: name=optimization_guide.previously_registered_optimization_types, new_value=[object], source=unknown"}
{"logTime": "1007/032018", "level": "INFO", "message": "Preference changed: name=in_product_help.session_last_active_time, new_value=\"13435816818429916\", source=unknown"}
{"logTime": "1007/032018", "level": "INFO", "message": "Preference changed: name=optimization_guide.previously_registered_optimization_types, new_value=[object], source=unknown"}
{"logTime": "1007/032018", "level": "INFO", "message": "Preference changed: name=profile.content_settings.exceptions.storage_access_header_origin_trial, new_value=[object], source=unknown"}
{"logTime": "1007/032018", "level": "INFO", "message": "Preference changed: name=profile.content_settings.exceptions.site_engagement, new_value=[object], source=unknown"}
{"logTime": "1007/032018", "level": "INFO", "message": "Preference changed: name=profile.last_engagement_time, new_value=\"13435788018556364\", source=unknown"}
{"logTime": "1007/032018", "level": "INFO", "message": "Preference changed: name=edge_rewards.coachmark_promotions, new_value=[object], source=unknown"}
{"logTime": "1007/032018", "level": "INFO", "message": "Preference changed: name=edge_rewards.hva_promotions, new_value=[object], source=unknown"}
{"logTime": "1007/032028", "level": "INFO", "message": "PrefStore write completed: store=4, success=true"}
{"logTime": "1007/032028", "level": "INFO", "message": "PrefStore write completed: store=4, success=true"}
{"logTime": "1007/032028", "level": "INFO", "message": "Preference changed: name=edge.bookmarks.last_dup_info_record_time, new_value=\"13435816828301878\", source=unknown"}
{"logTime": "1007/032038", "level": "INFO", "message": "PrefStore write completed: store=4, success=true"}
{"logTime": "1007/032201", "level": "INFO", "message": "Preference changed: name=sessions.event_log, new_value=[object], source=unknown"}
{"logTime": "1007/032211", "level": "INFO", "message": "PrefStore write completed: store=4, success=true"}
{"logTime": "1007/032357", "level": "INFO", "message": "Preference changed: name=sessions.session_data_status, new_value=2, source=unknown"}
{"logTime": "1007/032357", "level": "INFO", "message": "Preference changed: name=sessions.session_data_status, new_value=3, source=unknown"}
{"logTime": "1007/032442", "level": "INFO", "message": "UserPrefStore loaded: error=NONE (0)"}
{"logTime": "1007/032442", "level": "INFO", "message": "Preference changed: name=optimization_guide.previously_registered_optimization_types, new_value=[object], source=unknown"}
{"logTime": "1007/032442", "level": "INFO", "message": "Preference changed: name=extensions.chrome_url_overrides, new_value=[object], source=unknown"}
{"logTime": "1007/032442", "level": "INFO", "message": "Preference changed: name=sessions.session_data_status, new_value=1, source=unknown"}
{"logTime": "1007/032442", "level": "INFO", "message": "Preference changed: name=sessions.event_log, new_value=[object], source=unknown"}
{"logTime": "1007/032442", "level": "INFO", "message": "Preference changed: name=optimization_guide.previously_registered_optimization_types, new_value=[object], source=unknown"}
{"logTime": "1007/032442", "level": "INFO", "message": "Preference changed: name=optimization_guide.previously_registered_optimization_types, new_value=[object], source=unknown"}
{"logTime": "1007/032442", "level": "INFO", "message": "Preference changed: name=optimization_guide.previously_registered_optimization_types, new_value=[object], source=unknown"}
{"logTime": "1007/032442", "level": "INFO", "message": "Preference changed: name=optimization_guide.previously_registered_optimization_types, new_value=[object], source=unknown"}
{"logTime": "1007/032442", "level": "INFO", "message": "Preference changed: name=optimization_guide.previously_registered_optimization_types, new_value=[object], source=unknown"}
{"logTime": "1007/032442", "level": "INFO", "message": "Preference changed: name=profile.network_pbs, new_value=[object], source=unknown"}
{"logTime": "1007/032442", "level": "INFO", "message": "Preference changed: name=profile.password_hash_data_list, new_value=[object], source=unknown"}
{"logTime": "1007/032442", "level": "INFO", "message": "Preference changed: name=schedule_to_flush_to_disk, new_value=\"13435817082855005\", source=unknown"}
{"logTime": "1007/032442", "level": "INFO", "message": "Preference changed: name=schedule_to_flush_to_disk, new_value=\"13435817082855670\", source=unknown"}
{"logTime": "1007/032442", "level": "INFO", "message": "Preference changed: name=edge.services.signin_scoped_device_id, new_value=\"eb4347c9-c961-4083-b1b8-9c857dd19831\", source=unknown"}
{"logTime": "1007/032442", "level": "INFO", "message": "Preference changed: name=optimization_guide.previously_registered_optimization_types, new_value=[object], source=unknown"}
{"logTime": "1007/032442", "level": "INFO", "message": "Preference changed: name=extensions.chrome_url_overrides, new_value=[object], source=unknown"}
{"logTime": "1007/032442", "level": "INFO", "message": "Preference changed: name=autofill.credit_card_enabled, new_value=false, source=unknown"}
{"logTime": "1007/032442", "level": "INFO", "message": "Preference changed: name=enable_edge_collections, new_value=false, source=unknown"}
{"logTime": "1007/032442", "level": "INFO", "message": "Preference changed: name=resolve_navigation_errors_use_web_service.enabled, new_value=false, source=unknown"}
{"logTime": "1007/032442", "level": "INFO", "message": "Preference changed: name=alternate_error_pages.enabled, new_value=false, source=unknown"}
{"logTime": "1007/032442", "level": "INFO", "message": "Preference changed: name=optimization_guide.previously_registered_optimization_types, new_value=[object], source=unknown"}
{"logTime": "1007/032442", "level": "INFO", "message": "Preference changed: name=in_product_help.session_last_active_time, new_value=\"13435817082897971\", source=unknown"}
{"logTime": "1007/032442", "level": "INFO", "message": "Preference changed: name=optimization_guide.previously_registered_optimization_types, new_value=[object], source=unknown"}
{"logTime": "1007/032442", "level": "INFO", "message": "Preference changed: name=profile.content_settings.exceptions.storage_access_header_origin_trial, new_value=[object], source=unknown"}
{"logTime": "1007/032443", "level": "INFO", "message": "Preference changed: name=edge_rewards.coachmark_promotions, new_value=[object], source=unknown"}
{"logTime": "1007/032443", "level": "INFO", "message": "Preference changed: name=edge_rewards.hva_promotions, new_value=[object], source=unknown"}
{"logTime": "1007/032452", "level": "INFO", "message": "PrefStore write completed: store=4, success=true"}
{"logTime": "1007/032452", "level": "INFO", "message": "PrefStore write completed: store=4, success=true"}
{"logTime": "1007/033347", "level": "INFO", "message": "Preference changed: name=sessions.event_log, new_value=[object], source=unknown"}
{"logTime": "1007/033357", "level": "INFO", "message": "PrefStore write completed: store=4, success=true"}
{"logTime": "1007/042125", "level": "INFO", "message": "Preference changed: name=profile.content_settings.exceptions.site_engagement, new_value=[object], source=unknown"}
{"logTime": "1007/042125", "level": "INFO", "message": "Preference changed: name=profile.last_engagement_time, new_value=\"13435791685324314\", source=unknown"}
{"logTime": "1007/042128", "level": "INFO", "message": "Preference changed: name=language_dwell_time_average, new_value=[object], source=unknown"}
{"logTime": "1007/042128", "level": "INFO", "message": "Preference changed: name=language_usage_count, new_value=[object], source=unknown"}
{"logTime": "1007/042128", "level": "INFO", "message": "Preference changed: name=language_model_counters, new_value=[object], source=unknown"}
{"logTime": "1007/042138", "level": "INFO", "message": "PrefStore write completed: store=4, success=true"}
{"logTime": "1007/042208", "level": "INFO", "message": "Preference changed: name=sessions.session_data_status, new_value=2, source=unknown"}
{"logTime": "1007/042208", "level": "INFO", "message": "Preference changed: name=sessions.session_data_status, new_value=3, source=unknown"}
{"logTime": "1007/045107", "level": "INFO", "message": "UserPrefStore loaded: error=NONE (0)"}
{"logTime": "1007/045107", "level": "INFO", "message": "Preference changed: name=extensions.last_chrome_version, new_value=\"154.0.4258.62\", source=unknown"}
{"logTime": "1007/045107", "level": "INFO", "message": "Preference changed: name=optimization_guide.previously_registered_optimization_types, new_value=[object], source=unknown"}
{"logTime": "1007/045107", "level": "INFO", "message": "Preference changed: name=extensions.chrome_url_overrides, new_value=[object], source=unknown"}
{"logTime": "1007/045107", "level": "INFO", "message": "Preference changed: name=sessions.session_data_status, new_value=1, source=unknown"}
{"logTime": "1007/045107", "level": "INFO", "message": "Preference changed: name=sessions.event_log, new_value=[object], source=unknown"}
{"logTime": "1007/045107", "level": "INFO", "message": "Preference changed: name=optimization_guide.previously_registered_optimization_types, new_value=[object], source=unknown"}
{"logTime": "1007/045107", "level": "INFO", "message": "Preference changed: name=optimization_guide.previously_registered_optimization_types, new_value=[object], source=unknown"}
{"logTime": "1007/045107", "level": "INFO", "message": "Preference changed: name=optimization_guide.previously_registered_optimization_types, new_value=[object], source=unknown"}
{"logTime": "1007/045107", "level": "INFO", "message": "Preference changed: name=optimization_guide.previously_registered_optimization_types, new_value=[object], source=unknown"}
{"logTime": "1007/045107", "level": "INFO", "message": "Preference changed: name=optimization_guide.previously_registered_optimization_types, new_value=[object], source=unknown"}
{"logTime": "1007/045107", "level": "INFO", "message": "Preference changed: name=profile.network_pbs, new_value=[object], source=unknown"}
{"logTime": "1007/045107", "level": "INFO", "message": "Preference changed: name=extensions.settings, new_value=[object], source=unknown"}
{"logTime": "1007/045107", "level": "INFO", "message": "Preference changed: name=extensions.settings, new_value=[object], source=unknown"}
{"logTime": "1007/045107", "level": "INFO", "message": "Preference changed: name=profile.password_hash_data_list, new_value=[object], source=unknown"}
{"logTime": "1007/045107", "level": "INFO", "message": "Preference changed: name=schedule_to_flush_to_disk, new_value=\"13435822267670775\", source=unknown"}
{"logTime": "1007/045107", "level": "INFO", "message": "Preference changed: name=schedule_to_flush_to_disk, new_value=\"13435822267671522\", source=unknown"}
{"logTime": "1007/045107", "level": "INFO", "message": "Preference changed: name=edge.services.signin_scoped_device_id, new_value=\"a7df9571-dbc4-4aaf-b920-1b87c7256276\", source=unknown"}
{"logTime": "1007/045107", "level": "INFO", "message": "Preference changed: name=optimization_guide.previously_registered_optimization_types, new_value=[object], source=unknown"}
{"logTime": "1007/045107", "level": "INFO", "message": "Preference changed: name=extensions.chrome_url_overrides, new_value=[object], source=unknown"}
{"logTime": "1007/045107", "level": "INFO", "message": "Preference changed: name=autofill.credit_card_enabled, new_value=false, source=unknown"}
{"logTime": "1007/045107", "level": "INFO", "message": "Preference changed: name=enable_edge_collections, new_value=false, source=unknown"}
{"logTime": "1007/045107", "level": "INFO", "message": "Preference changed: name=resolve_navigation_errors_use_web_service.enabled, new_value=false, source=unknown"}
{"logTime": "1007/045107", "level": "INFO", "message": "Preference changed: name=alternate_error_pages.enabled, new_value=false, source=unknown"}
{"logTime": "1007/045107", "level": "INFO", "message": "Preference changed: name=optimization_guide.previously_registered_optimization_types, new_value=[object], source=unknown"}
{"logTime": "1007/045107", "level": "INFO", "message": "Preference changed: name=in_product_help.session_last_active_time, new_value=\"13435822267726288\", source=unknown"}
{"logTime": "1007/045107", "level": "INFO", "message": "Preference changed: name=optimization_guide.previously_registered_optimization_types, new_value=[object], source=unknown"}
{"logTime": "1007/045107", "level": "INFO", "message": "Preference changed: name=profile.content_settings.exceptions.storage_access_header_origin_trial, new_value=[object], source=unknown"}
{"logTime": "1007/045107", "level": "INFO", "message": "Preference changed: name=edge_rewards.coachmark_promotions, new_value=[object], source=unknown"}
{"logTime": "1007/045107", "level": "INFO", "message": "Preference changed: name=edge_rewards.hva_promotions, new_value=[object], source=unknown"}
{"logTime": "1007/045117", "level": "INFO", "message": "PrefStore write completed: store=4, success=true"}
{"logTime": "1007/045117", "level": "INFO", "message": "PrefStore write completed: store=4, success=true"}
{"logTime": "1007/045124", "level": "INFO", "message": "Preference changed: name=profile.content_settings.exceptions.site_engagement, new_value=[object], source=unknown"}
{"logTime": "1007/045124", "level": "INFO", "message": "Preference changed: name=profile.last_engagement_time, new_value=\"13435822284465860\", source=unknown"}
{"logTime": "1007/045329", "level": "INFO", "message": "Preference changed: name=language_dwell_time_average, new_value=[object], source=unknown"}
{"logTime": "1007/045329", "level": "INFO", "message": "Preference changed: name=language_usage_count, new_value=[object], source=unknown"}
{"logTime": "1007/045329", "level": "INFO", "message": "Preference changed: name=profile.content_settings.exceptions.media_engagement, new_value=[object], source=unknown"}
{"logTime": "1007/045329", "level": "INFO", "message": "Preference changed: name=profile.observed_session_time, new_value=[object], source=unknown"}
{"logTime": "1007/045329", "level": "INFO", "message": "Preference changed: name=sessions.session_data_status, new_value=2, source=unknown"}
{"logTime": "1007/045329", "level": "INFO", "message": "Preference changed: name=sessions.session_data_status, new_value=3, source=unknown"}
{"logTime": "1007/045329", "level": "INFO", "message": "Preference changed: name=sessions.event_log, new_value=[object], source=unknown"}
{"logTime": "1007/102532", "level": "INFO", "message": "UserPrefStore loaded: error=NONE (0)"}
{"logTime": "1007/102532", "level": "INFO", "message": "Preference changed: name=optimization_guide.previously_registered_optimization_types, new_value=[object], source=unknown"}
{"logTime": "1007/102532", "level": "INFO", "message": "Preference changed: name=extensions.chrome_url_overrides, new_value=[object], source=unknown"}
{"logTime": "1007/102532", "level": "INFO", "message": "Preference changed: name=sessions.session_data_status, new_value=1, source=unknown"}
{"logTime": "1007/102532", "level": "INFO", "message": "Preference changed: name=sessions.event_log, new_value=[object], source=unknown"}
{"logTime": "1007/102532", "level": "INFO", "message": "Preference changed: name=optimization_guide.previously_registered_optimization_types, new_value=[object], source=unknown"}
{"logTime": "1007/102532", "level": "INFO", "message": "Preference changed: name=optimization_guide.previously_registered_optimization_types, new_value=[object], source=unknown"}
{"logTime": "1007/102532", "level": "INFO", "message": "Preference changed: name=optimization_guide.previously_registered_optimization_types, new_value=[object], source=unknown"}
{"logTime": "1007/102532", "level": "INFO", "message": "Preference changed: name=optimization_guide.previously_registered_optimization_types, new_value=[object], source=unknown"}
{"logTime": "1007/102532", "level": "INFO", "message": "Preference changed: name=optimization_guide.previously_registered_optimization_types, new_value=[object], source=unknown"}
{"logTime": "1007/102532", "level": "INFO", "message": "Preference changed: name=profile.network_pbs, new_value=[object], source=unknown"}
{"logTime": "1007/102532", "level": "INFO", "message": "Preference changed: name=profile.password_hash_data_list, new_value=[object], source=unknown"}
{"logTime": "1007/102532", "level": "INFO", "message": "Preference changed: name=schedule_to_flush_to_disk, new_value=\"13435842332459768\", source=unknown"}
{"logTime": "1007/102532", "level": "INFO", "message": "Preference changed: name=schedule_to_flush_to_disk, new_value=\"13435842332460410\", source=unknown"}
{"logTime": "1007/102532", "level": "INFO", "message": "Preference changed: name=edge.services.signin_scoped_device_id, new_value=\"3f3ba366-8615-4de9-8a24-54fb8957bf37\", source=unknown"}
{"logTime": "1007/102532", "level": "INFO", "message": "Preference changed: name=optimization_guide.previously_registered_optimization_types, new_value=[object], source=unknown"}
{"logTime": "1007/102532", "level": "INFO", "message": "Preference changed: name=extensions.chrome_url_overrides, new_value=[object], source=unknown"}
{"logTime": "1007/102532", "level": "INFO", "message": "Preference changed: name=autofill.credit_card_enabled, new_value=false, source=unknown"}
{"logTime": "1007/102532", "level": "INFO", "message": "Preference changed: name=enable_edge_collections, new_value=false, source=unknown"}
{"logTime": "1007/102532", "level": "INFO", "message": "Preference changed: name=resolve_navigation_errors_use_web_service.enabled, new_value=false, source=unknown"}
{"logTime": "1007/102532", "level": "INFO", "message": "Preference changed: name=alternate_error_pages.enabled, new_value=false, source=unknown"}
{"logTime": "1007/102532", "level": "INFO", "message": "Preference changed: name=optimization_guide.previously_registered_optimization_types, new_value=[object], source=unknown"}
{"logTime": "1007/102532", "level": "INFO", "message": "Preference changed: name=in_product_help.session_start_time, new_value=\"13435842332507187\", source=unknown"}
{"logTime": "1007/102532", "level": "INFO", "message": "Preference changed: name=in_product_help.session_number, new_value=34, source=unknown"}
{"logTime": "1007/102532", "level": "INFO", "message": "Preference changed: name=in_product_help.session_last_active_time, new_value=\"13435842332507187\", source=unknown"}
{"logTime": "1007/102532", "level": "INFO", "message": "Preference changed: name=in_product_help.recent_session_start_times, new_value=[object], source=unknown"}
{"logTime": "1007/102532", "level": "INFO", "message": "Preference changed: name=optimization_guide.previously_registered_optimization_types, new_value=[object], source=unknown"}
{"logTime": "1007/102532", "level": "INFO", "message": "Preference changed: name=profile.content_settings.exceptions.storage_access_header_origin_trial, new_value=[object], source=unknown"}
{"logTime": "1007/102532", "level": "INFO", "message": "Preference changed: name=sessions.session_data_status, new_value=2, source=unknown"}
{"logTime": "1007/102532", "level": "INFO", "message": "Preference changed: name=sessions.session_data_status, new_value=3, source=unknown"}
{"logTime": "1007/102532", "level": "INFO", "message": "Preference changed: name=sessions.session_data_status, new_value=1, source=unknown"}
{"logTime": "1007/102532", "level": "INFO", "message": "Preference changed: name=sessions.event_log, new_value=[object], source=unknown"}
{"logTime": "1007/102532", "level": "INFO", "message": "Preference changed: name=edge_rewards.coachmark_promotions, new_value=[object], source=unknown"}
{"logTime": "1007/102532", "level": "INFO", "message": "Preference changed: name=edge_rewards.hva_promotions, new_value=[object], source=unknown"}
{"logTime": "1007/102542", "level": "INFO", "message": "PrefStore write completed: store=4, success=true"}
{"logTime": "1007/102542", "level": "INFO", "message": "PrefStore write completed: store=4, success=true"}
{"logTime": "1007/104409", "level": "INFO", "message": "Preference changed: name=sessions.session_data_status, new_value=2, source=unknown"}
{"logTime": "1007/104409", "level": "INFO", "message": "Preference changed: name=sessions.session_data_status, new_value=3, source=unknown"}
{"logTime": "1007/104409", "level": "INFO", "message": "UserPrefStore loaded: error=NONE (0)"}
{"logTime": "1007/104409", "level": "INFO", "message": "Preference changed: name=optimization_guide.previously_registered_optimization_types, new_value=[object], source=unknown"}
{"logTime": "1007/104409", "level": "INFO", "message": "Preference changed: name=extensions.chrome_url_overrides, new_value=[object], source=unknown"}
{"logTime": "1007/104409", "level": "INFO", "message": "Preference changed: name=sessions.session_data_status, new_value=1, source=unknown"}
{"logTime": "1007/104409", "level": "INFO", "message": "Preference changed: name=sessions.event_log, new_value=[object], source=unknown"}
{"logTime": "1007/104409", "level": "INFO", "message": "Preference changed: name=optimization_guide.previously_registered_optimization_types, new_value=[object], source=unknown"}
{"logTime": "1007/104409", "level": "INFO", "message": "Preference changed: name=optimization_guide.previously_registered_optimization_types, new_value=[object], source=unknown"}
{"logTime": "1007/104409", "level": "INFO", "message": "Preference changed: name=optimization_guide.previously_registered_optimization_types, new_value=[object], source=unknown"}
{"logTime": "1007/104409", "level": "INFO", "message": "Preference changed: name=optimization_guide.previously_registered_optimization_types, new_value=[object], source=unknown"}
{"logTime": "1007/104409", "level": "INFO", "message": "Preference changed: name=optimization_guide.previously_registered_optimization_types, new_value=[object], source=unknown"}
{"logTime": "1007/104409", "level": "INFO", "message": "Preference changed: name=profile.password_hash_data_list, new_value=[object], source=unknown"}
{"logTime": "1007/104409", "level": "INFO", "message": "Preference changed: name=autofill.credit_card_enabled, new_value=false, source=unknown"}
{"logTime": "1007/104409", "level": "INFO", "message": "Preference changed: name=enable_edge_collections, new_value=false, source=unknown"}
{"logTime": "1007/104409", "level": "INFO", "message": "Preference changed: name=resolve_navigation_errors_use_web_service.enabled, new_value=false, source=unknown"}
{"logTime": "1007/104409", "level": "INFO", "message": "Preference changed: name=alternate_error_pages.enabled, new_value=false, source=unknown"}
{"logTime": "1007/104409", "level": "INFO", "message": "Preference changed: name=optimization_guide.previously_registered_optimization_types, new_value=[object], source=unknown"}
{"logTime": "1007/104409", "level": "INFO", "message": "Preference changed: name=in_product_help.session_last_active_time, new_value=\"13435843449913308\", source=unknown"}
{"logTime": "1007/104409", "level": "INFO", "message": "Preference changed: name=optimization_guide.previously_registered_optimization_types, new_value=[object], source=unknown"}
{"logTime": "1007/104409", "level": "INFO", "message": "Preference changed: name=profile.content_settings.exceptions.storage_access_header_origin_trial, new_value=[object], source=unknown"}
{"logTime": "1007/104409", "level": "INFO", "message": "Preference changed: name=profile.network_pbs, new_value=[object], source=unknown"}
{"logTime": "1007/104409", "level": "INFO", "message": "Preference changed: name=schedule_to_flush_to_disk, new_value=\"13435843449933783\", source=unknown"}
{"logTime": "1007/104409", "level": "INFO", "message": "Preference changed: name=schedule_to_flush_to_disk, new_value=\"13435843449934797\", source=unknown"}
{"logTime": "1007/104409", "level": "INFO", "message": "Preference changed: name=edge.services.signin_scoped_device_id, new_value=\"81b937e4-12ed-4187-aca4-022d4d04f496\", source=unknown"}
{"logTime": "1007/104409", "level": "INFO", "message": "Preference changed: name=extensions.chrome_url_overrides, new_value=[object], source=unknown"}
{"logTime": "1007/104409", "level": "INFO", "message": "Preference changed: name=optimization_guide.previously_registered_optimization_types, new_value=[object], source=unknown"}
{"logTime": "1007/104410", "level": "INFO", "message": "Preference changed: name=edge_rewards.coachmark_promotions, new_value=[object], source=unknown"}
{"logTime": "1007/104410", "level": "INFO", "message": "Preference changed: name=edge_rewards.hva_promotions, new_value=[object], source=unknown"}
{"logTime": "1007/104419", "level": "INFO", "message": "PrefStore write completed: store=4, success=true"}
{"logTime": "1007/104419", "level": "INFO", "message": "PrefStore write completed: store=4, success=true"}
{"logTime": "1007/105031", "level": "INFO", "message": "Preference changed: name=sessions.session_data_status, new_value=2, source=unknown"}
{"logTime": "1007/105031", "level": "INFO", "message": "Preference changed: name=sessions.session_data_status, new_value=3, source=unknown"}
{"logTime": "1007/105031", "level": "INFO", "message": "Preference changed: name=sessions.event_log, new_value=[object], source=unknown"}
{"logTime": "1007/105031", "level": "INFO", "message": "UserPrefStore loaded: error=NONE (0)"}
{"logTime": "1007/105031", "level": "INFO", "message": "Preference changed: name=optimization_guide.previously_registered_optimization_types, new_value=[object], source=unknown"}
{"logTime": "1007/105031", "level": "INFO", "message": "Preference changed: name=extensions.chrome_url_overrides, new_value=[object], source=unknown"}
{"logTime": "1007/105031", "level": "INFO", "message": "Preference changed: name=sessions.session_data_status, new_value=1, source=unknown"}
{"logTime": "1007/105031", "level": "INFO", "message": "Preference changed: name=sessions.event_log, new_value=[object], source=unknown"}
{"logTime": "1007/105031", "level": "INFO", "message": "Preference changed: name=optimization_guide.previously_registered_optimization_types, new_value=[object], source=unknown"}
{"logTime": "1007/105031", "level": "INFO", "message": "Preference changed: name=optimization_guide.previously_registered_optimization_types, new_value=[object], source=unknown"}
{"logTime": "1007/105031", "level": "INFO", "message": "Preference changed: name=optimization_guide.previously_registered_optimization_types, new_value=[object], source=unknown"}
{"logTime": "1007/105031", "level": "INFO", "message": "Preference changed: name=optimization_guide.previously_registered_optimization_types, new_value=[object], source=unknown"}
{"logTime": "1007/105031", "level": "INFO", "message": "Preference changed: name=optimization_guide.previously_registered_optimization_types, new_value=[object], source=unknown"}
{"logTime": "1007/105031", "level": "INFO", "message": "Preference changed: name=profile.password_hash_data_list, new_value=[object], source=unknown"}
{"logTime": "1007/105031", "level": "INFO", "message": "Preference changed: name=autofill.credit_card_enabled, new_value=false, source=unknown"}
{"logTime": "1007/105031", "level": "INFO", "message": "Preference changed: name=enable_edge_collections, new_value=false, source=unknown"}
{"logTime": "1007/105031", "level": "INFO", "message": "Preference changed: name=resolve_navigation_errors_use_web_service.enabled, new_value=false, source=unknown"}
{"logTime": "1007/105031", "level": "INFO", "message": "Preference changed: name=alternate_error_pages.enabled, new_value=false, source=unknown"}
{"logTime": "1007/105031", "level": "INFO", "message": "Preference changed: name=optimization_guide.previously_registered_optimization_types, new_value=[object], source=unknown"}
{"logTime": "1007/105031", "level": "INFO", "message": "Preference changed: name=in_product_help.session_last_active_time, new_value=\"13435843831522027\", source=unknown"}
{"logTime": "1007/105031", "level": "INFO", "message": "Preference changed: name=optimization_guide.previously_registered_optimization_types, new_value=[object], source=unknown"}
{"logTime": "1007/105031", "level": "INFO", "message": "Preference changed: name=profile.content_settings.exceptions.storage_access_header_origin_trial, new_value=[object], source=unknown"}
{"logTime": "1007/105031", "level": "INFO", "message": "Preference changed: name=profile.network_pbs, new_value=[object], source=unknown"}
{"logTime": "1007/105031", "level": "INFO", "message": "Preference changed: name=schedule_to_flush_to_disk, new_value=\"13435843831577398\", source=unknown"}
{"logTime": "1007/105031", "level": "INFO", "message": "Preference changed: name=schedule_to_flush_to_disk, new_value=\"13435843831579509\", source=unknown"}
{"logTime": "1007/105031", "level": "INFO", "message": "Preference changed: name=edge.services.signin_scoped_device_id, new_value=\"dabdd364-cc99-4625-8eb3-f7c083e69b6c\", source=unknown"}
{"logTime": "1007/105031", "level": "INFO", "message": "Preference changed: name=extensions.chrome_url_overrides, new_value=[object], source=unknown"}
{"logTime": "1007/105031", "level": "INFO", "message": "Preference changed: name=optimization_guide.previously_registered_optimization_types, new_value=[object], source=unknown"}
{"logTime": "1007/105031", "level": "INFO", "message": "Preference changed: name=edge_rewards.coachmark_promotions, new_value=[object], source=unknown"}
{"logTime": "1007/105031", "level": "INFO", "message": "Preference changed: name=edge_rewards.hva_promotions, new_value=[object], source=unknown"}
{"logTime": "1007/105041", "level": "INFO", "message": "PrefStore write completed: store=4, success=true"}
{"logTime": "1007/105041", "level": "INFO", "message": "PrefStore write completed: store=4, success=true"}
{"logTime": "1007/105938", "level": "INFO", "message": "Preference changed: name=sessions.session_data_status, new_value=2, source=unknown"}
{"logTime": "1007/105938", "level": "INFO", "message": "Preference changed: name=sessions.session_data_status, new_value=3, source=unknown"}
{"logTime": "1007/105938", "level": "INFO", "message": "Preference changed: name=sessions.event_log, new_value=[object], source=unknown"}
{"logTime": "1007/110052", "level": "INFO", "message": "UserPrefStore loaded: error=NONE (0)"}
{"logTime": "1007/110052", "level": "INFO", "message": "Preference changed: name=optimization_guide.previously_registered_optimization_types, new_value=[object], source=unknown"}
{"logTime": "1007/110052", "level": "INFO", "message": "Preference changed: name=extensions.chrome_url_overrides, new_value=[object], source=unknown"}
{"logTime": "1007/110052", "level": "INFO", "message": "Preference changed: name=sessions.session_data_status, new_value=1, source=unknown"}
{"logTime": "1007/110052", "level": "INFO", "message": "Preference changed: name=sessions.event_log, new_value=[object], source=unknown"}
{"logTime": "1007/110052", "level": "INFO", "message": "Preference changed: name=optimization_guide.previously_registered_optimization_types, new_value=[object], source=unknown"}
{"logTime": "1007/110052", "level": "INFO", "message": "Preference changed: name=optimization_guide.previously_registered_optimization_types, new_value=[object], source=unknown"}
{"logTime": "1007/110052", "level": "INFO", "message": "Preference changed: name=optimization_guide.previously_registered_optimization_types, new_value=[object], source=unknown"}
{"logTime": "1007/110052", "level": "INFO", "message": "Preference changed: name=optimization_guide.previously_registered_optimization_types, new_value=[object], source=unknown"}
{"logTime": "1007/110052", "level": "INFO", "message": "Preference changed: name=optimization_guide.previously_registered_optimization_types, new_value=[object], source=unknown"}
{"logTime": "1007/110052", "level": "INFO", "message": "Preference changed: name=profile.network_pbs, new_value=[object], source=unknown"}
{"logTime": "1007/110052", "level": "INFO", "message": "Preference changed: name=profile.password_hash_data_list, new_value=[object], source=unknown"}
{"logTime": "1007/110052", "level": "INFO", "message": "Preference changed: name=schedule_to_flush_to_disk, new_value=\"13435844452901018\", source=unknown"}
{"logTime": "1007/110052", "level": "INFO", "message": "Preference changed: name=schedule_to_flush_to_disk, new_value=\"13435844452901692\", source=unknown"}
{"logTime": "1007/110052", "level": "INFO", "message": "Preference changed: name=edge.services.signin_scoped_device_id, new_value=\"1a3b1407-1fd7-4f72-82f3-82fc13b3fa13\", source=unknown"}
{"logTime": "1007/110052", "level": "INFO", "message": "Preference changed: name=optimization_guide.previously_registered_optimization_types, new_value=[object], source=unknown"}
{"logTime": "1007/110052", "level": "INFO", "message": "Preference changed: name=extensions.chrome_url_overrides, new_value=[object], source=unknown"}
{"logTime": "1007/110052", "level": "INFO", "message": "Preference changed: name=autofill.credit_card_enabled, new_value=false, source=unknown"}
{"logTime": "1007/110052", "level": "INFO", "message": "Preference changed: name=enable_edge_collections, new_value=false, source=unknown"}
{"logTime": "1007/110052", "level": "INFO", "message": "Preference changed: name=resolve_navigation_errors_use_web_service.enabled, new_value=false, source=unknown"}
{"logTime": "1007/110052", "level": "INFO", "message": "Preference changed: name=alternate_error_pages.enabled, new_value=false, source=unknown"}
{"logTime": "1007/110052", "level": "INFO", "message": "Preference changed: name=optimization_guide.previously_registered_optimization_types, new_value=[object], source=unknown"}
{"logTime": "1007/110052", "level": "INFO", "message": "Preference changed: name=in_product_help.session_last_active_time, new_value=\"13435844452947810\", source=unknown"}
{"logTime": "1007/110052", "level": "INFO", "message": "Preference changed: name=optimization_guide.previously_registered_optimization_types, new_value=[object], source=unknown"}
{"logTime": "1007/110052", "level": "INFO", "message": "Preference changed: name=profile.content_settings.exceptions.storage_access_header_origin_trial, new_value=[object], source=unknown"}
{"logTime": "1007/110053", "level": "INFO", "message": "Preference changed: name=edge_rewards.coachmark_promotions, new_value=[object], source=unknown"}
{"logTime": "1007/110053", "level": "INFO", "message": "Preference changed: name=edge_rewards.hva_promotions, new_value=[object], source=unknown"}
{"logTime": "1007/110102", "level": "INFO", "message": "PrefStore write completed: store=4, success=true"}
{"logTime": "1007/110102", "level": "INFO", "message": "PrefStore write completed: store=4, success=true"}
{"logTime": "1007/110640", "level": "INFO", "message": "Preference changed: name=language_model_counters, new_value=[object], source=unknown"}
{"logTime": "1007/111040", "level": "INFO", "message": "Preference changed: name=sessions.session_data_status, new_value=2, source=unknown"}
{"logTime": "1007/111040", "level": "INFO", "message": "Preference changed: name=sessions.session_data_status, new_value=3, source=unknown"}
{"logTime": "1007/111040", "level": "INFO", "message": "Preference changed: name=sessions.event_log, new_value=[object], source=unknown"}
{"logTime": "1007/154651", "level": "INFO", "message": "UserPrefStore loaded: error=NONE (0)"}
{"logTime": "1007/154651", "level": "INFO", "message": "Preference changed: name=optimization_guide.previously_registered_optimization_types, new_value=[object], source=unknown"}
{"logTime": "1007/154651", "level": "INFO", "message": "Preference changed: name=extensions.chrome_url_overrides, new_value=[object], source=unknown"}
{"logTime": "1007/154651", "level": "INFO", "message": "Preference changed: name=sessions.session_data_status, new_value=1, source=unknown"}
{"logTime": "1007/154651", "level": "INFO", "message": "Preference changed: name=sessions.event_log, new_value=[object], source=unknown"}
{"logTime": "1007/154651", "level": "INFO", "message": "Preference changed: name=optimization_guide.previously_registered_optimization_types, new_value=[object], source=unknown"}
{"logTime": "1007/154651", "level": "INFO", "message": "Preference changed: name=optimization_guide.previously_registered_optimization_types, new_value=[object], source=unknown"}
{"logTime": "1007/154651", "level": "INFO", "message": "Preference changed: name=optimization_guide.previously_registered_optimization_types, new_value=[object], source=unknown"}
{"logTime": "1007/154651", "level": "INFO", "message": "Preference changed: name=optimization_guide.previously_registered_optimization_types, new_value=[object], source=unknown"}
{"logTime": "1007/154651", "level": "INFO", "message": "Preference changed: name=optimization_guide.previously_registered_optimization_types, new_value=[object], source=unknown"}
{"logTime": "1007/154651", "level": "INFO", "message": "Preference changed: name=profile.network_pbs, new_value=[object], source=unknown"}
{"logTime": "1007/154651", "level": "INFO", "message": "Preference changed: name=profile.password_hash_data_list, new_value=[object], source=unknown"}
{"logTime": "1007/154651", "level": "INFO", "message": "Preference changed: name=schedule_to_flush_to_disk, new_value=\"13435861611553685\", source=unknown"}
{"logTime": "1007/154651", "level": "INFO", "message": "Preference changed: name=schedule_to_flush_to_disk, new_value=\"13435861611554437\", source=unknown"}
{"logTime": "1007/154651", "level": "INFO", "message": "Preference changed: name=edge.services.signin_scoped_device_id, new_value=\"2ed6c702-ee15-4fbb-bcf1-f3330cc761c5\", source=unknown"}
{"logTime": "1007/154651", "level": "INFO", "message": "Preference changed: name=optimization_guide.previously_registered_optimization_types, new_value=[object], source=unknown"}
{"logTime": "1007/154651", "level": "INFO", "message": "Preference changed: name=extensions.chrome_url_overrides, new_value=[object], source=unknown"}
{"logTime": "1007/154651", "level": "INFO", "message": "Preference changed: name=autofill.credit_card_enabled, new_value=false, source=unknown"}
{"logTime": "1007/154651", "level": "INFO", "message": "Preference changed: name=enable_edge_collections, new_value=false, source=unknown"}
{"logTime": "1007/154651", "level": "INFO", "message": "Preference changed: name=resolve_navigation_errors_use_web_service.enabled, new_value=false, source=unknown"}
{"logTime": "1007/154651", "level": "INFO", "message": "Preference changed: name=alternate_error_pages.enabled, new_value=false, source=unknown"}
{"logTime": "1007/154651", "level": "INFO", "message": "Preference changed: name=optimization_guide.previously_registered_optimization_types, new_value=[object], source=unknown"}
{"logTime": "1007/154651", "level": "INFO", "message": "Preference changed: name=in_product_help.session_start_time, new_value=\"13435861611603819\", source=unknown"}
{"logTime": "1007/154651", "level": "INFO", "message": "Preference changed: name=in_product_help.session_number, new_value=35, source=unknown"}
{"logTime": "1007/154651", "level": "INFO", "message": "Preference changed: name=in_product_help.session_last_active_time, new_value=\"13435861611603819\", source=unknown"}
{"logTime": "1007/154651", "level": "INFO", "message": "Preference changed: name=in_product_help.recent_session_start_times, new_value=[object], source=unknown"}
{"logTime": "1007/154651", "level": "INFO", "message": "Preference changed: name=optimization_guide.previously_registered_optimization_types, new_value=[object], source=unknown"}
{"logTime": "1007/154651", "level": "INFO", "message": "Preference changed: name=profile.content_settings.exceptions.storage_access_header_origin_trial, new_value=[object], source=unknown"}
{"logTime": "1007/154651", "level": "INFO", "message": "Preference changed: name=edge_rewards.coachmark_promotions, new_value=[object], source=unknown"}
{"logTime": "1007/154651", "level": "INFO", "message": "Preference changed: name=edge_rewards.hva_promotions, new_value=[object], source=unknown"}
{"logTime": "1007/154652", "level": "INFO", "message": "Preference changed: name=profile.content_settings.exceptions.site_engagement, new_value=[object], source=unknown"}
{"logTime": "1007/154652", "level": "INFO", "message": "Preference changed: name=profile.last_engagement_time, new_value=\"13435832812736747\", source=unknown"}
{"logTime": "1007/154652", "level": "INFO", "message": "Preference changed: name=profile.content_settings.exceptions.site_engagement, new_value=[object], source=unknown"}
{"logTime": "1007/154652", "level": "INFO", "message": "Preference changed: name=profile.last_engagement_time, new_value=\"13435861612800820\", source=unknown"}
{"logTime": "1007/154656", "level": "INFO", "message": "Preference changed: name=language_dwell_time_average, new_value=[object], source=unknown"}
{"logTime": "1007/154656", "level": "INFO", "message": "Preference changed: name=language_usage_count, new_value=[object], source=unknown"}
{"logTime": "1007/154656", "level": "INFO", "message": "Preference changed: name=profile.content_settings.exceptions.media_engagement, new_value=[object], source=unknown"}
{"logTime": "1007/154656", "level": "INFO", "message": "Preference changed: name=sessions.session_data_status, new_value=2, source=unknown"}
{"logTime": "1007/154656", "level": "INFO", "message": "Preference changed: name=sessions.session_data_status, new_value=3, source=unknown"}
{"logTime": "1007/154656", "level": "INFO", "message": "Preference changed: name=sessions.event_log, new_value=[object], source=unknown"}
{"logTime": "1008/030918", "level": "INFO", "message": "UserPrefStore loaded: error=NONE (0)"}
{"logTime": "1008/030918", "level": "INFO", "message": "Preference changed: name=gaia_cookie.periodic_report_time_2, new_value=\"13435902558802685\", source=unknown"}
{"logTime": "1008/030918", "level": "INFO", "message": "Preference changed: name=optimization_guide.previously_registered_optimization_types, new_value=[object], source=unknown"}
{"logTime": "1008/030918", "level": "INFO", "message": "Preference changed: name=extensions.chrome_url_overrides, new_value=[object], source=unknown"}
{"logTime": "1008/030918", "level": "INFO", "message": "Preference changed: name=sessions.session_data_status, new_value=1, source=unknown"}
{"logTime": "1008/030918", "level": "INFO", "message": "Preference changed: name=sessions.event_log, new_value=[object], source=unknown"}
{"logTime": "1008/030918", "level": "INFO", "message": "Preference changed: name=optimization_guide.previously_registered_optimization_types, new_value=[object], source=unknown"}
{"logTime": "1008/030918", "level": "INFO", "message": "Preference changed: name=optimization_guide.previously_registered_optimization_types, new_value=[object], source=unknown"}
{"logTime": "1008/030918", "level": "INFO", "message": "Preference changed: name=optimization_guide.previously_registered_optimization_types, new_value=[object], source=unknown"}
{"logTime": "1008/030918", "level": "INFO", "message": "Preference changed: name=optimization_guide.previously_registered_optimization_types, new_value=[object], source=unknown"}
{"logTime": "1008/030918", "level": "INFO", "message": "Preference changed: name=optimization_guide.previously_registered_optimization_types, new_value=[object], source=unknown"}
{"logTime": "1008/030918", "level": "INFO", "message": "Preference changed: name=profile.network_pbs, new_value=[object], source=unknown"}
{"logTime": "1008/030918", "level": "INFO", "message": "Preference changed: name=profile.password_hash_data_list, new_value=[object], source=unknown"}
{"logTime": "1008/030918", "level": "INFO", "message": "Preference changed: name=schedule_to_flush_to_disk, new_value=\"13435902558824259\", source=unknown"}
{"logTime": "1008/030918", "level": "INFO", "message": "Preference changed: name=schedule_to_flush_to_disk, new_value=\"13435902558824895\", source=unknown"}
{"logTime": "1008/030918", "level": "INFO", "message": "Preference changed: name=muid.last_sync, new_value=\"13435902558825011\", source=unknown"}
{"logTime": "1008/030918", "level": "INFO", "message": "Preference changed: name=bookmark.storage_computation_last_update, new_value=\"13435902558825188\", source=unknown"}
{"logTime": "1008/030918", "level": "INFO", "message": "Preference changed: name=edge.services.signin_scoped_device_id, new_value=\"c6d9900e-d6d7-4042-b33e-c8e66d8fac66\", source=unknown"}
{"logTime": "1008/030918", "level": "INFO", "message": "Preference changed: name=account_tracker_service_last_update, new_value=\"13435902558825528\", source=unknown"}
{"logTime": "1008/030918", "level": "INFO", "message": "Preference changed: name=commerce_daily_metrics_last_update_time, new_value=\"13435902558826514\", source=unknown"}
{"logTime": "1008/030918", "level": "INFO", "message": "Preference changed: name=optimization_guide.previously_registered_optimization_types, new_value=[object], source=unknown"}
{"logTime": "1008/030918", "level": "INFO", "message": "Preference changed: name=extensions.chrome_url_overrides, new_value=[object], source=unknown"}
{"logTime": "1008/030918", "level": "INFO", "message": "Preference changed: name=autofill.credit_card_enabled, new_value=false, source=unknown"}
{"logTime": "1008/030918", "level": "INFO", "message": "Preference changed: name=enable_edge_collections, new_value=false, source=unknown"}
{"logTime": "1008/030918", "level": "INFO", "message": "Preference changed: name=resolve_navigation_errors_use_web_service.enabled, new_value=false, source=unknown"}
{"logTime": "1008/030918", "level": "INFO", "message": "Preference changed: name=alternate_error_pages.enabled, new_value=false, source=unknown"}
{"logTime": "1008/030918", "level": "INFO", "message": "Preference changed: name=optimization_guide.previously_registered_optimization_types, new_value=[object], source=unknown"}
{"logTime": "1008/030918", "level": "INFO", "message": "Preference changed: name=in_product_help.session_start_time, new_value=\"13435902558871413\", source=unknown"}
{"logTime": "1008/030918", "level": "INFO", "message": "Preference changed: name=in_product_help.session_number, new_value=36, source=unknown"}
{"logTime": "1008/030918", "level": "INFO", "message": "Preference changed: name=in_product_help.session_last_active_time, new_value=\"13435902558871413\", source=unknown"}
{"logTime": "1008/030918", "level": "INFO", "message": "Preference changed: name=in_product_help.recent_session_start_times, new_value=[object], source=unknown"}
{"logTime": "1008/030918", "level": "INFO", "message": "Preference changed: name=optimization_guide.previously_registered_optimization_types, new_value=[object], source=unknown"}
{"logTime": "1008/030918", "level": "INFO", "message": "Preference changed: name=profile.content_settings.exceptions.storage_access_header_origin_trial, new_value=[object], source=unknown"}
{"logTime": "1008/030918", "level": "INFO", "message": "Preference changed: name=profile.content_settings.exceptions.site_engagement, new_value=[object], source=unknown"}
{"logTime": "1008/030918", "level": "INFO", "message": "Preference changed: name=profile.last_engagement_time, new_value=\"13435873758920295\", source=unknown"}
{"logTime": "1008/030919", "level": "INFO", "message": "Preference changed: name=edge_rewards.coachmark_promotions, new_value=[object], source=unknown"}
{"logTime": "1008/030919", "level": "INFO", "message": "Preference changed: name=edge_rewards.hva_promotions, new_value=[object], source=unknown"}
{"logTime": "1008/030919", "level": "INFO", "message": "Preference changed: name=language_model_counters, new_value=[object], source=unknown"}
{"logTime": "1008/030928", "level": "INFO", "message": "PrefStore write completed: store=4, success=true"}
{"logTime": "1008/030928", "level": "INFO", "message": "PrefStore write completed: store=4, success=true"}
{"logTime": "1008/030935", "level": "INFO", "message": "Preference changed: name=sessions.session_data_status, new_value=2, source=unknown"}
{"logTime": "1008/030935", "level": "INFO", "message": "Preference changed: name=sessions.session_data_status, new_value=3, source=unknown"}
{"logTime": "1008/030935", "level": "INFO", "message": "Preference changed: name=sessions.event_log, new_value=[object], source=unknown"}
{"logTime": "1008/031030", "level": "INFO", "message": "UserPrefStore loaded: error=NONE (0)"}
{"logTime": "1008/031030", "level": "INFO", "message": "Preference changed: name=optimization_guide.previously_registered_optimization_types, new_value=[object], source=unknown"}
{"logTime": "1008/031030", "level": "INFO", "message": "Preference changed: name=extensions.chrome_url_overrides, new_value=[object], source=unknown"}
{"logTime": "1008/031030", "level": "INFO", "message": "Preference changed: name=sessions.session_data_status, new_value=1, source=unknown"}
{"logTime": "1008/031030", "level": "INFO", "message": "Preference changed: name=sessions.event_log, new_value=[object], source=unknown"}
{"logTime": "1008/031030", "level": "INFO", "message": "Preference changed: name=optimization_guide.previously_registered_optimization_types, new_value=[object], source=unknown"}
{"logTime": "1008/031030", "level": "INFO", "message": "Preference changed: name=optimization_guide.previously_registered_optimization_types, new_value=[object], source=unknown"}
{"logTime": "1008/031030", "level": "INFO", "message": "Preference changed: name=optimization_guide.previously_registered_optimization_types, new_value=[object], source=unknown"}
{"logTime": "1008/031030", "level": "INFO", "message": "Preference changed: name=optimization_guide.previously_registered_optimization_types, new_value=[object], source=unknown"}
{"logTime": "1008/031030", "level": "INFO", "message": "Preference changed: name=optimization_guide.previously_registered_optimization_types, new_value=[object], source=unknown"}
{"logTime": "1008/031030", "level": "INFO", "message": "Preference changed: name=profile.network_pbs, new_value=[object], source=unknown"}
{"logTime": "1008/031030", "level": "INFO", "message": "Preference changed: name=profile.password_hash_data_list, new_value=[object], source=unknown"}
{"logTime": "1008/031030", "level": "INFO", "message": "Preference changed: name=schedule_to_flush_to_disk, new_value=\"13435902630090488\", source=unknown"}
{"logTime": "1008/031030", "level": "INFO", "message": "Preference changed: name=schedule_to_flush_to_disk, new_value=\"13435902630091221\", source=unknown"}
{"logTime": "1008/031030", "level": "INFO", "message": "Preference changed: name=edge.services.signin_scoped_device_id, new_value=\"eb78c247-909e-496b-8c45-5e8a25151f10\", source=unknown"}
{"logTime": "1008/031030", "level": "INFO", "message": "Preference changed: name=optimization_guide.previously_registered_optimization_types, new_value=[object], source=unknown"}
{"logTime": "1008/031030", "level": "INFO", "message": "Preference changed: name=extensions.chrome_url_overrides, new_value=[object], source=unknown"}
{"logTime": "1008/031030", "level": "INFO", "message": "Preference changed: name=autofill.credit_card_enabled, new_value=false, source=unknown"}
{"logTime": "1008/031030", "level": "INFO", "message": "Preference changed: name=enable_edge_collections, new_value=false, source=unknown"}
{"logTime": "1008/031030", "level": "INFO", "message": "Preference changed: name=resolve_navigation_errors_use_web_service.enabled, new_value=false, source=unknown"}
{"logTime": "1008/031030", "level": "INFO", "message": "Preference changed: name=alternate_error_pages.enabled, new_value=false, source=unknown"}
{"logTime": "1008/031030", "level": "INFO", "message": "Preference changed: name=optimization_guide.previously_registered_optimization_types, new_value=[object], source=unknown"}
{"logTime": "1008/031030", "level": "INFO", "message": "Preference changed: name=in_product_help.session_last_active_time, new_value=\"13435902630138882\", source=unknown"}
{"logTime": "1008/031030", "level": "INFO", "message": "Preference changed: name=optimization_guide.previously_registered_optimization_types, new_value=[object], source=unknown"}
{"logTime": "1008/031030", "level": "INFO", "message": "Preference changed: name=profile.content_settings.exceptions.storage_access_header_origin_trial, new_value=[object], source=unknown"}
{"logTime": "1008/031030", "level": "INFO", "message": "Preference changed: name=edge_rewards.coachmark_promotions, new_value=[object], source=unknown"}
{"logTime": "1008/031030", "level": "INFO", "message": "Preference changed: name=edge_rewards.hva_promotions, new_value=[object], source=unknown"}
{"logTime": "1008/031040", "level": "INFO", "message": "PrefStore write completed: store=4, success=true"}
{"logTime": "1008/031040", "level": "INFO", "message": "PrefStore write completed: store=4, success=true"}
{"logTime": "1008/031045", "level": "INFO", "message": "Preference changed: name=sessions.session_data_status, new_value=2, source=unknown"}
{"logTime": "1008/031045", "level": "INFO", "message": "Preference changed: name=sessions.session_data_status, new_value=3, source=unknown"}
{"logTime": "1008/031045", "level": "INFO", "message": "Preference changed: name=sessions.event_log, new_value=[object], source=unknown"}
{"logTime": "1008/032357", "level": "INFO", "message": "UserPrefStore loaded: error=NONE (0)"}
{"logTime": "1008/032357", "level": "INFO", "message": "Preference changed: name=optimization_guide.previously_registered_optimization_types, new_value=[object], source=unknown"}
{"logTime": "1008/032357", "level": "INFO", "message": "Preference changed: name=extensions.chrome_url_overrides, new_value=[object], source=unknown"}
{"logTime": "1008/032357", "level": "INFO", "message": "Preference changed: name=sessions.session_data_status, new_value=1, source=unknown"}
{"logTime": "1008/032357", "level": "INFO", "message": "Preference changed: name=sessions.event_log, new_value=[object], source=unknown"}
{"logTime": "1008/032357", "level": "INFO", "message": "Preference changed: name=optimization_guide.previously_registered_optimization_types, new_value=[object], source=unknown"}
{"logTime": "1008/032357", "level": "INFO", "message": "Preference changed: name=optimization_guide.previously_registered_optimization_types, new_value=[object], source=unknown"}
{"logTime": "1008/032357", "level": "INFO", "message": "Preference changed: name=optimization_guide.previously_registered_optimization_types, new_value=[object], source=unknown"}
{"logTime": "1008/032357", "level": "INFO", "message": "Preference changed: name=optimization_guide.previously_registered_optimization_types, new_value=[object], source=unknown"}
{"logTime": "1008/032357", "level": "INFO", "message": "Preference changed: name=optimization_guide.previously_registered_optimization_types, new_value=[object], source=unknown"}
{"logTime": "1008/032357", "level": "INFO", "message": "Preference changed: name=profile.network_pbs, new_value=[object], source=unknown"}
{"logTime": "1008/032357", "level": "INFO", "message": "Preference changed: name=profile.password_hash_data_list, new_value=[object], source=unknown"}
{"logTime": "1008/032357", "level": "INFO", "message": "Preference changed: name=schedule_to_flush_to_disk, new_value=\"13435903437187850\", source=unknown"}
{"logTime": "1008/032357", "level": "INFO", "message": "Preference changed: name=schedule_to_flush_to_disk, new_value=\"13435903437188526\", source=unknown"}
{"logTime": "1008/032357", "level": "INFO", "message": "Preference changed: name=edge.services.signin_scoped_device_id, new_value=\"d800183f-54c8-4c5d-a0da-56375933af55\", source=unknown"}
{"logTime": "1008/032357", "level": "INFO", "message": "Preference changed: name=optimization_guide.previously_registered_optimization_types, new_value=[object], source=unknown"}
{"logTime": "1008/032357", "level": "INFO", "message": "Preference changed: name=extensions.chrome_url_overrides, new_value=[object], source=unknown"}
{"logTime": "1008/032357", "level": "INFO", "message": "Preference changed: name=autofill.credit_card_enabled, new_value=false, source=unknown"}
{"logTime": "1008/032357", "level": "INFO", "message": "Preference changed: name=enable_edge_collections, new_value=false, source=unknown"}
{"logTime": "1008/032357", "level": "INFO", "message": "Preference changed: name=resolve_navigation_errors_use_web_service.enabled, new_value=false, source=unknown"}
{"logTime": "1008/032357", "level": "INFO", "message": "Preference changed: name=alternate_error_pages.enabled, new_value=false, source=unknown"}
{"logTime": "1008/032357", "level": "INFO", "message": "Preference changed: name=optimization_guide.previously_registered_optimization_types, new_value=[object], source=unknown"}
{"logTime": "1008/032357", "level": "INFO", "message": "Preference changed: name=in_product_help.session_last_active_time, new_value=\"13435903437238334\", source=unknown"}
{"logTime": "1008/032357", "level": "INFO", "message": "Preference changed: name=optimization_guide.previously_registered_optimization_types, new_value=[object], source=unknown"}
{"logTime": "1008/032357", "level": "INFO", "message": "Preference changed: name=profile.content_settings.exceptions.storage_access_header_origin_trial, new_value=[object], source=unknown"}
{"logTime": "1008/032357", "level": "INFO", "message": "Preference changed: name=edge_rewards.coachmark_promotions, new_value=[object], source=unknown"}
{"logTime": "1008/032357", "level": "INFO", "message": "Preference changed: name=edge_rewards.hva_promotions, new_value=[object], source=unknown"}
{"logTime": "1008/032407", "level": "INFO", "message": "PrefStore write completed: store=4, success=true"}
{"logTime": "1008/032407", "level": "INFO", "message": "PrefStore write completed: store=4, success=true"}
{"logTime": "1008/032407", "level": "INFO", "message": "Preference changed: name=edge.bookmarks.last_dup_info_record_time, new_value=\"13435903447189893\", source=unknown"}
{"logTime": "1008/032417", "level": "INFO", "message": "PrefStore write completed: store=4, success=true"}
{"logTime": "1008/032427", "level": "INFO", "message": "Preference changed: name=profile.last_time_password_store_metrics_reported, new_value=1791429867.170964, source=unknown"}
{"logTime": "1008/032427", "level": "INFO", "message": "Preference changed: name=edge_wallet.passwords.password_lost_report_date, new_value=\"13435903467171139\", source=unknown"}
{"logTime": "1008/032437", "level": "INFO", "message": "PrefStore write completed: store=4, success=true"}
{"logTime": "1008/032626", "level": "INFO", "message": "Preference changed: name=language_dwell_time_average, new_value=[object], source=unknown"}
{"logTime": "1008/032626", "level": "INFO", "message": "Preference changed: name=language_usage_count, new_value=[object], source=unknown"}
{"logTime": "1008/032626", "level": "INFO", "message": "Preference changed: name=language_model_counters, new_value=[object], source=unknown"}
{"logTime": "1008/032636", "level": "INFO", "message": "PrefStore write completed: store=4, success=true"}
{"logTime": "1008/032934", "level": "INFO", "message": "Preference changed: name=sessions.session_data_status, new_value=2, source=unknown"}
{"logTime": "1008/032934", "level": "INFO", "message": "Preference changed: name=sessions.session_data_status, new_value=3, source=unknown"}
{"logTime": "1008/032934", "level": "INFO", "message": "Preference changed: name=sessions.event_log, new_value=[object], source=unknown"}
{"logTime": "1008/032934", "level": "INFO", "message": "UserPrefStore loaded: error=NONE (0)"}
{"logTime": "1008/032934", "level": "INFO", "message": "Preference changed: name=optimization_guide.previously_registered_optimization_types, new_value=[object], source=unknown"}
{"logTime": "1008/032934", "level": "INFO", "message": "Preference changed: name=extensions.chrome_url_overrides, new_value=[object], source=unknown"}
{"logTime": "1008/032934", "level": "INFO", "message": "Preference changed: name=sessions.session_data_status, new_value=1, source=unknown"}
{"logTime": "1008/032934", "level": "INFO", "message": "Preference changed: name=sessions.event_log, new_value=[object], source=unknown"}
{"logTime": "1008/032934", "level": "INFO", "message": "Preference changed: name=optimization_guide.previously_registered_optimization_types, new_value=[object], source=unknown"}
{"logTime": "1008/032934", "level": "INFO", "message": "Preference changed: name=optimization_guide.previously_registered_optimization_types, new_value=[object], source=unknown"}
{"logTime": "1008/032934", "level": "INFO", "message": "Preference changed: name=optimization_guide.previously_registered_optimization_types, new_value=[object], source=unknown"}
{"logTime": "1008/032934", "level": "INFO", "message": "Preference changed: name=optimization_guide.previously_registered_optimization_types, new_value=[object], source=unknown"}
{"logTime": "1008/032934", "level": "INFO", "message": "Preference changed: name=optimization_guide.previously_registered_optimization_types, new_value=[object], source=unknown"}
{"logTime": "1008/032934", "level": "INFO", "message": "Preference changed: name=profile.password_hash_data_list, new_value=[object], source=unknown"}
{"logTime": "1008/032934", "level": "INFO", "message": "Preference changed: name=autofill.credit_card_enabled, new_value=false, source=unknown"}
{"logTime": "1008/032934", "level": "INFO", "message": "Preference changed: name=enable_edge_collections, new_value=false, source=unknown"}
{"logTime": "1008/032934", "level": "INFO", "message": "Preference changed: name=resolve_navigation_errors_use_web_service.enabled, new_value=false, source=unknown"}
{"logTime": "1008/032934", "level": "INFO", "message": "Preference changed: name=alternate_error_pages.enabled, new_value=false, source=unknown"}
{"logTime": "1008/032934", "level": "INFO", "message": "Preference changed: name=optimization_guide.previously_registered_optimization_types, new_value=[object], source=unknown"}
{"logTime": "1008/032934", "level": "INFO", "message": "Preference changed: name=in_product_help.session_last_active_time, new_value=\"13435903774079916\", source=unknown"}
{"logTime": "1008/032934", "level": "INFO", "message": "Preference changed: name=optimization_guide.previously_registered_optimization_types, new_value=[object], source=unknown"}
{"logTime": "1008/032934", "level": "INFO", "message": "Preference changed: name=profile.content_settings.exceptions.storage_access_header_origin_trial, new_value=[object], source=unknown"}
{"logTime": "1008/032934", "level": "INFO", "message": "Preference changed: name=profile.network_pbs, new_value=[object], source=unknown"}
{"logTime": "1008/032934", "level": "INFO", "message": "Preference changed: name=schedule_to_flush_to_disk, new_value=\"13435903774101982\", source=unknown"}
{"logTime": "1008/032934", "level": "INFO", "message": "Preference changed: name=schedule_to_flush_to_disk, new_value=\"13435903774102993\", source=unknown"}
{"logTime": "1008/032934", "level": "INFO", "message": "Preference changed: name=edge.services.signin_scoped_device_id, new_value=\"60516c45-71c6-4454-b5a5-cd28faf18deb\", source=unknown"}
{"logTime": "1008/032934", "level": "INFO", "message": "Preference changed: name=extensions.chrome_url_overrides, new_value=[object], source=unknown"}
{"logTime": "1008/032934", "level": "INFO", "message": "Preference changed: name=optimization_guide.previously_registered_optimization_types, new_value=[object], source=unknown"}
{"logTime": "1008/032934", "level": "INFO", "message": "Preference changed: name=edge_rewards.coachmark_promotions, new_value=[object], source=unknown"}
{"logTime": "1008/032934", "level": "INFO", "message": "Preference changed: name=edge_rewards.hva_promotions, new_value=[object], source=unknown"}
{"logTime": "1008/032944", "level": "INFO", "message": "PrefStore write completed: store=4, success=true"}
{"logTime": "1008/032944", "level": "INFO", "message": "PrefStore write completed: store=4, success=true"}
{"logTime": "1008/035214", "level": "INFO", "message": "Preference changed: name=sessions.event_log, new_value=[object], source=unknown"}
{"logTime": "1008/035224", "level": "INFO", "message": "PrefStore write completed: store=4, success=true"}
{"logTime": "1008/043047", "level": "INFO", "message": "Preference changed: name=profile.content_settings.exceptions.site_engagement, new_value=[object], source=unknown"}
{"logTime": "1008/043047", "level": "INFO", "message": "Preference changed: name=profile.last_engagement_time, new_value=\"13435878647706880\", source=unknown"}
{"logTime": "1008/043210", "level": "INFO", "message": "Preference changed: name=sessions.session_data_status, new_value=2, source=unknown"}
{"logTime": "1008/043210", "level": "INFO", "message": "Preference changed: name=sessions.session_data_status, new_value=3, source=unknown"}
{"logTime": "1008/043233", "level": "INFO", "message": "UserPrefStore loaded: error=NONE (0)"}
{"logTime": "1008/043233", "level": "INFO", "message": "Preference changed: name=optimization_guide.previously_registered_optimization_types, new_value=[object], source=unknown"}
{"logTime": "1008/043233", "level": "INFO", "message": "Preference changed: name=extensions.chrome_url_overrides, new_value=[object], source=unknown"}
{"logTime": "1008/043233", "level": "INFO", "message": "Preference changed: name=sessions.session_data_status, new_value=1, source=unknown"}
{"logTime": "1008/043233", "level": "INFO", "message": "Preference changed: name=sessions.event_log, new_value=[object], source=unknown"}
{"logTime": "1008/043233", "level": "INFO", "message": "Preference changed: name=optimization_guide.previously_registered_optimization_types, new_value=[object], source=unknown"}
{"logTime": "1008/043233", "level": "INFO", "message": "Preference changed: name=optimization_guide.previously_registered_optimization_types, new_value=[object], source=unknown"}
{"logTime": "1008/043233", "level": "INFO", "message": "Preference changed: name=optimization_guide.previously_registered_optimization_types, new_value=[object], source=unknown"}
{"logTime": "1008/043233", "level": "INFO", "message": "Preference changed: name=optimization_guide.previously_registered_optimization_types, new_value=[object], source=unknown"}
{"logTime": "1008/043233", "level": "INFO", "message": "Preference changed: name=optimization_guide.previously_registered_optimization_types, new_value=[object], source=unknown"}
{"logTime": "1008/043233", "level": "INFO", "message": "Preference changed: name=profile.network_pbs, new_value=[object], source=unknown"}
{"logTime": "1008/043233", "level": "INFO", "message": "Preference changed: name=profile.password_hash_data_list, new_value=[object], source=unknown"}
{"logTime": "1008/043233", "level": "INFO", "message": "Preference changed: name=schedule_to_flush_to_disk, new_value=\"13435907553683925\", source=unknown"}
{"logTime": "1008/043233", "level": "INFO", "message": "Preference changed: name=schedule_to_flush_to_disk, new_value=\"13435907553685753\", source=unknown"}
{"logTime": "1008/043233", "level": "INFO", "message": "Preference changed: name=edge.services.signin_scoped_device_id, new_value=\"8ba5ecd2-68fc-4870-ac07-97bb7aa4afd8\", source=unknown"}
{"logTime": "1008/043233", "level": "INFO", "message": "Preference changed: name=optimization_guide.previously_registered_optimization_types, new_value=[object], source=unknown"}
{"logTime": "1008/043233", "level": "INFO", "message": "Preference changed: name=extensions.chrome_url_overrides, new_value=[object], source=unknown"}
{"logTime": "1008/043233", "level": "INFO", "message": "Preference changed: name=autofill.credit_card_enabled, new_value=false, source=unknown"}
{"logTime": "1008/043233", "level": "INFO", "message": "Preference changed: name=enable_edge_collections, new_value=false, source=unknown"}
{"logTime": "1008/043233", "level": "INFO", "message": "Preference changed: name=resolve_navigation_errors_use_web_service.enabled, new_value=false, source=unknown"}
{"logTime": "1008/043233", "level": "INFO", "message": "Preference changed: name=alternate_error_pages.enabled, new_value=false, source=unknown"}
{"logTime": "1008/043233", "level": "INFO", "message": "Preference changed: name=optimization_guide.previously_registered_optimization_types, new_value=[object], source=unknown"}
{"logTime": "1008/043233", "level": "INFO", "message": "Preference changed: name=in_product_help.session_last_active_time, new_value=\"13435907553813310\", source=unknown"}
{"logTime": "1008/043233", "level": "INFO", "message": "Preference changed: name=optimization_guide.previously_registered_optimization_types, new_value=[object], source=unknown"}
{"logTime": "1008/043233", "level": "INFO", "message": "Preference changed: name=profile.content_settings.exceptions.storage_access_header_origin_trial, new_value=[object], source=unknown"}
{"logTime": "1008/043234", "level": "INFO", "message": "Preference changed: name=edge_rewards.coachmark_promotions, new_value=[object], source=unknown"}
{"logTime": "1008/043234", "level": "INFO", "message": "Preference changed: name=edge_rewards.hva_promotions, new_value=[object], source=unknown"}
{"logTime": "1008/043243", "level": "INFO", "message": "PrefStore write completed: store=4, success=true"}
{"logTime": "1008/043243", "level": "INFO", "message": "PrefStore write completed: store=4, success=true"}
{"logTime": "1008/043300", "level": "INFO", "message": "Preference changed: name=sessions.session_data_status, new_value=2, source=unknown"}
{"logTime": "1008/043300", "level": "INFO", "message": "Preference changed: name=sessions.session_data_status, new_value=3, source=unknown"}
{"logTime": "1008/043300", "level": "INFO", "message": "Preference changed: name=sessions.event_log, new_value=[object], source=unknown"}
{"logTime": "1008/043300", "level": "INFO", "message": "UserPrefStore loaded: error=NONE (0)"}
{"logTime": "1008/043300", "level": "INFO", "message": "Preference changed: name=optimization_guide.previously_registered_optimization_types, new_value=[object], source=unknown"}
{"logTime": "1008/043300", "level": "INFO", "message": "Preference changed: name=extensions.chrome_url_overrides, new_value=[object], source=unknown"}
{"logTime": "1008/043300", "level": "INFO", "message": "Preference changed: name=sessions.session_data_status, new_value=1, source=unknown"}
{"logTime": "1008/043300", "level": "INFO", "message": "Preference changed: name=sessions.event_log, new_value=[object], source=unknown"}
{"logTime": "1008/043300", "level": "INFO", "message": "Preference changed: name=optimization_guide.previously_registered_optimization_types, new_value=[object], source=unknown"}
{"logTime": "1008/043300", "level": "INFO", "message": "Preference changed: name=optimization_guide.previously_registered_optimization_types, new_value=[object], source=unknown"}
{"logTime": "1008/043300", "level": "INFO", "message": "Preference changed: name=optimization_guide.previously_registered_optimization_types, new_value=[object], source=unknown"}
{"logTime": "1008/043300", "level": "INFO", "message": "Preference changed: name=optimization_guide.previously_registered_optimization_types, new_value=[object], source=unknown"}
{"logTime": "1008/043300", "level": "INFO", "message": "Preference changed: name=optimization_guide.previously_registered_optimization_types, new_value=[object], source=unknown"}
{"logTime": "1008/043300", "level": "INFO", "message": "Preference changed: name=profile.password_hash_data_list, new_value=[object], source=unknown"}
{"logTime": "1008/043300", "level": "INFO", "message": "Preference changed: name=autofill.credit_card_enabled, new_value=false, source=unknown"}
{"logTime": "1008/043300", "level": "INFO", "message": "Preference changed: name=enable_edge_collections, new_value=false, source=unknown"}
{"logTime": "1008/043300", "level": "INFO", "message": "Preference changed: name=resolve_navigation_errors_use_web_service.enabled, new_value=false, source=unknown"}
{"logTime": "1008/043300", "level": "INFO", "message": "Preference changed: name=alternate_error_pages.enabled, new_value=false, source=unknown"}
{"logTime": "1008/043300", "level": "INFO", "message": "Preference changed: name=optimization_guide.previously_registered_optimization_types, new_value=[object], source=unknown"}
{"logTime": "1008/043300", "level": "INFO", "message": "Preference changed: name=in_product_help.session_last_active_time, new_value=\"13435907580993233\", source=unknown"}
{"logTime": "1008/043301", "level": "INFO", "message": "Preference changed: name=optimization_guide.previously_registered_optimization_types, new_value=[object], source=unknown"}
{"logTime": "1008/043301", "level": "INFO", "message": "Preference changed: name=profile.content_settings.exceptions.storage_access_header_origin_trial, new_value=[object], source=unknown"}
{"logTime": "1008/043301", "level": "INFO", "message": "Preference changed: name=profile.network_pbs, new_value=[object], source=unknown"}
{"logTime": "1008/043301", "level": "INFO", "message": "Preference changed: name=schedule_to_flush_to_disk, new_value=\"13435907581022245\", source=unknown"}
{"logTime": "1008/043301", "level": "INFO", "message": "Preference changed: name=schedule_to_flush_to_disk, new_value=\"13435907581023373\", source=unknown"}
{"logTime": "1008/043301", "level": "INFO", "message": "Preference changed: name=edge.services.signin_scoped_device_id, new_value=\"cc9f08a9-a2e3-4ccf-927a-bc733d50c659\", source=unknown"}
{"logTime": "1008/043301", "level": "INFO", "message": "Preference changed: name=extensions.chrome_url_overrides, new_value=[object], source=unknown"}
{"logTime": "1008/043301", "level": "INFO", "message": "Preference changed: name=optimization_guide.previously_registered_optimization_types, new_value=[object], source=unknown"}
{"logTime": "1008/043301", "level": "INFO", "message": "Preference changed: name=edge_rewards.coachmark_promotions, new_value=[object], source=unknown"}
{"logTime": "1008/043301", "level": "INFO", "message": "Preference changed: name=edge_rewards.hva_promotions, new_value=[object], source=unknown"}
{"logTime": "1008/043310", "level": "INFO", "message": "PrefStore write completed: store=4, success=true"}
{"logTime": "1008/043310", "level": "INFO", "message": "PrefStore write completed: store=4, success=true"}
{"logTime": "1008/043614", "level": "INFO", "message": "Preference changed: name=sessions.session_data_status, new_value=2, source=unknown"}
{"logTime": "1008/043614", "level": "INFO", "message": "Preference changed: name=sessions.session_data_status, new_value=3, source=unknown"}
{"logTime": "1008/043614", "level": "INFO", "message": "Preference changed: name=sessions.event_log, new_value=[object], source=unknown"}
