2026-09-21 12:13:35,481 [Worker-0: Loading available Gradle versions] INFO  o.e.b.c.i.u.g.PublishedGradleVersions - Gradle version information cache is not available. Remote download required.
2026-09-21 18:36:43,258 [Worker-0: Loading available Gradle versions] INFO  o.e.b.c.i.u.g.PublishedGradleVersions - Gradle version information cache is up-to-date. Trying to read.
2026-09-21 21:36:25,487 [Worker-14: Loading available Gradle versions] INFO  o.e.b.c.i.u.g.PublishedGradleVersions - Gradle version information cache is up-to-date. Trying to read.
2026-09-22 08:07:17,187 [Worker-2: Loading available Gradle versions] INFO  o.e.b.c.i.u.g.PublishedGradleVersions - Gradle version information cache is up-to-date. Trying to read.
2026-09-22 14:11:04,208 [Worker-6: Loading available Gradle versions] INFO  o.e.b.c.i.u.g.PublishedGradleVersions - Gradle version information cache is out-of-date. Trying to update.
2026-09-22 18:08:32,934 [Worker-4: Loading available Gradle versions] INFO  o.e.b.c.i.u.g.PublishedGradleVersions - Gradle version information cache is up-to-date. Trying to read.
2026-09-22 21:33:11,881 [Worker-0: Loading available Gradle versions] INFO  o.e.b.c.i.u.g.PublishedGradleVersions - Gradle version information cache is up-to-date. Trying to read.
2026-09-22 21:39:14,035 [Worker-0: Loading available Gradle versions] INFO  o.e.b.c.i.u.g.PublishedGradleVersions - Gradle version information cache is up-to-date. Trying to read.
2026-09-22 22:36:08,626 [Worker-2: Loading available Gradle versions] INFO  o.e.b.c.i.u.g.PublishedGradleVersions - Gradle version information cache is up-to-date. Trying to read.
2026-09-23 07:37:57,686 [Worker-4: Loading available Gradle versions] INFO  o.e.b.c.i.u.g.PublishedGradleVersions - Gradle version information cache is up-to-date. Trying to read.
2026-09-23 14:32:18,620 [Worker-0: Loading available Gradle versions] INFO  o.e.b.c.i.u.g.PublishedGradleVersions - Gradle version information cache is out-of-date. Trying to update.
2026-09-23 21:42:28,910 [Worker-2: Loading available Gradle versions] INFO  o.e.b.c.i.u.g.PublishedGradleVersions - Gradle version information cache is up-to-date. Trying to read.
2026-09-23 22:39:23,008 [Worker-4: Loading available Gradle versions] INFO  o.e.b.c.i.u.g.PublishedGradleVersions - Gradle version information cache is up-to-date. Trying to read.
2026-09-24 00:10:18,626 [Worker-5: Loading available Gradle versions] INFO  o.e.b.c.i.u.g.PublishedGradleVersions - Gradle version information cache is up-to-date. Trying to read.
2026-09-24 00:45:33,367 [Worker-4: Loading available Gradle versions] INFO  o.e.b.c.i.u.g.PublishedGradleVersions - Gradle version information cache is up-to-date. Trying to read.
2026-09-24 00:49:37,056 [Worker-5: Loading available Gradle versions] INFO  o.e.b.c.i.u.g.PublishedGradleVersions - Gradle version information cache is up-to-date. Trying to read.
2026-09-24 07:43:06,185 [Worker-6: Loading available Gradle versions] INFO  o.e.b.c.i.u.g.PublishedGradleVersions - Gradle version information cache is up-to-date. Trying to read.
2026-09-24 14:14:19,217 [Worker-6: Loading available Gradle versions] INFO  o.e.b.c.i.u.g.PublishedGradleVersions - Gradle version information cache is up-to-date. Trying to read.
2026-09-24 22:19:45,434 [Worker-1: Loading available Gradle versions] INFO  o.e.b.c.i.u.g.PublishedGradleVersions - Gradle version information cache is out-of-date. Trying to update.
2026-09-24 23:00:13,541 [Worker-44: Debug Event Dispatch] ERROR o.e.m.j.i.l.MavenLaunchConfigurationListener - Launch configuration Payment references non-existing project Practice.
org.eclipse.core.runtime.CoreException: Launch configuration Payment references non-existing project Practice.
	at org.eclipse.jdt.launching.JavaRuntime.abort(JavaRuntime.java:1915)
	at org.eclipse.jdt.launching.JavaRuntime.getJavaProject(JavaRuntime.java:1792)
	at org.eclipse.m2e.jdt.internal.launch.MavenLaunchConfigurationListener.updateLaunchConfiguration(MavenLaunchConfigurationListener.java:66)
	at org.eclipse.m2e.jdt.internal.launch.MavenLaunchConfigurationListener.launchConfigurationChanged(MavenLaunchConfigurationListener.java:52)
	at org.eclipse.debug.internal.core.LaunchManager$ConfigurationNotifier.run(LaunchManager.java:220)
	at org.eclipse.core.runtime.SafeRunner.run(SafeRunner.java:47)
	at org.eclipse.debug.internal.core.LaunchManager$ConfigurationNotifier.notify(LaunchManager.java:204)
	at org.eclipse.debug.internal.core.LaunchConfigurationWorkingCopy.setDirty(LaunchConfigurationWorkingCopy.java:527)
	at org.eclipse.debug.internal.core.LaunchConfigurationWorkingCopy.setAttribute(LaunchConfigurationWorkingCopy.java:415)
	at org.eclipse.debug.core.Launch.fireTerminate(Launch.java:489)
	at org.eclipse.debug.core.Launch.handleDebugEvents(Launch.java:668)
	at org.eclipse.debug.core.DebugPlugin$EventNotifier.run(DebugPlugin.java:1423)
	at org.eclipse.core.runtime.SafeRunner.run(SafeRunner.java:47)
	at org.eclipse.debug.core.DebugPlugin$EventNotifier.dispatch(DebugPlugin.java:1457)
	at org.eclipse.debug.core.DebugPlugin$EventDispatchJob.run(DebugPlugin.java:522)
	at org.eclipse.core.internal.jobs.Worker.run(Worker.java:63)
2026-09-24 23:00:13,559 [Worker-44: Debug Event Dispatch] ERROR o.e.m.j.i.l.MavenLaunchConfigurationListener - Launch configuration Payment references non-existing project Practice.
org.eclipse.core.runtime.CoreException: Launch configuration Payment references non-existing project Practice.
	at org.eclipse.jdt.launching.JavaRuntime.abort(JavaRuntime.java:1915)
	at org.eclipse.jdt.launching.JavaRuntime.getJavaProject(JavaRuntime.java:1792)
	at org.eclipse.m2e.jdt.internal.launch.MavenLaunchConfigurationListener.updateLaunchConfiguration(MavenLaunchConfigurationListener.java:66)
	at org.eclipse.m2e.jdt.internal.launch.MavenLaunchConfigurationListener.launchConfigurationChanged(MavenLaunchConfigurationListener.java:52)
	at org.eclipse.debug.internal.core.LaunchManager$ConfigurationNotifier.run(LaunchManager.java:220)
	at org.eclipse.core.runtime.SafeRunner.run(SafeRunner.java:47)
	at org.eclipse.debug.internal.core.LaunchManager$ConfigurationNotifier.notify(LaunchManager.java:204)
	at org.eclipse.debug.internal.core.LaunchManager.launchConfigurationChanged(LaunchManager.java:2007)
	at org.eclipse.debug.internal.core.LaunchConfigurationWorkingCopy.writeNewFile(LaunchConfigurationWorkingCopy.java:380)
	at org.eclipse.debug.internal.core.LaunchConfigurationWorkingCopy.doSave0(LaunchConfigurationWorkingCopy.java:259)
	at org.eclipse.debug.internal.core.LaunchConfigurationWorkingCopy.doSave(LaunchConfigurationWorkingCopy.java:229)
	at org.eclipse.debug.internal.core.LaunchConfigurationWorkingCopy.doSave(LaunchConfigurationWorkingCopy.java:187)
	at org.eclipse.debug.core.Launch.fireTerminate(Launch.java:490)
	at org.eclipse.debug.core.Launch.handleDebugEvents(Launch.java:668)
	at org.eclipse.debug.core.DebugPlugin$EventNotifier.run(DebugPlugin.java:1423)
	at org.eclipse.core.runtime.SafeRunner.run(SafeRunner.java:47)
	at org.eclipse.debug.core.DebugPlugin$EventNotifier.dispatch(DebugPlugin.java:1457)
	at org.eclipse.debug.core.DebugPlugin$EventDispatchJob.run(DebugPlugin.java:522)
	at org.eclipse.core.internal.jobs.Worker.run(Worker.java:63)
2026-09-25 07:44:16,935 [Worker-2: Loading available Gradle versions] INFO  o.e.b.c.i.u.g.PublishedGradleVersions - Gradle version information cache is up-to-date. Trying to read.
2026-09-26 12:46:23,202 [Worker-1: Loading available Gradle versions] INFO  o.e.b.c.i.u.g.PublishedGradleVersions - Gradle version information cache is out-of-date. Trying to update.
2026-09-26 16:50:37,963 [Worker-3: Loading available Gradle versions] INFO  o.e.b.c.i.u.g.PublishedGradleVersions - Gradle version information cache is up-to-date. Trying to read.
2026-09-26 21:02:51,802 [Worker-3: Loading available Gradle versions] INFO  o.e.b.c.i.u.g.PublishedGradleVersions - Gradle version information cache is up-to-date. Trying to read.
2026-09-28 07:21:34,329 [Worker-3: Loading available Gradle versions] INFO  o.e.b.c.i.u.g.PublishedGradleVersions - Gradle version information cache is out-of-date. Trying to update.
2026-09-28 07:56:27,579 [Worker-6: Loading available Gradle versions] INFO  o.e.b.c.i.u.g.PublishedGradleVersions - Gradle version information cache is up-to-date. Trying to read.
2026-09-28 08:38:01,060 [Worker-4: Loading available Gradle versions] INFO  o.e.b.c.i.u.g.PublishedGradleVersions - Gradle version information cache is up-to-date. Trying to read.
2026-09-28 17:03:17,295 [Worker-0: Loading available Gradle versions] INFO  o.e.b.c.i.u.g.PublishedGradleVersions - Gradle version information cache is up-to-date. Trying to read.
2026-09-28 23:13:34,201 [Worker-4: Loading available Gradle versions] INFO  o.e.b.c.i.u.g.PublishedGradleVersions - Gradle version information cache is up-to-date. Trying to read.
2026-09-30 07:47:17,842 [Worker-5: Loading available Gradle versions] INFO  o.e.b.c.i.u.g.PublishedGradleVersions - Gradle version information cache is out-of-date. Trying to update.
2026-10-01 00:37:23,413 [Worker-5: Loading available Gradle versions] INFO  o.e.b.c.i.u.g.PublishedGradleVersions - Gradle version information cache is up-to-date. Trying to read.
2026-10-01 07:44:27,439 [Worker-3: Loading available Gradle versions] INFO  o.e.b.c.i.u.g.PublishedGradleVersions - Gradle version information cache is up-to-date. Trying to read.
2026-10-02 14:41:10,649 [Worker-23: Loading available Gradle versions] INFO  o.e.b.c.i.u.g.PublishedGradleVersions - Gradle version information cache is out-of-date. Trying to update.
2026-10-02 15:46:46,915 [Worker-19: Loading available Gradle versions] INFO  o.e.b.c.i.u.g.PublishedGradleVersions - Gradle version information cache is up-to-date. Trying to read.
2026-10-02 23:37:15,353 [Worker-3: Loading available Gradle versions] INFO  o.e.b.c.i.u.g.PublishedGradleVersions - Gradle version information cache is up-to-date. Trying to read.
2026-10-03 09:13:54,707 [Worker-5: Loading available Gradle versions] INFO  o.e.b.c.i.u.g.PublishedGradleVersions - Gradle version information cache is up-to-date. Trying to read.
2026-10-03 22:45:03,087 [Worker-1: Loading available Gradle versions] INFO  o.e.b.c.i.u.g.PublishedGradleVersions - Gradle version information cache is out-of-date. Trying to update.
2026-10-04 00:07:59,594 [Worker-0: Loading available Gradle versions] INFO  o.e.b.c.i.u.g.PublishedGradleVersions - Gradle version information cache is up-to-date. Trying to read.
2026-10-04 23:57:38,386 [Worker-5: Loading available Gradle versions] INFO  o.e.b.c.i.u.g.PublishedGradleVersions - Gradle version information cache is out-of-date. Trying to update.
2026-10-05 07:42:02,133 [Worker-1: Loading available Gradle versions] INFO  o.e.b.c.i.u.g.PublishedGradleVersions - Gradle version information cache is up-to-date. Trying to read.
2026-10-05 12:07:41,024 [Worker-26: Loading available Gradle versions] INFO  o.e.b.c.i.u.g.PublishedGradleVersions - Gradle version information cache is up-to-date. Trying to read.
2026-10-05 16:52:30,629 [Worker-4: Loading available Gradle versions] INFO  o.e.b.c.i.u.g.PublishedGradleVersions - Gradle version information cache is up-to-date. Trying to read.
2026-10-06 07:47:38,051 [Worker-4: Loading available Gradle versions] INFO  o.e.b.c.i.u.g.PublishedGradleVersions - Gradle version information cache is out-of-date. Trying to update.
2026-10-06 07:54:42,640 [Worker-0: Loading available Gradle versions] INFO  o.e.b.c.i.u.g.PublishedGradleVersions - Gradle version information cache is up-to-date. Trying to read.
2026-10-06 10:35:25,655 [main] ERROR o.e.m.j.i.l.MavenLaunchConfigurationListener - Launch configuration New_configuration (1) references non-existing project ForLoop.
org.eclipse.core.runtime.CoreException: Launch configuration New_configuration (1) references non-existing project ForLoop.
	at org.eclipse.jdt.launching.JavaRuntime.abort(JavaRuntime.java:1915)
	at org.eclipse.jdt.launching.JavaRuntime.getJavaProject(JavaRuntime.java:1792)
	at org.eclipse.m2e.jdt.internal.launch.MavenLaunchConfigurationListener.updateLaunchConfiguration(MavenLaunchConfigurationListener.java:66)
	at org.eclipse.m2e.jdt.internal.launch.MavenLaunchConfigurationListener.launchConfigurationChanged(MavenLaunchConfigurationListener.java:52)
	at org.eclipse.debug.internal.core.LaunchManager$ConfigurationNotifier.run(LaunchManager.java:220)
	at org.eclipse.core.runtime.SafeRunner.run(SafeRunner.java:47)
	at org.eclipse.debug.internal.core.LaunchManager$ConfigurationNotifier.notify(LaunchManager.java:204)
	at org.eclipse.debug.internal.core.LaunchConfigurationWorkingCopy.setDirty(LaunchConfigurationWorkingCopy.java:527)
	at org.eclipse.debug.internal.core.LaunchConfigurationWorkingCopy.setAttribute(LaunchConfigurationWorkingCopy.java:415)
	at org.eclipse.jdt.debug.ui.launchConfigurations.JavaMainTab.performApply(JavaMainTab.java:233)
	at org.eclipse.debug.internal.ui.launchConfigurations.LaunchConfigurationTabGroupViewer.refresh(LaunchConfigurationTabGroupViewer.java:531)
	at org.eclipse.debug.internal.ui.launchConfigurations.LaunchConfigurationsDialog.updateButtons(LaunchConfigurationsDialog.java:1667)
	at org.eclipse.debug.ui.AbstractLaunchConfigurationTab.updateLaunchConfigurationDialog(AbstractLaunchConfigurationTab.java:155)
	at org.eclipse.jdt.internal.debug.ui.launcher.AbstractJavaMainTab.access$0(AbstractJavaMainTab.java:1)
	at org.eclipse.jdt.internal.debug.ui.launcher.AbstractJavaMainTab$WidgetListener.modifyText(AbstractJavaMainTab.java:65)
	at org.eclipse.swt.widgets.TypedListener.handleEvent(TypedListener.java:221)
	at org.eclipse.swt.widgets.EventTable.sendEvent(EventTable.java:91)
	at org.eclipse.swt.widgets.Display.sendEvent(Display.java:4363)
	at org.eclipse.swt.widgets.Widget.sendEvent(Widget.java:1217)
	at org.eclipse.swt.widgets.Widget.sendEvent(Widget.java:1241)
	at org.eclipse.swt.widgets.Widget.sendEvent(Widget.java:1222)
	at org.eclipse.swt.widgets.Text.wmCommandChild(Text.java:3075)
	at org.eclipse.swt.widgets.Control.WM_COMMAND(Control.java:5116)
	at org.eclipse.swt.widgets.Control.windowProc(Control.java:4967)
	at org.eclipse.swt.widgets.Display.windowProc(Display.java:5131)
	at org.eclipse.swt.internal.win32.OS.CallWindowProc(Native Method)
	at org.eclipse.swt.widgets.Text.callWindowProc(Text.java:295)
	at org.eclipse.swt.widgets.Control.windowProc(Control.java:5066)
	at org.eclipse.swt.widgets.Text.windowProc(Text.java:2657)
	at org.eclipse.swt.widgets.Display.windowProc(Display.java:5131)
	at org.eclipse.swt.internal.win32.OS.SetWindowText(Native Method)
	at org.eclipse.swt.internal.win32.OS.SetWindowText(OS.java:2268)
	at org.eclipse.swt.widgets.Text.setText(Text.java:2319)
	at org.eclipse.jdt.internal.debug.ui.launcher.AbstractJavaMainTab.updateProjectFromConfig(AbstractJavaMainTab.java:201)
	at org.eclipse.jdt.internal.debug.ui.launcher.AbstractJavaMainTab.initializeFrom(AbstractJavaMainTab.java:185)
	at org.eclipse.jdt.debug.ui.launchConfigurations.JavaMainTab.initializeFrom(JavaMainTab.java:189)
	at org.eclipse.debug.ui.AbstractLaunchConfigurationTab.activated(AbstractLaunchConfigurationTab.java:453)
	at org.eclipse.debug.internal.ui.launchConfigurations.LaunchConfigurationTabGroupViewer.propagateTabActivation(LaunchConfigurationTabGroupViewer.java:1486)
	at org.eclipse.debug.internal.ui.launchConfigurations.LaunchConfigurationTabGroupViewer.handleTabSelected(LaunchConfigurationTabGroupViewer.java:1465)
	at org.eclipse.debug.internal.ui.launchConfigurations.LaunchConfigurationTabGroupViewer.setActiveTab(LaunchConfigurationTabGroupViewer.java:1684)
	at org.eclipse.debug.internal.ui.launchConfigurations.LaunchConfigurationTabGroupViewer.setActiveTab(LaunchConfigurationTabGroupViewer.java:1665)
	at org.eclipse.debug.internal.ui.launchConfigurations.LaunchConfigurationTabGroupViewer.setActiveTab(LaunchConfigurationTabGroupViewer.java:1646)
	at org.eclipse.debug.internal.ui.launchConfigurations.LaunchConfigurationTabGroupViewer.displayInstanceTabs(LaunchConfigurationTabGroupViewer.java:879)
	at org.eclipse.debug.internal.ui.launchConfigurations.LaunchConfigurationTabGroupViewer.lambda$4(LaunchConfigurationTabGroupViewer.java:733)
	at org.eclipse.swt.custom.BusyIndicator.showWhile(BusyIndicator.java:69)
	at org.eclipse.debug.internal.ui.launchConfigurations.LaunchConfigurationTabGroupViewer.inputChanged(LaunchConfigurationTabGroupViewer.java:719)
	at org.eclipse.debug.internal.ui.launchConfigurations.LaunchConfigurationTabGroupViewer.setInput0(LaunchConfigurationTabGroupViewer.java:687)
	at org.eclipse.debug.internal.ui.launchConfigurations.LaunchConfigurationTabGroupViewer.setInput(LaunchConfigurationTabGroupViewer.java:667)
	at org.eclipse.debug.internal.ui.launchConfigurations.LaunchConfigurationsDialog.handleLaunchConfigurationSelectionChanged(LaunchConfigurationsDialog.java:1067)
	at org.eclipse.debug.internal.ui.launchConfigurations.LaunchConfigurationsDialog.lambda$1(LaunchConfigurationsDialog.java:612)
	at org.eclipse.jface.viewers.StructuredViewer$3.run(StructuredViewer.java:822)
	at org.eclipse.core.runtime.SafeRunner.run(SafeRunner.java:47)
	at org.eclipse.jface.util.SafeRunnable.run(SafeRunnable.java:169)
	at org.eclipse.jface.viewers.StructuredViewer.firePostSelectionChanged(StructuredViewer.java:819)
	at org.eclipse.jface.viewers.ColumnViewer.firePostSelectionChanged(ColumnViewer.java:1054)
	at org.eclipse.jface.viewers.StructuredViewer.handlePostSelect(StructuredViewer.java:1189)
	at org.eclipse.swt.events.SelectionListener$1.widgetSelected(SelectionListener.java:83)
	at org.eclipse.jface.util.OpenStrategy.firePostSelectionEvent(OpenStrategy.java:283)
	at org.eclipse.jface.util.OpenStrategy$1.lambda$1(OpenStrategy.java:437)
	at org.eclipse.swt.widgets.RunnableLock.run(RunnableLock.java:40)
	at org.eclipse.swt.widgets.Synchronizer.runAsyncMessages(Synchronizer.java:131)
	at org.eclipse.swt.widgets.Display.runAsyncMessages(Display.java:4136)
	at org.eclipse.swt.widgets.Display.readAndDispatch(Display.java:3752)
	at org.eclipse.jface.window.Window.runEventLoop(Window.java:819)
	at org.eclipse.jface.window.Window.open(Window.java:799)
	at org.eclipse.debug.internal.ui.launchConfigurations.LaunchConfigurationsDialog.open(LaunchConfigurationsDialog.java:1253)
	at org.eclipse.debug.ui.DebugUITools.lambda$1(DebugUITools.java:631)
	at org.eclipse.swt.custom.BusyIndicator.showWhile(BusyIndicator.java:69)
	at org.eclipse.debug.ui.DebugUITools.openLaunchConfigurationDialogOnGroup(DebugUITools.java:637)
	at org.eclipse.debug.ui.DebugUITools.openLaunchConfigurationDialogOnGroup(DebugUITools.java:575)
	at org.eclipse.debug.ui.actions.OpenLaunchDialogAction.run(OpenLaunchDialogAction.java:85)
	at org.eclipse.jface.action.Action.runWithEvent(Action.java:474)
	at org.eclipse.jface.action.ActionContributionItem.handleWidgetSelection(ActionContributionItem.java:581)
	at org.eclipse.jface.action.ActionContributionItem.lambda$4(ActionContributionItem.java:415)
	at org.eclipse.swt.widgets.EventTable.sendEvent(EventTable.java:91)
	at org.eclipse.swt.widgets.Display.sendEvent(Display.java:4363)
	at org.eclipse.swt.widgets.Widget.sendEvent(Widget.java:1217)
	at org.eclipse.swt.widgets.Widget.sendEvent(Widget.java:1241)
	at org.eclipse.swt.widgets.Widget.sendEvent(Widget.java:1226)
	at org.eclipse.swt.widgets.Widget.notifyListeners(Widget.java:863)
	at org.eclipse.jface.action.ActionContributionItem.lambda$8(ActionContributionItem.java:1204)
	at org.eclipse.swt.widgets.EventTable.sendEvent(EventTable.java:91)
	at org.eclipse.swt.widgets.Display.sendEvent(Display.java:4363)
	at org.eclipse.swt.widgets.Widget.sendEvent(Widget.java:1217)
	at org.eclipse.swt.widgets.Display.runDeferredEvents(Display.java:4161)
	at org.eclipse.swt.widgets.Display.readAndDispatch(Display.java:3749)
	at org.eclipse.e4.ui.internal.workbench.swt.PartRenderingEngine$5.run(PartRenderingEngine.java:1160)
	at org.eclipse.core.databinding.observable.Realm.runWithDefault(Realm.java:339)
	at org.eclipse.e4.ui.internal.workbench.swt.PartRenderingEngine.run(PartRenderingEngine.java:1051)
	at org.eclipse.e4.ui.internal.workbench.E4Workbench.createAndRunUI(E4Workbench.java:153)
	at org.eclipse.ui.internal.Workbench.lambda$3(Workbench.java:680)
	at org.eclipse.core.databinding.observable.Realm.runWithDefault(Realm.java:339)
	at org.eclipse.ui.internal.Workbench.createAndRunWorkbench(Workbench.java:583)
	at org.eclipse.ui.PlatformUI.createAndRunWorkbench(PlatformUI.java:173)
	at org.eclipse.ui.internal.ide.application.IDEApplication.start(IDEApplication.java:193)
	at org.eclipse.equinox.internal.app.EclipseAppHandle.run(EclipseAppHandle.java:219)
	at org.eclipse.core.runtime.internal.adaptor.EclipseAppLauncher.runApplication(EclipseAppLauncher.java:149)
	at org.eclipse.core.runtime.internal.adaptor.EclipseAppLauncher.start(EclipseAppLauncher.java:115)
	at org.eclipse.core.runtime.adaptor.EclipseStarter.run(EclipseStarter.java:467)
	at org.eclipse.core.runtime.adaptor.EclipseStarter.run(EclipseStarter.java:298)
	at java.base/jdk.internal.reflect.DirectMethodHandleAccessor.invoke(DirectMethodHandleAccessor.java:104)
	at java.base/java.lang.reflect.Method.invoke(Method.java:565)
	at org.eclipse.equinox.launcher.Main.invokeFramework(Main.java:615)
	at org.eclipse.equinox.launcher.Main.basicRun(Main.java:563)
	at org.eclipse.equinox.launcher.Main.run(Main.java:1415)
	at org.eclipse.equinox.launcher.Main.main(Main.java:1387)
2026-10-06 10:35:25,669 [main] ERROR o.e.m.j.i.l.MavenLaunchConfigurationListener - Launch configuration New_configuration (1) references non-existing project ForLoop.
org.eclipse.core.runtime.CoreException: Launch configuration New_configuration (1) references non-existing project ForLoop.
	at org.eclipse.jdt.launching.JavaRuntime.abort(JavaRuntime.java:1915)
	at org.eclipse.jdt.launching.JavaRuntime.getJavaProject(JavaRuntime.java:1792)
	at org.eclipse.m2e.jdt.internal.launch.MavenLaunchConfigurationListener.updateLaunchConfiguration(MavenLaunchConfigurationListener.java:66)
	at org.eclipse.m2e.jdt.internal.launch.MavenLaunchConfigurationListener.launchConfigurationChanged(MavenLaunchConfigurationListener.java:52)
	at org.eclipse.debug.internal.core.LaunchManager$ConfigurationNotifier.run(LaunchManager.java:220)
	at org.eclipse.core.runtime.SafeRunner.run(SafeRunner.java:47)
	at org.eclipse.debug.internal.core.LaunchManager$ConfigurationNotifier.notify(LaunchManager.java:204)
	at org.eclipse.debug.internal.core.LaunchConfigurationWorkingCopy.setDirty(LaunchConfigurationWorkingCopy.java:527)
	at org.eclipse.debug.internal.core.LaunchConfigurationWorkingCopy.setAttribute(LaunchConfigurationWorkingCopy.java:415)
	at org.eclipse.jdt.debug.ui.launchConfigurations.JavaMainTab.performApply(JavaMainTab.java:234)
	at org.eclipse.debug.internal.ui.launchConfigurations.LaunchConfigurationTabGroupViewer.refresh(LaunchConfigurationTabGroupViewer.java:531)
	at org.eclipse.debug.internal.ui.launchConfigurations.LaunchConfigurationsDialog.updateButtons(LaunchConfigurationsDialog.java:1667)
	at org.eclipse.debug.ui.AbstractLaunchConfigurationTab.updateLaunchConfigurationDialog(AbstractLaunchConfigurationTab.java:155)
	at org.eclipse.jdt.internal.debug.ui.launcher.AbstractJavaMainTab.access$0(AbstractJavaMainTab.java:1)
	at org.eclipse.jdt.internal.debug.ui.launcher.AbstractJavaMainTab$WidgetListener.modifyText(AbstractJavaMainTab.java:65)
	at org.eclipse.swt.widgets.TypedListener.handleEvent(TypedListener.java:221)
	at org.eclipse.swt.widgets.EventTable.sendEvent(EventTable.java:91)
	at org.eclipse.swt.widgets.Display.sendEvent(Display.java:4363)
	at org.eclipse.swt.widgets.Widget.sendEvent(Widget.java:1217)
	at org.eclipse.swt.widgets.Widget.sendEvent(Widget.java:1241)
	at org.eclipse.swt.widgets.Widget.sendEvent(Widget.java:1222)
	at org.eclipse.swt.widgets.Text.wmCommandChild(Text.java:3075)
	at org.eclipse.swt.widgets.Control.WM_COMMAND(Control.java:5116)
	at org.eclipse.swt.widgets.Control.windowProc(Control.java:4967)
	at org.eclipse.swt.widgets.Display.windowProc(Display.java:5131)
	at org.eclipse.swt.internal.win32.OS.CallWindowProc(Native Method)
	at org.eclipse.swt.widgets.Text.callWindowProc(Text.java:295)
	at org.eclipse.swt.widgets.Control.windowProc(Control.java:5066)
	at org.eclipse.swt.widgets.Text.windowProc(Text.java:2657)
	at org.eclipse.swt.widgets.Display.windowProc(Display.java:5131)
	at org.eclipse.swt.internal.win32.OS.SetWindowText(Native Method)
	at org.eclipse.swt.internal.win32.OS.SetWindowText(OS.java:2268)
	at org.eclipse.swt.widgets.Text.setText(Text.java:2319)
	at org.eclipse.jdt.internal.debug.ui.launcher.AbstractJavaMainTab.updateProjectFromConfig(AbstractJavaMainTab.java:201)
	at org.eclipse.jdt.internal.debug.ui.launcher.AbstractJavaMainTab.initializeFrom(AbstractJavaMainTab.java:185)
	at org.eclipse.jdt.debug.ui.launchConfigurations.JavaMainTab.initializeFrom(JavaMainTab.java:189)
	at org.eclipse.debug.ui.AbstractLaunchConfigurationTab.activated(AbstractLaunchConfigurationTab.java:453)
	at org.eclipse.debug.internal.ui.launchConfigurations.LaunchConfigurationTabGroupViewer.propagateTabActivation(LaunchConfigurationTabGroupViewer.java:1486)
	at org.eclipse.debug.internal.ui.launchConfigurations.LaunchConfigurationTabGroupViewer.handleTabSelected(LaunchConfigurationTabGroupViewer.java:1465)
	at org.eclipse.debug.internal.ui.launchConfigurations.LaunchConfigurationTabGroupViewer.setActiveTab(LaunchConfigurationTabGroupViewer.java:1684)
	at org.eclipse.debug.internal.ui.launchConfigurations.LaunchConfigurationTabGroupViewer.setActiveTab(LaunchConfigurationTabGroupViewer.java:1665)
	at org.eclipse.debug.internal.ui.launchConfigurations.LaunchConfigurationTabGroupViewer.setActiveTab(LaunchConfigurationTabGroupViewer.java:1646)
	at org.eclipse.debug.internal.ui.launchConfigurations.LaunchConfigurationTabGroupViewer.displayInstanceTabs(LaunchConfigurationTabGroupViewer.java:879)
	at org.eclipse.debug.internal.ui.launchConfigurations.LaunchConfigurationTabGroupViewer.lambda$4(LaunchConfigurationTabGroupViewer.java:733)
	at org.eclipse.swt.custom.BusyIndicator.showWhile(BusyIndicator.java:69)
	at org.eclipse.debug.internal.ui.launchConfigurations.LaunchConfigurationTabGroupViewer.inputChanged(LaunchConfigurationTabGroupViewer.java:719)
	at org.eclipse.debug.internal.ui.launchConfigurations.LaunchConfigurationTabGroupViewer.setInput0(LaunchConfigurationTabGroupViewer.java:687)
	at org.eclipse.debug.internal.ui.launchConfigurations.LaunchConfigurationTabGroupViewer.setInput(LaunchConfigurationTabGroupViewer.java:667)
	at org.eclipse.debug.internal.ui.launchConfigurations.LaunchConfigurationsDialog.handleLaunchConfigurationSelectionChanged(LaunchConfigurationsDialog.java:1067)
	at org.eclipse.debug.internal.ui.launchConfigurations.LaunchConfigurationsDialog.lambda$1(LaunchConfigurationsDialog.java:612)
	at org.eclipse.jface.viewers.StructuredViewer$3.run(StructuredViewer.java:822)
	at org.eclipse.core.runtime.SafeRunner.run(SafeRunner.java:47)
	at org.eclipse.jface.util.SafeRunnable.run(SafeRunnable.java:169)
	at org.eclipse.jface.viewers.StructuredViewer.firePostSelectionChanged(StructuredViewer.java:819)
	at org.eclipse.jface.viewers.ColumnViewer.firePostSelectionChanged(ColumnViewer.java:1054)
	at org.eclipse.jface.viewers.StructuredViewer.handlePostSelect(StructuredViewer.java:1189)
	at org.eclipse.swt.events.SelectionListener$1.widgetSelected(SelectionListener.java:83)
	at org.eclipse.jface.util.OpenStrategy.firePostSelectionEvent(OpenStrategy.java:283)
	at org.eclipse.jface.util.OpenStrategy$1.lambda$1(OpenStrategy.java:437)
	at org.eclipse.swt.widgets.RunnableLock.run(RunnableLock.java:40)
	at org.eclipse.swt.widgets.Synchronizer.runAsyncMessages(Synchronizer.java:131)
	at org.eclipse.swt.widgets.Display.runAsyncMessages(Display.java:4136)
	at org.eclipse.swt.widgets.Display.readAndDispatch(Display.java:3752)
	at org.eclipse.jface.window.Window.runEventLoop(Window.java:819)
	at org.eclipse.jface.window.Window.open(Window.java:799)
	at org.eclipse.debug.internal.ui.launchConfigurations.LaunchConfigurationsDialog.open(LaunchConfigurationsDialog.java:1253)
	at org.eclipse.debug.ui.DebugUITools.lambda$1(DebugUITools.java:631)
	at org.eclipse.swt.custom.BusyIndicator.showWhile(BusyIndicator.java:69)
	at org.eclipse.debug.ui.DebugUITools.openLaunchConfigurationDialogOnGroup(DebugUITools.java:637)
	at org.eclipse.debug.ui.DebugUITools.openLaunchConfigurationDialogOnGroup(DebugUITools.java:575)
	at org.eclipse.debug.ui.actions.OpenLaunchDialogAction.run(OpenLaunchDialogAction.java:85)
	at org.eclipse.jface.action.Action.runWithEvent(Action.java:474)
	at org.eclipse.jface.action.ActionContributionItem.handleWidgetSelection(ActionContributionItem.java:581)
	at org.eclipse.jface.action.ActionContributionItem.lambda$4(ActionContributionItem.java:415)
	at org.eclipse.swt.widgets.EventTable.sendEvent(EventTable.java:91)
	at org.eclipse.swt.widgets.Display.sendEvent(Display.java:4363)
	at org.eclipse.swt.widgets.Widget.sendEvent(Widget.java:1217)
	at org.eclipse.swt.widgets.Widget.sendEvent(Widget.java:1241)
	at org.eclipse.swt.widgets.Widget.sendEvent(Widget.java:1226)
	at org.eclipse.swt.widgets.Widget.notifyListeners(Widget.java:863)
	at org.eclipse.jface.action.ActionContributionItem.lambda$8(ActionContributionItem.java:1204)
	at org.eclipse.swt.widgets.EventTable.sendEvent(EventTable.java:91)
	at org.eclipse.swt.widgets.Display.sendEvent(Display.java:4363)
	at org.eclipse.swt.widgets.Widget.sendEvent(Widget.java:1217)
	at org.eclipse.swt.widgets.Display.runDeferredEvents(Display.java:4161)
	at org.eclipse.swt.widgets.Display.readAndDispatch(Display.java:3749)
	at org.eclipse.e4.ui.internal.workbench.swt.PartRenderingEngine$5.run(PartRenderingEngine.java:1160)
	at org.eclipse.core.databinding.observable.Realm.runWithDefault(Realm.java:339)
	at org.eclipse.e4.ui.internal.workbench.swt.PartRenderingEngine.run(PartRenderingEngine.java:1051)
	at org.eclipse.e4.ui.internal.workbench.E4Workbench.createAndRunUI(E4Workbench.java:153)
	at org.eclipse.ui.internal.Workbench.lambda$3(Workbench.java:680)
	at org.eclipse.core.databinding.observable.Realm.runWithDefault(Realm.java:339)
	at org.eclipse.ui.internal.Workbench.createAndRunWorkbench(Workbench.java:583)
	at org.eclipse.ui.PlatformUI.createAndRunWorkbench(PlatformUI.java:173)
	at org.eclipse.ui.internal.ide.application.IDEApplication.start(IDEApplication.java:193)
	at org.eclipse.equinox.internal.app.EclipseAppHandle.run(EclipseAppHandle.java:219)
	at org.eclipse.core.runtime.internal.adaptor.EclipseAppLauncher.runApplication(EclipseAppLauncher.java:149)
	at org.eclipse.core.runtime.internal.adaptor.EclipseAppLauncher.start(EclipseAppLauncher.java:115)
	at org.eclipse.core.runtime.adaptor.EclipseStarter.run(EclipseStarter.java:467)
	at org.eclipse.core.runtime.adaptor.EclipseStarter.run(EclipseStarter.java:298)
	at java.base/jdk.internal.reflect.DirectMethodHandleAccessor.invoke(DirectMethodHandleAccessor.java:104)
	at java.base/java.lang.reflect.Method.invoke(Method.java:565)
	at org.eclipse.equinox.launcher.Main.invokeFramework(Main.java:615)
	at org.eclipse.equinox.launcher.Main.basicRun(Main.java:563)
	at org.eclipse.equinox.launcher.Main.run(Main.java:1415)
	at org.eclipse.equinox.launcher.Main.main(Main.java:1387)
2026-10-06 10:35:25,672 [main] ERROR o.e.m.j.i.l.MavenLaunchConfigurationListener - Launch configuration New_configuration (1) references non-existing project ForLoop.
org.eclipse.core.runtime.CoreException: Launch configuration New_configuration (1) references non-existing project ForLoop.
	at org.eclipse.jdt.launching.JavaRuntime.abort(JavaRuntime.java:1915)
	at org.eclipse.jdt.launching.JavaRuntime.getJavaProject(JavaRuntime.java:1792)
	at org.eclipse.m2e.jdt.internal.launch.MavenLaunchConfigurationListener.updateLaunchConfiguration(MavenLaunchConfigurationListener.java:66)
	at org.eclipse.m2e.jdt.internal.launch.MavenLaunchConfigurationListener.launchConfigurationChanged(MavenLaunchConfigurationListener.java:52)
	at org.eclipse.debug.internal.core.LaunchManager$ConfigurationNotifier.run(LaunchManager.java:220)
	at org.eclipse.core.runtime.SafeRunner.run(SafeRunner.java:47)
	at org.eclipse.debug.internal.core.LaunchManager$ConfigurationNotifier.notify(LaunchManager.java:204)
	at org.eclipse.debug.internal.core.LaunchConfigurationWorkingCopy.setDirty(LaunchConfigurationWorkingCopy.java:527)
	at org.eclipse.debug.internal.core.LaunchConfigurationWorkingCopy.setAttribute(LaunchConfigurationWorkingCopy.java:415)
	at org.eclipse.jdt.debug.ui.launchConfigurations.JavaMainTab.performApply(JavaMainTab.java:235)
	at org.eclipse.debug.internal.ui.launchConfigurations.LaunchConfigurationTabGroupViewer.refresh(LaunchConfigurationTabGroupViewer.java:531)
	at org.eclipse.debug.internal.ui.launchConfigurations.LaunchConfigurationsDialog.updateButtons(LaunchConfigurationsDialog.java:1667)
	at org.eclipse.debug.ui.AbstractLaunchConfigurationTab.updateLaunchConfigurationDialog(AbstractLaunchConfigurationTab.java:155)
	at org.eclipse.jdt.internal.debug.ui.launcher.AbstractJavaMainTab.access$0(AbstractJavaMainTab.java:1)
	at org.eclipse.jdt.internal.debug.ui.launcher.AbstractJavaMainTab$WidgetListener.modifyText(AbstractJavaMainTab.java:65)
	at org.eclipse.swt.widgets.TypedListener.handleEvent(TypedListener.java:221)
	at org.eclipse.swt.widgets.EventTable.sendEvent(EventTable.java:91)
	at org.eclipse.swt.widgets.Display.sendEvent(Display.java:4363)
	at org.eclipse.swt.widgets.Widget.sendEvent(Widget.java:1217)
	at org.eclipse.swt.widgets.Widget.sendEvent(Widget.java:1241)
	at org.eclipse.swt.widgets.Widget.sendEvent(Widget.java:1222)
	at org.eclipse.swt.widgets.Text.wmCommandChild(Text.java:3075)
	at org.eclipse.swt.widgets.Control.WM_COMMAND(Control.java:5116)
	at org.eclipse.swt.widgets.Control.windowProc(Control.java:4967)
	at org.eclipse.swt.widgets.Display.windowProc(Display.java:5131)
	at org.eclipse.swt.internal.win32.OS.CallWindowProc(Native Method)
	at org.eclipse.swt.widgets.Text.callWindowProc(Text.java:295)
	at org.eclipse.swt.widgets.Control.windowProc(Control.java:5066)
	at org.eclipse.swt.widgets.Text.windowProc(Text.java:2657)
	at org.eclipse.swt.widgets.Display.windowProc(Display.java:5131)
	at org.eclipse.swt.internal.win32.OS.SetWindowText(Native Method)
	at org.eclipse.swt.internal.win32.OS.SetWindowText(OS.java:2268)
	at org.eclipse.swt.widgets.Text.setText(Text.java:2319)
	at org.eclipse.jdt.internal.debug.ui.launcher.AbstractJavaMainTab.updateProjectFromConfig(AbstractJavaMainTab.java:201)
	at org.eclipse.jdt.internal.debug.ui.launcher.AbstractJavaMainTab.initializeFrom(AbstractJavaMainTab.java:185)
	at org.eclipse.jdt.debug.ui.launchConfigurations.JavaMainTab.initializeFrom(JavaMainTab.java:189)
	at org.eclipse.debug.ui.AbstractLaunchConfigurationTab.activated(AbstractLaunchConfigurationTab.java:453)
	at org.eclipse.debug.internal.ui.launchConfigurations.LaunchConfigurationTabGroupViewer.propagateTabActivation(LaunchConfigurationTabGroupViewer.java:1486)
	at org.eclipse.debug.internal.ui.launchConfigurations.LaunchConfigurationTabGroupViewer.handleTabSelected(LaunchConfigurationTabGroupViewer.java:1465)
	at org.eclipse.debug.internal.ui.launchConfigurations.LaunchConfigurationTabGroupViewer.setActiveTab(LaunchConfigurationTabGroupViewer.java:1684)
	at org.eclipse.debug.internal.ui.launchConfigurations.LaunchConfigurationTabGroupViewer.setActiveTab(LaunchConfigurationTabGroupViewer.java:1665)
	at org.eclipse.debug.internal.ui.launchConfigurations.LaunchConfigurationTabGroupViewer.setActiveTab(LaunchConfigurationTabGroupViewer.java:1646)
	at org.eclipse.debug.internal.ui.launchConfigurations.LaunchConfigurationTabGroupViewer.displayInstanceTabs(LaunchConfigurationTabGroupViewer.java:879)
	at org.eclipse.debug.internal.ui.launchConfigurations.LaunchConfigurationTabGroupViewer.lambda$4(LaunchConfigurationTabGroupViewer.java:733)
	at org.eclipse.swt.custom.BusyIndicator.showWhile(BusyIndicator.java:69)
	at org.eclipse.debug.internal.ui.launchConfigurations.LaunchConfigurationTabGroupViewer.inputChanged(LaunchConfigurationTabGroupViewer.java:719)
	at org.eclipse.debug.internal.ui.launchConfigurations.LaunchConfigurationTabGroupViewer.setInput0(LaunchConfigurationTabGroupViewer.java:687)
	at org.eclipse.debug.internal.ui.launchConfigurations.LaunchConfigurationTabGroupViewer.setInput(LaunchConfigurationTabGroupViewer.java:667)
	at org.eclipse.debug.internal.ui.launchConfigurations.LaunchConfigurationsDialog.handleLaunchConfigurationSelectionChanged(LaunchConfigurationsDialog.java:1067)
	at org.eclipse.debug.internal.ui.launchConfigurations.LaunchConfigurationsDialog.lambda$1(LaunchConfigurationsDialog.java:612)
	at org.eclipse.jface.viewers.StructuredViewer$3.run(StructuredViewer.java:822)
	at org.eclipse.core.runtime.SafeRunner.run(SafeRunner.java:47)
	at org.eclipse.jface.util.SafeRunnable.run(SafeRunnable.java:169)
	at org.eclipse.jface.viewers.StructuredViewer.firePostSelectionChanged(StructuredViewer.java:819)
	at org.eclipse.jface.viewers.ColumnViewer.firePostSelectionChanged(ColumnViewer.java:1054)
	at org.eclipse.jface.viewers.StructuredViewer.handlePostSelect(StructuredViewer.java:1189)
	at org.eclipse.swt.events.SelectionListener$1.widgetSelected(SelectionListener.java:83)
	at org.eclipse.jface.util.OpenStrategy.firePostSelectionEvent(OpenStrategy.java:283)
	at org.eclipse.jface.util.OpenStrategy$1.lambda$1(OpenStrategy.java:437)
	at org.eclipse.swt.widgets.RunnableLock.run(RunnableLock.java:40)
	at org.eclipse.swt.widgets.Synchronizer.runAsyncMessages(Synchronizer.java:131)
	at org.eclipse.swt.widgets.Display.runAsyncMessages(Display.java:4136)
	at org.eclipse.swt.widgets.Display.readAndDispatch(Display.java:3752)
	at org.eclipse.jface.window.Window.runEventLoop(Window.java:819)
	at org.eclipse.jface.window.Window.open(Window.java:799)
	at org.eclipse.debug.internal.ui.launchConfigurations.LaunchConfigurationsDialog.open(LaunchConfigurationsDialog.java:1253)
	at org.eclipse.debug.ui.DebugUITools.lambda$1(DebugUITools.java:631)
	at org.eclipse.swt.custom.BusyIndicator.showWhile(BusyIndicator.java:69)
	at org.eclipse.debug.ui.DebugUITools.openLaunchConfigurationDialogOnGroup(DebugUITools.java:637)
	at org.eclipse.debug.ui.DebugUITools.openLaunchConfigurationDialogOnGroup(DebugUITools.java:575)
	at org.eclipse.debug.ui.actions.OpenLaunchDialogAction.run(OpenLaunchDialogAction.java:85)
	at org.eclipse.jface.action.Action.runWithEvent(Action.java:474)
	at org.eclipse.jface.action.ActionContributionItem.handleWidgetSelection(ActionContributionItem.java:581)
	at org.eclipse.jface.action.ActionContributionItem.lambda$4(ActionContributionItem.java:415)
	at org.eclipse.swt.widgets.EventTable.sendEvent(EventTable.java:91)
	at org.eclipse.swt.widgets.Display.sendEvent(Display.java:4363)
	at org.eclipse.swt.widgets.Widget.sendEvent(Widget.java:1217)
	at org.eclipse.swt.widgets.Widget.sendEvent(Widget.java:1241)
	at org.eclipse.swt.widgets.Widget.sendEvent(Widget.java:1226)
	at org.eclipse.swt.widgets.Widget.notifyListeners(Widget.java:863)
	at org.eclipse.jface.action.ActionContributionItem.lambda$8(ActionContributionItem.java:1204)
	at org.eclipse.swt.widgets.EventTable.sendEvent(EventTable.java:91)
	at org.eclipse.swt.widgets.Display.sendEvent(Display.java:4363)
	at org.eclipse.swt.widgets.Widget.sendEvent(Widget.java:1217)
	at org.eclipse.swt.widgets.Display.runDeferredEvents(Display.java:4161)
	at org.eclipse.swt.widgets.Display.readAndDispatch(Display.java:3749)
	at org.eclipse.e4.ui.internal.workbench.swt.PartRenderingEngine$5.run(PartRenderingEngine.java:1160)
	at org.eclipse.core.databinding.observable.Realm.runWithDefault(Realm.java:339)
	at org.eclipse.e4.ui.internal.workbench.swt.PartRenderingEngine.run(PartRenderingEngine.java:1051)
	at org.eclipse.e4.ui.internal.workbench.E4Workbench.createAndRunUI(E4Workbench.java:153)
	at org.eclipse.ui.internal.Workbench.lambda$3(Workbench.java:680)
	at org.eclipse.core.databinding.observable.Realm.runWithDefault(Realm.java:339)
	at org.eclipse.ui.internal.Workbench.createAndRunWorkbench(Workbench.java:583)
	at org.eclipse.ui.PlatformUI.createAndRunWorkbench(PlatformUI.java:173)
	at org.eclipse.ui.internal.ide.application.IDEApplication.start(IDEApplication.java:193)
	at org.eclipse.equinox.internal.app.EclipseAppHandle.run(EclipseAppHandle.java:219)
	at org.eclipse.core.runtime.internal.adaptor.EclipseAppLauncher.runApplication(EclipseAppLauncher.java:149)
	at org.eclipse.core.runtime.internal.adaptor.EclipseAppLauncher.start(EclipseAppLauncher.java:115)
	at org.eclipse.core.runtime.adaptor.EclipseStarter.run(EclipseStarter.java:467)
	at org.eclipse.core.runtime.adaptor.EclipseStarter.run(EclipseStarter.java:298)
	at java.base/jdk.internal.reflect.DirectMethodHandleAccessor.invoke(DirectMethodHandleAccessor.java:104)
	at java.base/java.lang.reflect.Method.invoke(Method.java:565)
	at org.eclipse.equinox.launcher.Main.invokeFramework(Main.java:615)
	at org.eclipse.equinox.launcher.Main.basicRun(Main.java:563)
	at org.eclipse.equinox.launcher.Main.run(Main.java:1415)
	at org.eclipse.equinox.launcher.Main.main(Main.java:1387)
2026-10-06 10:35:25,674 [main] ERROR o.e.m.j.i.l.MavenLaunchConfigurationListener - Launch configuration New_configuration (1) references non-existing project ForLoop.
org.eclipse.core.runtime.CoreException: Launch configuration New_configuration (1) references non-existing project ForLoop.
	at org.eclipse.jdt.launching.JavaRuntime.abort(JavaRuntime.java:1915)
	at org.eclipse.jdt.launching.JavaRuntime.getJavaProject(JavaRuntime.java:1792)
	at org.eclipse.m2e.jdt.internal.launch.MavenLaunchConfigurationListener.updateLaunchConfiguration(MavenLaunchConfigurationListener.java:66)
	at org.eclipse.m2e.jdt.internal.launch.MavenLaunchConfigurationListener.launchConfigurationChanged(MavenLaunchConfigurationListener.java:52)
	at org.eclipse.debug.internal.core.LaunchManager$ConfigurationNotifier.run(LaunchManager.java:220)
	at org.eclipse.core.runtime.SafeRunner.run(SafeRunner.java:47)
	at org.eclipse.debug.internal.core.LaunchManager$ConfigurationNotifier.notify(LaunchManager.java:204)
	at org.eclipse.debug.internal.core.LaunchConfigurationWorkingCopy.setDirty(LaunchConfigurationWorkingCopy.java:527)
	at org.eclipse.debug.internal.core.LaunchConfigurationWorkingCopy.setAttribute(LaunchConfigurationWorkingCopy.java:415)
	at org.eclipse.jdt.debug.ui.launchConfigurations.JavaMainTab.performApply(JavaMainTab.java:243)
	at org.eclipse.debug.internal.ui.launchConfigurations.LaunchConfigurationTabGroupViewer.refresh(LaunchConfigurationTabGroupViewer.java:531)
	at org.eclipse.debug.internal.ui.launchConfigurations.LaunchConfigurationsDialog.updateButtons(LaunchConfigurationsDialog.java:1667)
	at org.eclipse.debug.ui.AbstractLaunchConfigurationTab.updateLaunchConfigurationDialog(AbstractLaunchConfigurationTab.java:155)
	at org.eclipse.jdt.internal.debug.ui.launcher.AbstractJavaMainTab.access$0(AbstractJavaMainTab.java:1)
	at org.eclipse.jdt.internal.debug.ui.launcher.AbstractJavaMainTab$WidgetListener.modifyText(AbstractJavaMainTab.java:65)
	at org.eclipse.swt.widgets.TypedListener.handleEvent(TypedListener.java:221)
	at org.eclipse.swt.widgets.EventTable.sendEvent(EventTable.java:91)
	at org.eclipse.swt.widgets.Display.sendEvent(Display.java:4363)
	at org.eclipse.swt.widgets.Widget.sendEvent(Widget.java:1217)
	at org.eclipse.swt.widgets.Widget.sendEvent(Widget.java:1241)
	at org.eclipse.swt.widgets.Widget.sendEvent(Widget.java:1222)
	at org.eclipse.swt.widgets.Text.wmCommandChild(Text.java:3075)
	at org.eclipse.swt.widgets.Control.WM_COMMAND(Control.java:5116)
	at org.eclipse.swt.widgets.Control.windowProc(Control.java:4967)
	at org.eclipse.swt.widgets.Display.windowProc(Display.java:5131)
	at org.eclipse.swt.internal.win32.OS.CallWindowProc(Native Method)
	at org.eclipse.swt.widgets.Text.callWindowProc(Text.java:295)
	at org.eclipse.swt.widgets.Control.windowProc(Control.java:5066)
	at org.eclipse.swt.widgets.Text.windowProc(Text.java:2657)
	at org.eclipse.swt.widgets.Display.windowProc(Display.java:5131)
	at org.eclipse.swt.internal.win32.OS.SetWindowText(Native Method)
	at org.eclipse.swt.internal.win32.OS.SetWindowText(OS.java:2268)
	at org.eclipse.swt.widgets.Text.setText(Text.java:2319)
	at org.eclipse.jdt.internal.debug.ui.launcher.AbstractJavaMainTab.updateProjectFromConfig(AbstractJavaMainTab.java:201)
	at org.eclipse.jdt.internal.debug.ui.launcher.AbstractJavaMainTab.initializeFrom(AbstractJavaMainTab.java:185)
	at org.eclipse.jdt.debug.ui.launchConfigurations.JavaMainTab.initializeFrom(JavaMainTab.java:189)
	at org.eclipse.debug.ui.AbstractLaunchConfigurationTab.activated(AbstractLaunchConfigurationTab.java:453)
	at org.eclipse.debug.internal.ui.launchConfigurations.LaunchConfigurationTabGroupViewer.propagateTabActivation(LaunchConfigurationTabGroupViewer.java:1486)
	at org.eclipse.debug.internal.ui.launchConfigurations.LaunchConfigurationTabGroupViewer.handleTabSelected(LaunchConfigurationTabGroupViewer.java:1465)
	at org.eclipse.debug.internal.ui.launchConfigurations.LaunchConfigurationTabGroupViewer.setActiveTab(LaunchConfigurationTabGroupViewer.java:1684)
	at org.eclipse.debug.internal.ui.launchConfigurations.LaunchConfigurationTabGroupViewer.setActiveTab(LaunchConfigurationTabGroupViewer.java:1665)
	at org.eclipse.debug.internal.ui.launchConfigurations.LaunchConfigurationTabGroupViewer.setActiveTab(LaunchConfigurationTabGroupViewer.java:1646)
	at org.eclipse.debug.internal.ui.launchConfigurations.LaunchConfigurationTabGroupViewer.displayInstanceTabs(LaunchConfigurationTabGroupViewer.java:879)
	at org.eclipse.debug.internal.ui.launchConfigurations.LaunchConfigurationTabGroupViewer.lambda$4(LaunchConfigurationTabGroupViewer.java:733)
	at org.eclipse.swt.custom.BusyIndicator.showWhile(BusyIndicator.java:69)
	at org.eclipse.debug.internal.ui.launchConfigurations.LaunchConfigurationTabGroupViewer.inputChanged(LaunchConfigurationTabGroupViewer.java:719)
	at org.eclipse.debug.internal.ui.launchConfigurations.LaunchConfigurationTabGroupViewer.setInput0(LaunchConfigurationTabGroupViewer.java:687)
	at org.eclipse.debug.internal.ui.launchConfigurations.LaunchConfigurationTabGroupViewer.setInput(LaunchConfigurationTabGroupViewer.java:667)
	at org.eclipse.debug.internal.ui.launchConfigurations.LaunchConfigurationsDialog.handleLaunchConfigurationSelectionChanged(LaunchConfigurationsDialog.java:1067)
	at org.eclipse.debug.internal.ui.launchConfigurations.LaunchConfigurationsDialog.lambda$1(LaunchConfigurationsDialog.java:612)
	at org.eclipse.jface.viewers.StructuredViewer$3.run(StructuredViewer.java:822)
	at org.eclipse.core.runtime.SafeRunner.run(SafeRunner.java:47)
	at org.eclipse.jface.util.SafeRunnable.run(SafeRunnable.java:169)
	at org.eclipse.jface.viewers.StructuredViewer.firePostSelectionChanged(StructuredViewer.java:819)
	at org.eclipse.jface.viewers.ColumnViewer.firePostSelectionChanged(ColumnViewer.java:1054)
	at org.eclipse.jface.viewers.StructuredViewer.handlePostSelect(StructuredViewer.java:1189)
	at org.eclipse.swt.events.SelectionListener$1.widgetSelected(SelectionListener.java:83)
	at org.eclipse.jface.util.OpenStrategy.firePostSelectionEvent(OpenStrategy.java:283)
	at org.eclipse.jface.util.OpenStrategy$1.lambda$1(OpenStrategy.java:437)
	at org.eclipse.swt.widgets.RunnableLock.run(RunnableLock.java:40)
	at org.eclipse.swt.widgets.Synchronizer.runAsyncMessages(Synchronizer.java:131)
	at org.eclipse.swt.widgets.Display.runAsyncMessages(Display.java:4136)
	at org.eclipse.swt.widgets.Display.readAndDispatch(Display.java:3752)
	at org.eclipse.jface.window.Window.runEventLoop(Window.java:819)
	at org.eclipse.jface.window.Window.open(Window.java:799)
	at org.eclipse.debug.internal.ui.launchConfigurations.LaunchConfigurationsDialog.open(LaunchConfigurationsDialog.java:1253)
	at org.eclipse.debug.ui.DebugUITools.lambda$1(DebugUITools.java:631)
	at org.eclipse.swt.custom.BusyIndicator.showWhile(BusyIndicator.java:69)
	at org.eclipse.debug.ui.DebugUITools.openLaunchConfigurationDialogOnGroup(DebugUITools.java:637)
	at org.eclipse.debug.ui.DebugUITools.openLaunchConfigurationDialogOnGroup(DebugUITools.java:575)
	at org.eclipse.debug.ui.actions.OpenLaunchDialogAction.run(OpenLaunchDialogAction.java:85)
	at org.eclipse.jface.action.Action.runWithEvent(Action.java:474)
	at org.eclipse.jface.action.ActionContributionItem.handleWidgetSelection(ActionContributionItem.java:581)
	at org.eclipse.jface.action.ActionContributionItem.lambda$4(ActionContributionItem.java:415)
	at org.eclipse.swt.widgets.EventTable.sendEvent(EventTable.java:91)
	at org.eclipse.swt.widgets.Display.sendEvent(Display.java:4363)
	at org.eclipse.swt.widgets.Widget.sendEvent(Widget.java:1217)
	at org.eclipse.swt.widgets.Widget.sendEvent(Widget.java:1241)
	at org.eclipse.swt.widgets.Widget.sendEvent(Widget.java:1226)
	at org.eclipse.swt.widgets.Widget.notifyListeners(Widget.java:863)
	at org.eclipse.jface.action.ActionContributionItem.lambda$8(ActionContributionItem.java:1204)
	at org.eclipse.swt.widgets.EventTable.sendEvent(EventTable.java:91)
	at org.eclipse.swt.widgets.Display.sendEvent(Display.java:4363)
	at org.eclipse.swt.widgets.Widget.sendEvent(Widget.java:1217)
	at org.eclipse.swt.widgets.Display.runDeferredEvents(Display.java:4161)
	at org.eclipse.swt.widgets.Display.readAndDispatch(Display.java:3749)
	at org.eclipse.e4.ui.internal.workbench.swt.PartRenderingEngine$5.run(PartRenderingEngine.java:1160)
	at org.eclipse.core.databinding.observable.Realm.runWithDefault(Realm.java:339)
	at org.eclipse.e4.ui.internal.workbench.swt.PartRenderingEngine.run(PartRenderingEngine.java:1051)
	at org.eclipse.e4.ui.internal.workbench.E4Workbench.createAndRunUI(E4Workbench.java:153)
	at org.eclipse.ui.internal.Workbench.lambda$3(Workbench.java:680)
	at org.eclipse.core.databinding.observable.Realm.runWithDefault(Realm.java:339)
	at org.eclipse.ui.internal.Workbench.createAndRunWorkbench(Workbench.java:583)
	at org.eclipse.ui.PlatformUI.createAndRunWorkbench(PlatformUI.java:173)
	at org.eclipse.ui.internal.ide.application.IDEApplication.start(IDEApplication.java:193)
	at org.eclipse.equinox.internal.app.EclipseAppHandle.run(EclipseAppHandle.java:219)
	at org.eclipse.core.runtime.internal.adaptor.EclipseAppLauncher.runApplication(EclipseAppLauncher.java:149)
	at org.eclipse.core.runtime.internal.adaptor.EclipseAppLauncher.start(EclipseAppLauncher.java:115)
	at org.eclipse.core.runtime.adaptor.EclipseStarter.run(EclipseStarter.java:467)
	at org.eclipse.core.runtime.adaptor.EclipseStarter.run(EclipseStarter.java:298)
	at java.base/jdk.internal.reflect.DirectMethodHandleAccessor.invoke(DirectMethodHandleAccessor.java:104)
	at java.base/java.lang.reflect.Method.invoke(Method.java:565)
	at org.eclipse.equinox.launcher.Main.invokeFramework(Main.java:615)
	at org.eclipse.equinox.launcher.Main.basicRun(Main.java:563)
	at org.eclipse.equinox.launcher.Main.run(Main.java:1415)
	at org.eclipse.equinox.launcher.Main.main(Main.java:1387)
2026-10-06 10:35:25,676 [main] ERROR o.e.m.j.i.l.MavenLaunchConfigurationListener - Launch configuration New_configuration (1) references non-existing project ForLoop.
org.eclipse.core.runtime.CoreException: Launch configuration New_configuration (1) references non-existing project ForLoop.
	at org.eclipse.jdt.launching.JavaRuntime.abort(JavaRuntime.java:1915)
	at org.eclipse.jdt.launching.JavaRuntime.getJavaProject(JavaRuntime.java:1792)
	at org.eclipse.m2e.jdt.internal.launch.MavenLaunchConfigurationListener.updateLaunchConfiguration(MavenLaunchConfigurationListener.java:66)
	at org.eclipse.m2e.jdt.internal.launch.MavenLaunchConfigurationListener.launchConfigurationChanged(MavenLaunchConfigurationListener.java:52)
	at org.eclipse.debug.internal.core.LaunchManager$ConfigurationNotifier.run(LaunchManager.java:220)
	at org.eclipse.core.runtime.SafeRunner.run(SafeRunner.java:47)
	at org.eclipse.debug.internal.core.LaunchManager$ConfigurationNotifier.notify(LaunchManager.java:204)
	at org.eclipse.debug.internal.core.LaunchConfigurationWorkingCopy.setDirty(LaunchConfigurationWorkingCopy.java:527)
	at org.eclipse.debug.internal.core.LaunchConfigurationWorkingCopy.setAttribute(LaunchConfigurationWorkingCopy.java:415)
	at org.eclipse.jdt.debug.ui.launchConfigurations.JavaMainTab.performApply(JavaMainTab.java:251)
	at org.eclipse.debug.internal.ui.launchConfigurations.LaunchConfigurationTabGroupViewer.refresh(LaunchConfigurationTabGroupViewer.java:531)
	at org.eclipse.debug.internal.ui.launchConfigurations.LaunchConfigurationsDialog.updateButtons(LaunchConfigurationsDialog.java:1667)
	at org.eclipse.debug.ui.AbstractLaunchConfigurationTab.updateLaunchConfigurationDialog(AbstractLaunchConfigurationTab.java:155)
	at org.eclipse.jdt.internal.debug.ui.launcher.AbstractJavaMainTab.access$0(AbstractJavaMainTab.java:1)
	at org.eclipse.jdt.internal.debug.ui.launcher.AbstractJavaMainTab$WidgetListener.modifyText(AbstractJavaMainTab.java:65)
	at org.eclipse.swt.widgets.TypedListener.handleEvent(TypedListener.java:221)
	at org.eclipse.swt.widgets.EventTable.sendEvent(EventTable.java:91)
	at org.eclipse.swt.widgets.Display.sendEvent(Display.java:4363)
	at org.eclipse.swt.widgets.Widget.sendEvent(Widget.java:1217)
	at org.eclipse.swt.widgets.Widget.sendEvent(Widget.java:1241)
	at org.eclipse.swt.widgets.Widget.sendEvent(Widget.java:1222)
	at org.eclipse.swt.widgets.Text.wmCommandChild(Text.java:3075)
	at org.eclipse.swt.widgets.Control.WM_COMMAND(Control.java:5116)
	at org.eclipse.swt.widgets.Control.windowProc(Control.java:4967)
	at org.eclipse.swt.widgets.Display.windowProc(Display.java:5131)
	at org.eclipse.swt.internal.win32.OS.CallWindowProc(Native Method)
	at org.eclipse.swt.widgets.Text.callWindowProc(Text.java:295)
	at org.eclipse.swt.widgets.Control.windowProc(Control.java:5066)
	at org.eclipse.swt.widgets.Text.windowProc(Text.java:2657)
	at org.eclipse.swt.widgets.Display.windowProc(Display.java:5131)
	at org.eclipse.swt.internal.win32.OS.SetWindowText(Native Method)
	at org.eclipse.swt.internal.win32.OS.SetWindowText(OS.java:2268)
	at org.eclipse.swt.widgets.Text.setText(Text.java:2319)
	at org.eclipse.jdt.internal.debug.ui.launcher.AbstractJavaMainTab.updateProjectFromConfig(AbstractJavaMainTab.java:201)
	at org.eclipse.jdt.internal.debug.ui.launcher.AbstractJavaMainTab.initializeFrom(AbstractJavaMainTab.java:185)
	at org.eclipse.jdt.debug.ui.launchConfigurations.JavaMainTab.initializeFrom(JavaMainTab.java:189)
	at org.eclipse.debug.ui.AbstractLaunchConfigurationTab.activated(AbstractLaunchConfigurationTab.java:453)
	at org.eclipse.debug.internal.ui.launchConfigurations.LaunchConfigurationTabGroupViewer.propagateTabActivation(LaunchConfigurationTabGroupViewer.java:1486)
	at org.eclipse.debug.internal.ui.launchConfigurations.LaunchConfigurationTabGroupViewer.handleTabSelected(LaunchConfigurationTabGroupViewer.java:1465)
	at org.eclipse.debug.internal.ui.launchConfigurations.LaunchConfigurationTabGroupViewer.setActiveTab(LaunchConfigurationTabGroupViewer.java:1684)
	at org.eclipse.debug.internal.ui.launchConfigurations.LaunchConfigurationTabGroupViewer.setActiveTab(LaunchConfigurationTabGroupViewer.java:1665)
	at org.eclipse.debug.internal.ui.launchConfigurations.LaunchConfigurationTabGroupViewer.setActiveTab(LaunchConfigurationTabGroupViewer.java:1646)
	at org.eclipse.debug.internal.ui.launchConfigurations.LaunchConfigurationTabGroupViewer.displayInstanceTabs(LaunchConfigurationTabGroupViewer.java:879)
	at org.eclipse.debug.internal.ui.launchConfigurations.LaunchConfigurationTabGroupViewer.lambda$4(LaunchConfigurationTabGroupViewer.java:733)
	at org.eclipse.swt.custom.BusyIndicator.showWhile(BusyIndicator.java:69)
	at org.eclipse.debug.internal.ui.launchConfigurations.LaunchConfigurationTabGroupViewer.inputChanged(LaunchConfigurationTabGroupViewer.java:719)
	at org.eclipse.debug.internal.ui.launchConfigurations.LaunchConfigurationTabGroupViewer.setInput0(LaunchConfigurationTabGroupViewer.java:687)
	at org.eclipse.debug.internal.ui.launchConfigurations.LaunchConfigurationTabGroupViewer.setInput(LaunchConfigurationTabGroupViewer.java:667)
	at org.eclipse.debug.internal.ui.launchConfigurations.LaunchConfigurationsDialog.handleLaunchConfigurationSelectionChanged(LaunchConfigurationsDialog.java:1067)
	at org.eclipse.debug.internal.ui.launchConfigurations.LaunchConfigurationsDialog.lambda$1(LaunchConfigurationsDialog.java:612)
	at org.eclipse.jface.viewers.StructuredViewer$3.run(StructuredViewer.java:822)
	at org.eclipse.core.runtime.SafeRunner.run(SafeRunner.java:47)
	at org.eclipse.jface.util.SafeRunnable.run(SafeRunnable.java:169)
	at org.eclipse.jface.viewers.StructuredViewer.firePostSelectionChanged(StructuredViewer.java:819)
	at org.eclipse.jface.viewers.ColumnViewer.firePostSelectionChanged(ColumnViewer.java:1054)
	at org.eclipse.jface.viewers.StructuredViewer.handlePostSelect(StructuredViewer.java:1189)
	at org.eclipse.swt.events.SelectionListener$1.widgetSelected(SelectionListener.java:83)
	at org.eclipse.jface.util.OpenStrategy.firePostSelectionEvent(OpenStrategy.java:283)
	at org.eclipse.jface.util.OpenStrategy$1.lambda$1(OpenStrategy.java:437)
	at org.eclipse.swt.widgets.RunnableLock.run(RunnableLock.java:40)
	at org.eclipse.swt.widgets.Synchronizer.runAsyncMessages(Synchronizer.java:131)
	at org.eclipse.swt.widgets.Display.runAsyncMessages(Display.java:4136)
	at org.eclipse.swt.widgets.Display.readAndDispatch(Display.java:3752)
	at org.eclipse.jface.window.Window.runEventLoop(Window.java:819)
	at org.eclipse.jface.window.Window.open(Window.java:799)
	at org.eclipse.debug.internal.ui.launchConfigurations.LaunchConfigurationsDialog.open(LaunchConfigurationsDialog.java:1253)
	at org.eclipse.debug.ui.DebugUITools.lambda$1(DebugUITools.java:631)
	at org.eclipse.swt.custom.BusyIndicator.showWhile(BusyIndicator.java:69)
	at org.eclipse.debug.ui.DebugUITools.openLaunchConfigurationDialogOnGroup(DebugUITools.java:637)
	at org.eclipse.debug.ui.DebugUITools.openLaunchConfigurationDialogOnGroup(DebugUITools.java:575)
	at org.eclipse.debug.ui.actions.OpenLaunchDialogAction.run(OpenLaunchDialogAction.java:85)
	at org.eclipse.jface.action.Action.runWithEvent(Action.java:474)
	at org.eclipse.jface.action.ActionContributionItem.handleWidgetSelection(ActionContributionItem.java:581)
	at org.eclipse.jface.action.ActionContributionItem.lambda$4(ActionContributionItem.java:415)
	at org.eclipse.swt.widgets.EventTable.sendEvent(EventTable.java:91)
	at org.eclipse.swt.widgets.Display.sendEvent(Display.java:4363)
	at org.eclipse.swt.widgets.Widget.sendEvent(Widget.java:1217)
	at org.eclipse.swt.widgets.Widget.sendEvent(Widget.java:1241)
	at org.eclipse.swt.widgets.Widget.sendEvent(Widget.java:1226)
	at org.eclipse.swt.widgets.Widget.notifyListeners(Widget.java:863)
	at org.eclipse.jface.action.ActionContributionItem.lambda$8(ActionContributionItem.java:1204)
	at org.eclipse.swt.widgets.EventTable.sendEvent(EventTable.java:91)
	at org.eclipse.swt.widgets.Display.sendEvent(Display.java:4363)
	at org.eclipse.swt.widgets.Widget.sendEvent(Widget.java:1217)
	at org.eclipse.swt.widgets.Display.runDeferredEvents(Display.java:4161)
	at org.eclipse.swt.widgets.Display.readAndDispatch(Display.java:3749)
	at org.eclipse.e4.ui.internal.workbench.swt.PartRenderingEngine$5.run(PartRenderingEngine.java:1160)
	at org.eclipse.core.databinding.observable.Realm.runWithDefault(Realm.java:339)
	at org.eclipse.e4.ui.internal.workbench.swt.PartRenderingEngine.run(PartRenderingEngine.java:1051)
	at org.eclipse.e4.ui.internal.workbench.E4Workbench.createAndRunUI(E4Workbench.java:153)
	at org.eclipse.ui.internal.Workbench.lambda$3(Workbench.java:680)
	at org.eclipse.core.databinding.observable.Realm.runWithDefault(Realm.java:339)
	at org.eclipse.ui.internal.Workbench.createAndRunWorkbench(Workbench.java:583)
	at org.eclipse.ui.PlatformUI.createAndRunWorkbench(PlatformUI.java:173)
	at org.eclipse.ui.internal.ide.application.IDEApplication.start(IDEApplication.java:193)
	at org.eclipse.equinox.internal.app.EclipseAppHandle.run(EclipseAppHandle.java:219)
	at org.eclipse.core.runtime.internal.adaptor.EclipseAppLauncher.runApplication(EclipseAppLauncher.java:149)
	at org.eclipse.core.runtime.internal.adaptor.EclipseAppLauncher.start(EclipseAppLauncher.java:115)
	at org.eclipse.core.runtime.adaptor.EclipseStarter.run(EclipseStarter.java:467)
	at org.eclipse.core.runtime.adaptor.EclipseStarter.run(EclipseStarter.java:298)
	at java.base/jdk.internal.reflect.DirectMethodHandleAccessor.invoke(DirectMethodHandleAccessor.java:104)
	at java.base/java.lang.reflect.Method.invoke(Method.java:565)
	at org.eclipse.equinox.launcher.Main.invokeFramework(Main.java:615)
	at org.eclipse.equinox.launcher.Main.basicRun(Main.java:563)
	at org.eclipse.equinox.launcher.Main.run(Main.java:1415)
	at org.eclipse.equinox.launcher.Main.main(Main.java:1387)
2026-10-06 10:35:25,678 [main] ERROR o.e.m.j.i.l.MavenLaunchConfigurationListener - Launch configuration New_configuration (1) references non-existing project ForLoop.
org.eclipse.core.runtime.CoreException: Launch configuration New_configuration (1) references non-existing project ForLoop.
	at org.eclipse.jdt.launching.JavaRuntime.abort(JavaRuntime.java:1915)
	at org.eclipse.jdt.launching.JavaRuntime.getJavaProject(JavaRuntime.java:1792)
	at org.eclipse.m2e.jdt.internal.launch.MavenLaunchConfigurationListener.updateLaunchConfiguration(MavenLaunchConfigurationListener.java:66)
	at org.eclipse.m2e.jdt.internal.launch.MavenLaunchConfigurationListener.launchConfigurationChanged(MavenLaunchConfigurationListener.java:52)
	at org.eclipse.debug.internal.core.LaunchManager$ConfigurationNotifier.run(LaunchManager.java:220)
	at org.eclipse.core.runtime.SafeRunner.run(SafeRunner.java:47)
	at org.eclipse.debug.internal.core.LaunchManager$ConfigurationNotifier.notify(LaunchManager.java:204)
	at org.eclipse.debug.internal.core.LaunchConfigurationWorkingCopy.setDirty(LaunchConfigurationWorkingCopy.java:527)
	at org.eclipse.debug.internal.core.LaunchConfigurationWorkingCopy.setAttribute(LaunchConfigurationWorkingCopy.java:415)
	at org.eclipse.jdt.debug.ui.launchConfigurations.JavaMainTab.performApply(JavaMainTab.java:259)
	at org.eclipse.debug.internal.ui.launchConfigurations.LaunchConfigurationTabGroupViewer.refresh(LaunchConfigurationTabGroupViewer.java:531)
	at org.eclipse.debug.internal.ui.launchConfigurations.LaunchConfigurationsDialog.updateButtons(LaunchConfigurationsDialog.java:1667)
	at org.eclipse.debug.ui.AbstractLaunchConfigurationTab.updateLaunchConfigurationDialog(AbstractLaunchConfigurationTab.java:155)
	at org.eclipse.jdt.internal.debug.ui.launcher.AbstractJavaMainTab.access$0(AbstractJavaMainTab.java:1)
	at org.eclipse.jdt.internal.debug.ui.launcher.AbstractJavaMainTab$WidgetListener.modifyText(AbstractJavaMainTab.java:65)
	at org.eclipse.swt.widgets.TypedListener.handleEvent(TypedListener.java:221)
	at org.eclipse.swt.widgets.EventTable.sendEvent(EventTable.java:91)
	at org.eclipse.swt.widgets.Display.sendEvent(Display.java:4363)
	at org.eclipse.swt.widgets.Widget.sendEvent(Widget.java:1217)
	at org.eclipse.swt.widgets.Widget.sendEvent(Widget.java:1241)
	at org.eclipse.swt.widgets.Widget.sendEvent(Widget.java:1222)
	at org.eclipse.swt.widgets.Text.wmCommandChild(Text.java:3075)
	at org.eclipse.swt.widgets.Control.WM_COMMAND(Control.java:5116)
	at org.eclipse.swt.widgets.Control.windowProc(Control.java:4967)
	at org.eclipse.swt.widgets.Display.windowProc(Display.java:5131)
	at org.eclipse.swt.internal.win32.OS.CallWindowProc(Native Method)
	at org.eclipse.swt.widgets.Text.callWindowProc(Text.java:295)
	at org.eclipse.swt.widgets.Control.windowProc(Control.java:5066)
	at org.eclipse.swt.widgets.Text.windowProc(Text.java:2657)
	at org.eclipse.swt.widgets.Display.windowProc(Display.java:5131)
	at org.eclipse.swt.internal.win32.OS.SetWindowText(Native Method)
	at org.eclipse.swt.internal.win32.OS.SetWindowText(OS.java:2268)
	at org.eclipse.swt.widgets.Text.setText(Text.java:2319)
	at org.eclipse.jdt.internal.debug.ui.launcher.AbstractJavaMainTab.updateProjectFromConfig(AbstractJavaMainTab.java:201)
	at org.eclipse.jdt.internal.debug.ui.launcher.AbstractJavaMainTab.initializeFrom(AbstractJavaMainTab.java:185)
	at org.eclipse.jdt.debug.ui.launchConfigurations.JavaMainTab.initializeFrom(JavaMainTab.java:189)
	at org.eclipse.debug.ui.AbstractLaunchConfigurationTab.activated(AbstractLaunchConfigurationTab.java:453)
	at org.eclipse.debug.internal.ui.launchConfigurations.LaunchConfigurationTabGroupViewer.propagateTabActivation(LaunchConfigurationTabGroupViewer.java:1486)
	at org.eclipse.debug.internal.ui.launchConfigurations.LaunchConfigurationTabGroupViewer.handleTabSelected(LaunchConfigurationTabGroupViewer.java:1465)
	at org.eclipse.debug.internal.ui.launchConfigurations.LaunchConfigurationTabGroupViewer.setActiveTab(LaunchConfigurationTabGroupViewer.java:1684)
	at org.eclipse.debug.internal.ui.launchConfigurations.LaunchConfigurationTabGroupViewer.setActiveTab(LaunchConfigurationTabGroupViewer.java:1665)
	at org.eclipse.debug.internal.ui.launchConfigurations.LaunchConfigurationTabGroupViewer.setActiveTab(LaunchConfigurationTabGroupViewer.java:1646)
	at org.eclipse.debug.internal.ui.launchConfigurations.LaunchConfigurationTabGroupViewer.displayInstanceTabs(LaunchConfigurationTabGroupViewer.java:879)
	at org.eclipse.debug.internal.ui.launchConfigurations.LaunchConfigurationTabGroupViewer.lambda$4(LaunchConfigurationTabGroupViewer.java:733)
	at org.eclipse.swt.custom.BusyIndicator.showWhile(BusyIndicator.java:69)
	at org.eclipse.debug.internal.ui.launchConfigurations.LaunchConfigurationTabGroupViewer.inputChanged(LaunchConfigurationTabGroupViewer.java:719)
	at org.eclipse.debug.internal.ui.launchConfigurations.LaunchConfigurationTabGroupViewer.setInput0(LaunchConfigurationTabGroupViewer.java:687)
	at org.eclipse.debug.internal.ui.launchConfigurations.LaunchConfigurationTabGroupViewer.setInput(LaunchConfigurationTabGroupViewer.java:667)
	at org.eclipse.debug.internal.ui.launchConfigurations.LaunchConfigurationsDialog.handleLaunchConfigurationSelectionChanged(LaunchConfigurationsDialog.java:1067)
	at org.eclipse.debug.internal.ui.launchConfigurations.LaunchConfigurationsDialog.lambda$1(LaunchConfigurationsDialog.java:612)
	at org.eclipse.jface.viewers.StructuredViewer$3.run(StructuredViewer.java:822)
	at org.eclipse.core.runtime.SafeRunner.run(SafeRunner.java:47)
	at org.eclipse.jface.util.SafeRunnable.run(SafeRunnable.java:169)
	at org.eclipse.jface.viewers.StructuredViewer.firePostSelectionChanged(StructuredViewer.java:819)
	at org.eclipse.jface.viewers.ColumnViewer.firePostSelectionChanged(ColumnViewer.java:1054)
	at org.eclipse.jface.viewers.StructuredViewer.handlePostSelect(StructuredViewer.java:1189)
	at org.eclipse.swt.events.SelectionListener$1.widgetSelected(SelectionListener.java:83)
	at org.eclipse.jface.util.OpenStrategy.firePostSelectionEvent(OpenStrategy.java:283)
	at org.eclipse.jface.util.OpenStrategy$1.lambda$1(OpenStrategy.java:437)
	at org.eclipse.swt.widgets.RunnableLock.run(RunnableLock.java:40)
	at org.eclipse.swt.widgets.Synchronizer.runAsyncMessages(Synchronizer.java:131)
	at org.eclipse.swt.widgets.Display.runAsyncMessages(Display.java:4136)
	at org.eclipse.swt.widgets.Display.readAndDispatch(Display.java:3752)
	at org.eclipse.jface.window.Window.runEventLoop(Window.java:819)
	at org.eclipse.jface.window.Window.open(Window.java:799)
	at org.eclipse.debug.internal.ui.launchConfigurations.LaunchConfigurationsDialog.open(LaunchConfigurationsDialog.java:1253)
	at org.eclipse.debug.ui.DebugUITools.lambda$1(DebugUITools.java:631)
	at org.eclipse.swt.custom.BusyIndicator.showWhile(BusyIndicator.java:69)
	at org.eclipse.debug.ui.DebugUITools.openLaunchConfigurationDialogOnGroup(DebugUITools.java:637)
	at org.eclipse.debug.ui.DebugUITools.openLaunchConfigurationDialogOnGroup(DebugUITools.java:575)
	at org.eclipse.debug.ui.actions.OpenLaunchDialogAction.run(OpenLaunchDialogAction.java:85)
	at org.eclipse.jface.action.Action.runWithEvent(Action.java:474)
	at org.eclipse.jface.action.ActionContributionItem.handleWidgetSelection(ActionContributionItem.java:581)
	at org.eclipse.jface.action.ActionContributionItem.lambda$4(ActionContributionItem.java:415)
	at org.eclipse.swt.widgets.EventTable.sendEvent(EventTable.java:91)
	at org.eclipse.swt.widgets.Display.sendEvent(Display.java:4363)
	at org.eclipse.swt.widgets.Widget.sendEvent(Widget.java:1217)
	at org.eclipse.swt.widgets.Widget.sendEvent(Widget.java:1241)
	at org.eclipse.swt.widgets.Widget.sendEvent(Widget.java:1226)
	at org.eclipse.swt.widgets.Widget.notifyListeners(Widget.java:863)
	at org.eclipse.jface.action.ActionContributionItem.lambda$8(ActionContributionItem.java:1204)
	at org.eclipse.swt.widgets.EventTable.sendEvent(EventTable.java:91)
	at org.eclipse.swt.widgets.Display.sendEvent(Display.java:4363)
	at org.eclipse.swt.widgets.Widget.sendEvent(Widget.java:1217)
	at org.eclipse.swt.widgets.Display.runDeferredEvents(Display.java:4161)
	at org.eclipse.swt.widgets.Display.readAndDispatch(Display.java:3749)
	at org.eclipse.e4.ui.internal.workbench.swt.PartRenderingEngine$5.run(PartRenderingEngine.java:1160)
	at org.eclipse.core.databinding.observable.Realm.runWithDefault(Realm.java:339)
	at org.eclipse.e4.ui.internal.workbench.swt.PartRenderingEngine.run(PartRenderingEngine.java:1051)
	at org.eclipse.e4.ui.internal.workbench.E4Workbench.createAndRunUI(E4Workbench.java:153)
	at org.eclipse.ui.internal.Workbench.lambda$3(Workbench.java:680)
	at org.eclipse.core.databinding.observable.Realm.runWithDefault(Realm.java:339)
	at org.eclipse.ui.internal.Workbench.createAndRunWorkbench(Workbench.java:583)
	at org.eclipse.ui.PlatformUI.createAndRunWorkbench(PlatformUI.java:173)
	at org.eclipse.ui.internal.ide.application.IDEApplication.start(IDEApplication.java:193)
	at org.eclipse.equinox.internal.app.EclipseAppHandle.run(EclipseAppHandle.java:219)
	at org.eclipse.core.runtime.internal.adaptor.EclipseAppLauncher.runApplication(EclipseAppLauncher.java:149)
	at org.eclipse.core.runtime.internal.adaptor.EclipseAppLauncher.start(EclipseAppLauncher.java:115)
	at org.eclipse.core.runtime.adaptor.EclipseStarter.run(EclipseStarter.java:467)
	at org.eclipse.core.runtime.adaptor.EclipseStarter.run(EclipseStarter.java:298)
	at java.base/jdk.internal.reflect.DirectMethodHandleAccessor.invoke(DirectMethodHandleAccessor.java:104)
	at java.base/java.lang.reflect.Method.invoke(Method.java:565)
	at org.eclipse.equinox.launcher.Main.invokeFramework(Main.java:615)
	at org.eclipse.equinox.launcher.Main.basicRun(Main.java:563)
	at org.eclipse.equinox.launcher.Main.run(Main.java:1415)
	at org.eclipse.equinox.launcher.Main.main(Main.java:1387)
2026-10-06 10:35:25,695 [main] ERROR o.e.m.j.i.l.MavenLaunchConfigurationListener - Launch configuration New_configuration (1) references non-existing project ForLoop.
org.eclipse.core.runtime.CoreException: Launch configuration New_configuration (1) references non-existing project ForLoop.
	at org.eclipse.jdt.launching.JavaRuntime.abort(JavaRuntime.java:1915)
	at org.eclipse.jdt.launching.JavaRuntime.getJavaProject(JavaRuntime.java:1792)
	at org.eclipse.m2e.jdt.internal.launch.MavenLaunchConfigurationListener.updateLaunchConfiguration(MavenLaunchConfigurationListener.java:66)
	at org.eclipse.m2e.jdt.internal.launch.MavenLaunchConfigurationListener.launchConfigurationChanged(MavenLaunchConfigurationListener.java:52)
	at org.eclipse.debug.internal.core.LaunchManager$ConfigurationNotifier.run(LaunchManager.java:220)
	at org.eclipse.core.runtime.SafeRunner.run(SafeRunner.java:47)
	at org.eclipse.debug.internal.core.LaunchManager$ConfigurationNotifier.notify(LaunchManager.java:204)
	at org.eclipse.debug.internal.core.LaunchConfigurationWorkingCopy.setDirty(LaunchConfigurationWorkingCopy.java:527)
	at org.eclipse.debug.internal.core.LaunchConfigurationWorkingCopy.setAttribute(LaunchConfigurationWorkingCopy.java:415)
	at org.eclipse.jdt.debug.ui.launchConfigurations.JavaMainTab.performApply(JavaMainTab.java:233)
	at org.eclipse.debug.internal.ui.launchConfigurations.LaunchConfigurationTabGroupViewer.refresh(LaunchConfigurationTabGroupViewer.java:531)
	at org.eclipse.debug.internal.ui.launchConfigurations.LaunchConfigurationsDialog.updateButtons(LaunchConfigurationsDialog.java:1667)
	at org.eclipse.debug.ui.AbstractLaunchConfigurationTab.updateLaunchConfigurationDialog(AbstractLaunchConfigurationTab.java:155)
	at org.eclipse.jdt.internal.debug.ui.launcher.SharedJavaMainTab.access$0(SharedJavaMainTab.java:1)
	at org.eclipse.jdt.internal.debug.ui.launcher.SharedJavaMainTab$1.modifyText(SharedJavaMainTab.java:74)
	at org.eclipse.swt.widgets.TypedListener.handleEvent(TypedListener.java:221)
	at org.eclipse.swt.widgets.EventTable.sendEvent(EventTable.java:91)
	at org.eclipse.swt.widgets.Display.sendEvent(Display.java:4363)
	at org.eclipse.swt.widgets.Widget.sendEvent(Widget.java:1217)
	at org.eclipse.swt.widgets.Widget.sendEvent(Widget.java:1241)
	at org.eclipse.swt.widgets.Widget.sendEvent(Widget.java:1222)
	at org.eclipse.swt.widgets.Text.wmCommandChild(Text.java:3075)
	at org.eclipse.swt.widgets.Control.WM_COMMAND(Control.java:5116)
	at org.eclipse.swt.widgets.Control.windowProc(Control.java:4967)
	at org.eclipse.swt.widgets.Display.windowProc(Display.java:5131)
	at org.eclipse.swt.internal.win32.OS.CallWindowProc(Native Method)
	at org.eclipse.swt.widgets.Text.callWindowProc(Text.java:295)
	at org.eclipse.swt.widgets.Control.windowProc(Control.java:5066)
	at org.eclipse.swt.widgets.Text.windowProc(Text.java:2657)
	at org.eclipse.swt.widgets.Display.windowProc(Display.java:5131)
	at org.eclipse.swt.internal.win32.OS.SetWindowText(Native Method)
	at org.eclipse.swt.internal.win32.OS.SetWindowText(OS.java:2268)
	at org.eclipse.swt.widgets.Text.setText(Text.java:2319)
	at org.eclipse.jdt.internal.debug.ui.launcher.SharedJavaMainTab.updateMainTypeFromConfig(SharedJavaMainTab.java:184)
	at org.eclipse.jdt.debug.ui.launchConfigurations.JavaMainTab.initializeFrom(JavaMainTab.java:190)
	at org.eclipse.debug.ui.AbstractLaunchConfigurationTab.activated(AbstractLaunchConfigurationTab.java:453)
	at org.eclipse.debug.internal.ui.launchConfigurations.LaunchConfigurationTabGroupViewer.propagateTabActivation(LaunchConfigurationTabGroupViewer.java:1486)
	at org.eclipse.debug.internal.ui.launchConfigurations.LaunchConfigurationTabGroupViewer.handleTabSelected(LaunchConfigurationTabGroupViewer.java:1465)
	at org.eclipse.debug.internal.ui.launchConfigurations.LaunchConfigurationTabGroupViewer.setActiveTab(LaunchConfigurationTabGroupViewer.java:1684)
	at org.eclipse.debug.internal.ui.launchConfigurations.LaunchConfigurationTabGroupViewer.setActiveTab(LaunchConfigurationTabGroupViewer.java:1665)
	at org.eclipse.debug.internal.ui.launchConfigurations.LaunchConfigurationTabGroupViewer.setActiveTab(LaunchConfigurationTabGroupViewer.java:1646)
	at org.eclipse.debug.internal.ui.launchConfigurations.LaunchConfigurationTabGroupViewer.displayInstanceTabs(LaunchConfigurationTabGroupViewer.java:879)
	at org.eclipse.debug.internal.ui.launchConfigurations.LaunchConfigurationTabGroupViewer.lambda$4(LaunchConfigurationTabGroupViewer.java:733)
	at org.eclipse.swt.custom.BusyIndicator.showWhile(BusyIndicator.java:69)
	at org.eclipse.debug.internal.ui.launchConfigurations.LaunchConfigurationTabGroupViewer.inputChanged(LaunchConfigurationTabGroupViewer.java:719)
	at org.eclipse.debug.internal.ui.launchConfigurations.LaunchConfigurationTabGroupViewer.setInput0(LaunchConfigurationTabGroupViewer.java:687)
	at org.eclipse.debug.internal.ui.launchConfigurations.LaunchConfigurationTabGroupViewer.setInput(LaunchConfigurationTabGroupViewer.java:667)
	at org.eclipse.debug.internal.ui.launchConfigurations.LaunchConfigurationsDialog.handleLaunchConfigurationSelectionChanged(LaunchConfigurationsDialog.java:1067)
	at org.eclipse.debug.internal.ui.launchConfigurations.LaunchConfigurationsDialog.lambda$1(LaunchConfigurationsDialog.java:612)
	at org.eclipse.jface.viewers.StructuredViewer$3.run(StructuredViewer.java:822)
	at org.eclipse.core.runtime.SafeRunner.run(SafeRunner.java:47)
	at org.eclipse.jface.util.SafeRunnable.run(SafeRunnable.java:169)
	at org.eclipse.jface.viewers.StructuredViewer.firePostSelectionChanged(StructuredViewer.java:819)
	at org.eclipse.jface.viewers.ColumnViewer.firePostSelectionChanged(ColumnViewer.java:1054)
	at org.eclipse.jface.viewers.StructuredViewer.handlePostSelect(StructuredViewer.java:1189)
	at org.eclipse.swt.events.SelectionListener$1.widgetSelected(SelectionListener.java:83)
	at org.eclipse.jface.util.OpenStrategy.firePostSelectionEvent(OpenStrategy.java:283)
	at org.eclipse.jface.util.OpenStrategy$1.lambda$1(OpenStrategy.java:437)
	at org.eclipse.swt.widgets.RunnableLock.run(RunnableLock.java:40)
	at org.eclipse.swt.widgets.Synchronizer.runAsyncMessages(Synchronizer.java:131)
	at org.eclipse.swt.widgets.Display.runAsyncMessages(Display.java:4136)
	at org.eclipse.swt.widgets.Display.readAndDispatch(Display.java:3752)
	at org.eclipse.jface.window.Window.runEventLoop(Window.java:819)
	at org.eclipse.jface.window.Window.open(Window.java:799)
	at org.eclipse.debug.internal.ui.launchConfigurations.LaunchConfigurationsDialog.open(LaunchConfigurationsDialog.java:1253)
	at org.eclipse.debug.ui.DebugUITools.lambda$1(DebugUITools.java:631)
	at org.eclipse.swt.custom.BusyIndicator.showWhile(BusyIndicator.java:69)
	at org.eclipse.debug.ui.DebugUITools.openLaunchConfigurationDialogOnGroup(DebugUITools.java:637)
	at org.eclipse.debug.ui.DebugUITools.openLaunchConfigurationDialogOnGroup(DebugUITools.java:575)
	at org.eclipse.debug.ui.actions.OpenLaunchDialogAction.run(OpenLaunchDialogAction.java:85)
	at org.eclipse.jface.action.Action.runWithEvent(Action.java:474)
	at org.eclipse.jface.action.ActionContributionItem.handleWidgetSelection(ActionContributionItem.java:581)
	at org.eclipse.jface.action.ActionContributionItem.lambda$4(ActionContributionItem.java:415)
	at org.eclipse.swt.widgets.EventTable.sendEvent(EventTable.java:91)
	at org.eclipse.swt.widgets.Display.sendEvent(Display.java:4363)
	at org.eclipse.swt.widgets.Widget.sendEvent(Widget.java:1217)
	at org.eclipse.swt.widgets.Widget.sendEvent(Widget.java:1241)
	at org.eclipse.swt.widgets.Widget.sendEvent(Widget.java:1226)
	at org.eclipse.swt.widgets.Widget.notifyListeners(Widget.java:863)
	at org.eclipse.jface.action.ActionContributionItem.lambda$8(ActionContributionItem.java:1204)
	at org.eclipse.swt.widgets.EventTable.sendEvent(EventTable.java:91)
	at org.eclipse.swt.widgets.Display.sendEvent(Display.java:4363)
	at org.eclipse.swt.widgets.Widget.sendEvent(Widget.java:1217)
	at org.eclipse.swt.widgets.Display.runDeferredEvents(Display.java:4161)
	at org.eclipse.swt.widgets.Display.readAndDispatch(Display.java:3749)
	at org.eclipse.e4.ui.internal.workbench.swt.PartRenderingEngine$5.run(PartRenderingEngine.java:1160)
	at org.eclipse.core.databinding.observable.Realm.runWithDefault(Realm.java:339)
	at org.eclipse.e4.ui.internal.workbench.swt.PartRenderingEngine.run(PartRenderingEngine.java:1051)
	at org.eclipse.e4.ui.internal.workbench.E4Workbench.createAndRunUI(E4Workbench.java:153)
	at org.eclipse.ui.internal.Workbench.lambda$3(Workbench.java:680)
	at org.eclipse.core.databinding.observable.Realm.runWithDefault(Realm.java:339)
	at org.eclipse.ui.internal.Workbench.createAndRunWorkbench(Workbench.java:583)
	at org.eclipse.ui.PlatformUI.createAndRunWorkbench(PlatformUI.java:173)
	at org.eclipse.ui.internal.ide.application.IDEApplication.start(IDEApplication.java:193)
	at org.eclipse.equinox.internal.app.EclipseAppHandle.run(EclipseAppHandle.java:219)
	at org.eclipse.core.runtime.internal.adaptor.EclipseAppLauncher.runApplication(EclipseAppLauncher.java:149)
	at org.eclipse.core.runtime.internal.adaptor.EclipseAppLauncher.start(EclipseAppLauncher.java:115)
	at org.eclipse.core.runtime.adaptor.EclipseStarter.run(EclipseStarter.java:467)
	at org.eclipse.core.runtime.adaptor.EclipseStarter.run(EclipseStarter.java:298)
	at java.base/jdk.internal.reflect.DirectMethodHandleAccessor.invoke(DirectMethodHandleAccessor.java:104)
	at java.base/java.lang.reflect.Method.invoke(Method.java:565)
	at org.eclipse.equinox.launcher.Main.invokeFramework(Main.java:615)
	at org.eclipse.equinox.launcher.Main.basicRun(Main.java:563)
	at org.eclipse.equinox.launcher.Main.run(Main.java:1415)
	at org.eclipse.equinox.launcher.Main.main(Main.java:1387)
2026-10-06 10:35:25,697 [main] ERROR o.e.m.j.i.l.MavenLaunchConfigurationListener - Launch configuration New_configuration (1) references non-existing project ForLoop.
org.eclipse.core.runtime.CoreException: Launch configuration New_configuration (1) references non-existing project ForLoop.
	at org.eclipse.jdt.launching.JavaRuntime.abort(JavaRuntime.java:1915)
	at org.eclipse.jdt.launching.JavaRuntime.getJavaProject(JavaRuntime.java:1792)
	at org.eclipse.m2e.jdt.internal.launch.MavenLaunchConfigurationListener.updateLaunchConfiguration(MavenLaunchConfigurationListener.java:66)
	at org.eclipse.m2e.jdt.internal.launch.MavenLaunchConfigurationListener.launchConfigurationChanged(MavenLaunchConfigurationListener.java:52)
	at org.eclipse.debug.internal.core.LaunchManager$ConfigurationNotifier.run(LaunchManager.java:220)
	at org.eclipse.core.runtime.SafeRunner.run(SafeRunner.java:47)
	at org.eclipse.debug.internal.core.LaunchManager$ConfigurationNotifier.notify(LaunchManager.java:204)
	at org.eclipse.debug.internal.core.LaunchConfigurationWorkingCopy.setDirty(LaunchConfigurationWorkingCopy.java:527)
	at org.eclipse.debug.internal.core.LaunchConfigurationWorkingCopy.setAttribute(LaunchConfigurationWorkingCopy.java:415)
	at org.eclipse.jdt.debug.ui.launchConfigurations.JavaMainTab.performApply(JavaMainTab.java:234)
	at org.eclipse.debug.internal.ui.launchConfigurations.LaunchConfigurationTabGroupViewer.refresh(LaunchConfigurationTabGroupViewer.java:531)
	at org.eclipse.debug.internal.ui.launchConfigurations.LaunchConfigurationsDialog.updateButtons(LaunchConfigurationsDialog.java:1667)
	at org.eclipse.debug.ui.AbstractLaunchConfigurationTab.updateLaunchConfigurationDialog(AbstractLaunchConfigurationTab.java:155)
	at org.eclipse.jdt.internal.debug.ui.launcher.SharedJavaMainTab.access$0(SharedJavaMainTab.java:1)
	at org.eclipse.jdt.internal.debug.ui.launcher.SharedJavaMainTab$1.modifyText(SharedJavaMainTab.java:74)
	at org.eclipse.swt.widgets.TypedListener.handleEvent(TypedListener.java:221)
	at org.eclipse.swt.widgets.EventTable.sendEvent(EventTable.java:91)
	at org.eclipse.swt.widgets.Display.sendEvent(Display.java:4363)
	at org.eclipse.swt.widgets.Widget.sendEvent(Widget.java:1217)
	at org.eclipse.swt.widgets.Widget.sendEvent(Widget.java:1241)
	at org.eclipse.swt.widgets.Widget.sendEvent(Widget.java:1222)
	at org.eclipse.swt.widgets.Text.wmCommandChild(Text.java:3075)
	at org.eclipse.swt.widgets.Control.WM_COMMAND(Control.java:5116)
	at org.eclipse.swt.widgets.Control.windowProc(Control.java:4967)
	at org.eclipse.swt.widgets.Display.windowProc(Display.java:5131)
	at org.eclipse.swt.internal.win32.OS.CallWindowProc(Native Method)
	at org.eclipse.swt.widgets.Text.callWindowProc(Text.java:295)
	at org.eclipse.swt.widgets.Control.windowProc(Control.java:5066)
	at org.eclipse.swt.widgets.Text.windowProc(Text.java:2657)
	at org.eclipse.swt.widgets.Display.windowProc(Display.java:5131)
	at org.eclipse.swt.internal.win32.OS.SetWindowText(Native Method)
	at org.eclipse.swt.internal.win32.OS.SetWindowText(OS.java:2268)
	at org.eclipse.swt.widgets.Text.setText(Text.java:2319)
	at org.eclipse.jdt.internal.debug.ui.launcher.SharedJavaMainTab.updateMainTypeFromConfig(SharedJavaMainTab.java:184)
	at org.eclipse.jdt.debug.ui.launchConfigurations.JavaMainTab.initializeFrom(JavaMainTab.java:190)
	at org.eclipse.debug.ui.AbstractLaunchConfigurationTab.activated(AbstractLaunchConfigurationTab.java:453)
	at org.eclipse.debug.internal.ui.launchConfigurations.LaunchConfigurationTabGroupViewer.propagateTabActivation(LaunchConfigurationTabGroupViewer.java:1486)
	at org.eclipse.debug.internal.ui.launchConfigurations.LaunchConfigurationTabGroupViewer.handleTabSelected(LaunchConfigurationTabGroupViewer.java:1465)
	at org.eclipse.debug.internal.ui.launchConfigurations.LaunchConfigurationTabGroupViewer.setActiveTab(LaunchConfigurationTabGroupViewer.java:1684)
	at org.eclipse.debug.internal.ui.launchConfigurations.LaunchConfigurationTabGroupViewer.setActiveTab(LaunchConfigurationTabGroupViewer.java:1665)
	at org.eclipse.debug.internal.ui.launchConfigurations.LaunchConfigurationTabGroupViewer.setActiveTab(LaunchConfigurationTabGroupViewer.java:1646)
	at org.eclipse.debug.internal.ui.launchConfigurations.LaunchConfigurationTabGroupViewer.displayInstanceTabs(LaunchConfigurationTabGroupViewer.java:879)
	at org.eclipse.debug.internal.ui.launchConfigurations.LaunchConfigurationTabGroupViewer.lambda$4(LaunchConfigurationTabGroupViewer.java:733)
	at org.eclipse.swt.custom.BusyIndicator.showWhile(BusyIndicator.java:69)
	at org.eclipse.debug.internal.ui.launchConfigurations.LaunchConfigurationTabGroupViewer.inputChanged(LaunchConfigurationTabGroupViewer.java:719)
	at org.eclipse.debug.internal.ui.launchConfigurations.LaunchConfigurationTabGroupViewer.setInput0(LaunchConfigurationTabGroupViewer.java:687)
	at org.eclipse.debug.internal.ui.launchConfigurations.LaunchConfigurationTabGroupViewer.setInput(LaunchConfigurationTabGroupViewer.java:667)
	at org.eclipse.debug.internal.ui.launchConfigurations.LaunchConfigurationsDialog.handleLaunchConfigurationSelectionChanged(LaunchConfigurationsDialog.java:1067)
	at org.eclipse.debug.internal.ui.launchConfigurations.LaunchConfigurationsDialog.lambda$1(LaunchConfigurationsDialog.java:612)
	at org.eclipse.jface.viewers.StructuredViewer$3.run(StructuredViewer.java:822)
	at org.eclipse.core.runtime.SafeRunner.run(SafeRunner.java:47)
	at org.eclipse.jface.util.SafeRunnable.run(SafeRunnable.java:169)
	at org.eclipse.jface.viewers.StructuredViewer.firePostSelectionChanged(StructuredViewer.java:819)
	at org.eclipse.jface.viewers.ColumnViewer.firePostSelectionChanged(ColumnViewer.java:1054)
	at org.eclipse.jface.viewers.StructuredViewer.handlePostSelect(StructuredViewer.java:1189)
	at org.eclipse.swt.events.SelectionListener$1.widgetSelected(SelectionListener.java:83)
	at org.eclipse.jface.util.OpenStrategy.firePostSelectionEvent(OpenStrategy.java:283)
	at org.eclipse.jface.util.OpenStrategy$1.lambda$1(OpenStrategy.java:437)
	at org.eclipse.swt.widgets.RunnableLock.run(RunnableLock.java:40)
	at org.eclipse.swt.widgets.Synchronizer.runAsyncMessages(Synchronizer.java:131)
	at org.eclipse.swt.widgets.Display.runAsyncMessages(Display.java:4136)
	at org.eclipse.swt.widgets.Display.readAndDispatch(Display.java:3752)
	at org.eclipse.jface.window.Window.runEventLoop(Window.java:819)
	at org.eclipse.jface.window.Window.open(Window.java:799)
	at org.eclipse.debug.internal.ui.launchConfigurations.LaunchConfigurationsDialog.open(LaunchConfigurationsDialog.java:1253)
	at org.eclipse.debug.ui.DebugUITools.lambda$1(DebugUITools.java:631)
	at org.eclipse.swt.custom.BusyIndicator.showWhile(BusyIndicator.java:69)
	at org.eclipse.debug.ui.DebugUITools.openLaunchConfigurationDialogOnGroup(DebugUITools.java:637)
	at org.eclipse.debug.ui.DebugUITools.openLaunchConfigurationDialogOnGroup(DebugUITools.java:575)
	at org.eclipse.debug.ui.actions.OpenLaunchDialogAction.run(OpenLaunchDialogAction.java:85)
	at org.eclipse.jface.action.Action.runWithEvent(Action.java:474)
	at org.eclipse.jface.action.ActionContributionItem.handleWidgetSelection(ActionContributionItem.java:581)
	at org.eclipse.jface.action.ActionContributionItem.lambda$4(ActionContributionItem.java:415)
	at org.eclipse.swt.widgets.EventTable.sendEvent(EventTable.java:91)
	at org.eclipse.swt.widgets.Display.sendEvent(Display.java:4363)
	at org.eclipse.swt.widgets.Widget.sendEvent(Widget.java:1217)
	at org.eclipse.swt.widgets.Widget.sendEvent(Widget.java:1241)
	at org.eclipse.swt.widgets.Widget.sendEvent(Widget.java:1226)
	at org.eclipse.swt.widgets.Widget.notifyListeners(Widget.java:863)
	at org.eclipse.jface.action.ActionContributionItem.lambda$8(ActionContributionItem.java:1204)
	at org.eclipse.swt.widgets.EventTable.sendEvent(EventTable.java:91)
	at org.eclipse.swt.widgets.Display.sendEvent(Display.java:4363)
	at org.eclipse.swt.widgets.Widget.sendEvent(Widget.java:1217)
	at org.eclipse.swt.widgets.Display.runDeferredEvents(Display.java:4161)
	at org.eclipse.swt.widgets.Display.readAndDispatch(Display.java:3749)
	at org.eclipse.e4.ui.internal.workbench.swt.PartRenderingEngine$5.run(PartRenderingEngine.java:1160)
	at org.eclipse.core.databinding.observable.Realm.runWithDefault(Realm.java:339)
	at org.eclipse.e4.ui.internal.workbench.swt.PartRenderingEngine.run(PartRenderingEngine.java:1051)
	at org.eclipse.e4.ui.internal.workbench.E4Workbench.createAndRunUI(E4Workbench.java:153)
	at org.eclipse.ui.internal.Workbench.lambda$3(Workbench.java:680)
	at org.eclipse.core.databinding.observable.Realm.runWithDefault(Realm.java:339)
	at org.eclipse.ui.internal.Workbench.createAndRunWorkbench(Workbench.java:583)
	at org.eclipse.ui.PlatformUI.createAndRunWorkbench(PlatformUI.java:173)
	at org.eclipse.ui.internal.ide.application.IDEApplication.start(IDEApplication.java:193)
	at org.eclipse.equinox.internal.app.EclipseAppHandle.run(EclipseAppHandle.java:219)
	at org.eclipse.core.runtime.internal.adaptor.EclipseAppLauncher.runApplication(EclipseAppLauncher.java:149)
	at org.eclipse.core.runtime.internal.adaptor.EclipseAppLauncher.start(EclipseAppLauncher.java:115)
	at org.eclipse.core.runtime.adaptor.EclipseStarter.run(EclipseStarter.java:467)
	at org.eclipse.core.runtime.adaptor.EclipseStarter.run(EclipseStarter.java:298)
	at java.base/jdk.internal.reflect.DirectMethodHandleAccessor.invoke(DirectMethodHandleAccessor.java:104)
	at java.base/java.lang.reflect.Method.invoke(Method.java:565)
	at org.eclipse.equinox.launcher.Main.invokeFramework(Main.java:615)
	at org.eclipse.equinox.launcher.Main.basicRun(Main.java:563)
	at org.eclipse.equinox.launcher.Main.run(Main.java:1415)
	at org.eclipse.equinox.launcher.Main.main(Main.java:1387)
2026-10-06 10:35:25,698 [main] ERROR o.e.m.j.i.l.MavenLaunchConfigurationListener - Launch configuration New_configuration (1) references non-existing project ForLoop.
org.eclipse.core.runtime.CoreException: Launch configuration New_configuration (1) references non-existing project ForLoop.
	at org.eclipse.jdt.launching.JavaRuntime.abort(JavaRuntime.java:1915)
	at org.eclipse.jdt.launching.JavaRuntime.getJavaProject(JavaRuntime.java:1792)
	at org.eclipse.m2e.jdt.internal.launch.MavenLaunchConfigurationListener.updateLaunchConfiguration(MavenLaunchConfigurationListener.java:66)
	at org.eclipse.m2e.jdt.internal.launch.MavenLaunchConfigurationListener.launchConfigurationChanged(MavenLaunchConfigurationListener.java:52)
	at org.eclipse.debug.internal.core.LaunchManager$ConfigurationNotifier.run(LaunchManager.java:220)
	at org.eclipse.core.runtime.SafeRunner.run(SafeRunner.java:47)
	at org.eclipse.debug.internal.core.LaunchManager$ConfigurationNotifier.notify(LaunchManager.java:204)
	at org.eclipse.debug.internal.core.LaunchConfigurationWorkingCopy.setDirty(LaunchConfigurationWorkingCopy.java:527)
	at org.eclipse.debug.internal.core.LaunchConfigurationWorkingCopy.setAttribute(LaunchConfigurationWorkingCopy.java:415)
	at org.eclipse.jdt.debug.ui.launchConfigurations.JavaMainTab.performApply(JavaMainTab.java:235)
	at org.eclipse.debug.internal.ui.launchConfigurations.LaunchConfigurationTabGroupViewer.refresh(LaunchConfigurationTabGroupViewer.java:531)
	at org.eclipse.debug.internal.ui.launchConfigurations.LaunchConfigurationsDialog.updateButtons(LaunchConfigurationsDialog.java:1667)
	at org.eclipse.debug.ui.AbstractLaunchConfigurationTab.updateLaunchConfigurationDialog(AbstractLaunchConfigurationTab.java:155)
	at org.eclipse.jdt.internal.debug.ui.launcher.SharedJavaMainTab.access$0(SharedJavaMainTab.java:1)
	at org.eclipse.jdt.internal.debug.ui.launcher.SharedJavaMainTab$1.modifyText(SharedJavaMainTab.java:74)
	at org.eclipse.swt.widgets.TypedListener.handleEvent(TypedListener.java:221)
	at org.eclipse.swt.widgets.EventTable.sendEvent(EventTable.java:91)
	at org.eclipse.swt.widgets.Display.sendEvent(Display.java:4363)
	at org.eclipse.swt.widgets.Widget.sendEvent(Widget.java:1217)
	at org.eclipse.swt.widgets.Widget.sendEvent(Widget.java:1241)
	at org.eclipse.swt.widgets.Widget.sendEvent(Widget.java:1222)
	at org.eclipse.swt.widgets.Text.wmCommandChild(Text.java:3075)
	at org.eclipse.swt.widgets.Control.WM_COMMAND(Control.java:5116)
	at org.eclipse.swt.widgets.Control.windowProc(Control.java:4967)
	at org.eclipse.swt.widgets.Display.windowProc(Display.java:5131)
	at org.eclipse.swt.internal.win32.OS.CallWindowProc(Native Method)
	at org.eclipse.swt.widgets.Text.callWindowProc(Text.java:295)
	at org.eclipse.swt.widgets.Control.windowProc(Control.java:5066)
	at org.eclipse.swt.widgets.Text.windowProc(Text.java:2657)
	at org.eclipse.swt.widgets.Display.windowProc(Display.java:5131)
	at org.eclipse.swt.internal.win32.OS.SetWindowText(Native Method)
	at org.eclipse.swt.internal.win32.OS.SetWindowText(OS.java:2268)
	at org.eclipse.swt.widgets.Text.setText(Text.java:2319)
	at org.eclipse.jdt.internal.debug.ui.launcher.SharedJavaMainTab.updateMainTypeFromConfig(SharedJavaMainTab.java:184)
	at org.eclipse.jdt.debug.ui.launchConfigurations.JavaMainTab.initializeFrom(JavaMainTab.java:190)
	at org.eclipse.debug.ui.AbstractLaunchConfigurationTab.activated(AbstractLaunchConfigurationTab.java:453)
	at org.eclipse.debug.internal.ui.launchConfigurations.LaunchConfigurationTabGroupViewer.propagateTabActivation(LaunchConfigurationTabGroupViewer.java:1486)
	at org.eclipse.debug.internal.ui.launchConfigurations.LaunchConfigurationTabGroupViewer.handleTabSelected(LaunchConfigurationTabGroupViewer.java:1465)
	at org.eclipse.debug.internal.ui.launchConfigurations.LaunchConfigurationTabGroupViewer.setActiveTab(LaunchConfigurationTabGroupViewer.java:1684)
	at org.eclipse.debug.internal.ui.launchConfigurations.LaunchConfigurationTabGroupViewer.setActiveTab(LaunchConfigurationTabGroupViewer.java:1665)
	at org.eclipse.debug.internal.ui.launchConfigurations.LaunchConfigurationTabGroupViewer.setActiveTab(LaunchConfigurationTabGroupViewer.java:1646)
	at org.eclipse.debug.internal.ui.launchConfigurations.LaunchConfigurationTabGroupViewer.displayInstanceTabs(LaunchConfigurationTabGroupViewer.java:879)
	at org.eclipse.debug.internal.ui.launchConfigurations.LaunchConfigurationTabGroupViewer.lambda$4(LaunchConfigurationTabGroupViewer.java:733)
	at org.eclipse.swt.custom.BusyIndicator.showWhile(BusyIndicator.java:69)
	at org.eclipse.debug.internal.ui.launchConfigurations.LaunchConfigurationTabGroupViewer.inputChanged(LaunchConfigurationTabGroupViewer.java:719)
	at org.eclipse.debug.internal.ui.launchConfigurations.LaunchConfigurationTabGroupViewer.setInput0(LaunchConfigurationTabGroupViewer.java:687)
	at org.eclipse.debug.internal.ui.launchConfigurations.LaunchConfigurationTabGroupViewer.setInput(LaunchConfigurationTabGroupViewer.java:667)
	at org.eclipse.debug.internal.ui.launchConfigurations.LaunchConfigurationsDialog.handleLaunchConfigurationSelectionChanged(LaunchConfigurationsDialog.java:1067)
	at org.eclipse.debug.internal.ui.launchConfigurations.LaunchConfigurationsDialog.lambda$1(LaunchConfigurationsDialog.java:612)
	at org.eclipse.jface.viewers.StructuredViewer$3.run(StructuredViewer.java:822)
	at org.eclipse.core.runtime.SafeRunner.run(SafeRunner.java:47)
	at org.eclipse.jface.util.SafeRunnable.run(SafeRunnable.java:169)
	at org.eclipse.jface.viewers.StructuredViewer.firePostSelectionChanged(StructuredViewer.java:819)
	at org.eclipse.jface.viewers.ColumnViewer.firePostSelectionChanged(ColumnViewer.java:1054)
	at org.eclipse.jface.viewers.StructuredViewer.handlePostSelect(StructuredViewer.java:1189)
	at org.eclipse.swt.events.SelectionListener$1.widgetSelected(SelectionListener.java:83)
	at org.eclipse.jface.util.OpenStrategy.firePostSelectionEvent(OpenStrategy.java:283)
	at org.eclipse.jface.util.OpenStrategy$1.lambda$1(OpenStrategy.java:437)
	at org.eclipse.swt.widgets.RunnableLock.run(RunnableLock.java:40)
	at org.eclipse.swt.widgets.Synchronizer.runAsyncMessages(Synchronizer.java:131)
	at org.eclipse.swt.widgets.Display.runAsyncMessages(Display.java:4136)
	at org.eclipse.swt.widgets.Display.readAndDispatch(Display.java:3752)
	at org.eclipse.jface.window.Window.runEventLoop(Window.java:819)
	at org.eclipse.jface.window.Window.open(Window.java:799)
	at org.eclipse.debug.internal.ui.launchConfigurations.LaunchConfigurationsDialog.open(LaunchConfigurationsDialog.java:1253)
	at org.eclipse.debug.ui.DebugUITools.lambda$1(DebugUITools.java:631)
	at org.eclipse.swt.custom.BusyIndicator.showWhile(BusyIndicator.java:69)
	at org.eclipse.debug.ui.DebugUITools.openLaunchConfigurationDialogOnGroup(DebugUITools.java:637)
	at org.eclipse.debug.ui.DebugUITools.openLaunchConfigurationDialogOnGroup(DebugUITools.java:575)
	at org.eclipse.debug.ui.actions.OpenLaunchDialogAction.run(OpenLaunchDialogAction.java:85)
	at org.eclipse.jface.action.Action.runWithEvent(Action.java:474)
	at org.eclipse.jface.action.ActionContributionItem.handleWidgetSelection(ActionContributionItem.java:581)
	at org.eclipse.jface.action.ActionContributionItem.lambda$4(ActionContributionItem.java:415)
	at org.eclipse.swt.widgets.EventTable.sendEvent(EventTable.java:91)
	at org.eclipse.swt.widgets.Display.sendEvent(Display.java:4363)
	at org.eclipse.swt.widgets.Widget.sendEvent(Widget.java:1217)
	at org.eclipse.swt.widgets.Widget.sendEvent(Widget.java:1241)
	at org.eclipse.swt.widgets.Widget.sendEvent(Widget.java:1226)
	at org.eclipse.swt.widgets.Widget.notifyListeners(Widget.java:863)
	at org.eclipse.jface.action.ActionContributionItem.lambda$8(ActionContributionItem.java:1204)
	at org.eclipse.swt.widgets.EventTable.sendEvent(EventTable.java:91)
	at org.eclipse.swt.widgets.Display.sendEvent(Display.java:4363)
	at org.eclipse.swt.widgets.Widget.sendEvent(Widget.java:1217)
	at org.eclipse.swt.widgets.Display.runDeferredEvents(Display.java:4161)
	at org.eclipse.swt.widgets.Display.readAndDispatch(Display.java:3749)
	at org.eclipse.e4.ui.internal.workbench.swt.PartRenderingEngine$5.run(PartRenderingEngine.java:1160)
	at org.eclipse.core.databinding.observable.Realm.runWithDefault(Realm.java:339)
	at org.eclipse.e4.ui.internal.workbench.swt.PartRenderingEngine.run(PartRenderingEngine.java:1051)
	at org.eclipse.e4.ui.internal.workbench.E4Workbench.createAndRunUI(E4Workbench.java:153)
	at org.eclipse.ui.internal.Workbench.lambda$3(Workbench.java:680)
	at org.eclipse.core.databinding.observable.Realm.runWithDefault(Realm.java:339)
	at org.eclipse.ui.internal.Workbench.createAndRunWorkbench(Workbench.java:583)
	at org.eclipse.ui.PlatformUI.createAndRunWorkbench(PlatformUI.java:173)
	at org.eclipse.ui.internal.ide.application.IDEApplication.start(IDEApplication.java:193)
	at org.eclipse.equinox.internal.app.EclipseAppHandle.run(EclipseAppHandle.java:219)
	at org.eclipse.core.runtime.internal.adaptor.EclipseAppLauncher.runApplication(EclipseAppLauncher.java:149)
	at org.eclipse.core.runtime.internal.adaptor.EclipseAppLauncher.start(EclipseAppLauncher.java:115)
	at org.eclipse.core.runtime.adaptor.EclipseStarter.run(EclipseStarter.java:467)
	at org.eclipse.core.runtime.adaptor.EclipseStarter.run(EclipseStarter.java:298)
	at java.base/jdk.internal.reflect.DirectMethodHandleAccessor.invoke(DirectMethodHandleAccessor.java:104)
	at java.base/java.lang.reflect.Method.invoke(Method.java:565)
	at org.eclipse.equinox.launcher.Main.invokeFramework(Main.java:615)
	at org.eclipse.equinox.launcher.Main.basicRun(Main.java:563)
	at org.eclipse.equinox.launcher.Main.run(Main.java:1415)
	at org.eclipse.equinox.launcher.Main.main(Main.java:1387)
2026-10-06 10:35:25,701 [main] ERROR o.e.m.j.i.l.MavenLaunchConfigurationListener - Launch configuration New_configuration (1) references non-existing project ForLoop.
org.eclipse.core.runtime.CoreException: Launch configuration New_configuration (1) references non-existing project ForLoop.
	at org.eclipse.jdt.launching.JavaRuntime.abort(JavaRuntime.java:1915)
	at org.eclipse.jdt.launching.JavaRuntime.getJavaProject(JavaRuntime.java:1792)
	at org.eclipse.m2e.jdt.internal.launch.MavenLaunchConfigurationListener.updateLaunchConfiguration(MavenLaunchConfigurationListener.java:66)
	at org.eclipse.m2e.jdt.internal.launch.MavenLaunchConfigurationListener.launchConfigurationChanged(MavenLaunchConfigurationListener.java:52)
	at org.eclipse.debug.internal.core.LaunchManager$ConfigurationNotifier.run(LaunchManager.java:220)
	at org.eclipse.core.runtime.SafeRunner.run(SafeRunner.java:47)
	at org.eclipse.debug.internal.core.LaunchManager$ConfigurationNotifier.notify(LaunchManager.java:204)
	at org.eclipse.debug.internal.core.LaunchConfigurationWorkingCopy.setDirty(LaunchConfigurationWorkingCopy.java:527)
	at org.eclipse.debug.internal.core.LaunchConfigurationWorkingCopy.setAttribute(LaunchConfigurationWorkingCopy.java:415)
	at org.eclipse.jdt.debug.ui.launchConfigurations.JavaMainTab.performApply(JavaMainTab.java:243)
	at org.eclipse.debug.internal.ui.launchConfigurations.LaunchConfigurationTabGroupViewer.refresh(LaunchConfigurationTabGroupViewer.java:531)
	at org.eclipse.debug.internal.ui.launchConfigurations.LaunchConfigurationsDialog.updateButtons(LaunchConfigurationsDialog.java:1667)
	at org.eclipse.debug.ui.AbstractLaunchConfigurationTab.updateLaunchConfigurationDialog(AbstractLaunchConfigurationTab.java:155)
	at org.eclipse.jdt.internal.debug.ui.launcher.SharedJavaMainTab.access$0(SharedJavaMainTab.java:1)
	at org.eclipse.jdt.internal.debug.ui.launcher.SharedJavaMainTab$1.modifyText(SharedJavaMainTab.java:74)
	at org.eclipse.swt.widgets.TypedListener.handleEvent(TypedListener.java:221)
	at org.eclipse.swt.widgets.EventTable.sendEvent(EventTable.java:91)
	at org.eclipse.swt.widgets.Display.sendEvent(Display.java:4363)
	at org.eclipse.swt.widgets.Widget.sendEvent(Widget.java:1217)
	at org.eclipse.swt.widgets.Widget.sendEvent(Widget.java:1241)
	at org.eclipse.swt.widgets.Widget.sendEvent(Widget.java:1222)
	at org.eclipse.swt.widgets.Text.wmCommandChild(Text.java:3075)
	at org.eclipse.swt.widgets.Control.WM_COMMAND(Control.java:5116)
	at org.eclipse.swt.widgets.Control.windowProc(Control.java:4967)
	at org.eclipse.swt.widgets.Display.windowProc(Display.java:5131)
	at org.eclipse.swt.internal.win32.OS.CallWindowProc(Native Method)
	at org.eclipse.swt.widgets.Text.callWindowProc(Text.java:295)
	at org.eclipse.swt.widgets.Control.windowProc(Control.java:5066)
	at org.eclipse.swt.widgets.Text.windowProc(Text.java:2657)
	at org.eclipse.swt.widgets.Display.windowProc(Display.java:5131)
	at org.eclipse.swt.internal.win32.OS.SetWindowText(Native Method)
	at org.eclipse.swt.internal.win32.OS.SetWindowText(OS.java:2268)
	at org.eclipse.swt.widgets.Text.setText(Text.java:2319)
	at org.eclipse.jdt.internal.debug.ui.launcher.SharedJavaMainTab.updateMainTypeFromConfig(SharedJavaMainTab.java:184)
	at org.eclipse.jdt.debug.ui.launchConfigurations.JavaMainTab.initializeFrom(JavaMainTab.java:190)
	at org.eclipse.debug.ui.AbstractLaunchConfigurationTab.activated(AbstractLaunchConfigurationTab.java:453)
	at org.eclipse.debug.internal.ui.launchConfigurations.LaunchConfigurationTabGroupViewer.propagateTabActivation(LaunchConfigurationTabGroupViewer.java:1486)
	at org.eclipse.debug.internal.ui.launchConfigurations.LaunchConfigurationTabGroupViewer.handleTabSelected(LaunchConfigurationTabGroupViewer.java:1465)
	at org.eclipse.debug.internal.ui.launchConfigurations.LaunchConfigurationTabGroupViewer.setActiveTab(LaunchConfigurationTabGroupViewer.java:1684)
	at org.eclipse.debug.internal.ui.launchConfigurations.LaunchConfigurationTabGroupViewer.setActiveTab(LaunchConfigurationTabGroupViewer.java:1665)
	at org.eclipse.debug.internal.ui.launchConfigurations.LaunchConfigurationTabGroupViewer.setActiveTab(LaunchConfigurationTabGroupViewer.java:1646)
	at org.eclipse.debug.internal.ui.launchConfigurations.LaunchConfigurationTabGroupViewer.displayInstanceTabs(LaunchConfigurationTabGroupViewer.java:879)
	at org.eclipse.debug.internal.ui.launchConfigurations.LaunchConfigurationTabGroupViewer.lambda$4(LaunchConfigurationTabGroupViewer.java:733)
	at org.eclipse.swt.custom.BusyIndicator.showWhile(BusyIndicator.java:69)
	at org.eclipse.debug.internal.ui.launchConfigurations.LaunchConfigurationTabGroupViewer.inputChanged(LaunchConfigurationTabGroupViewer.java:719)
	at org.eclipse.debug.internal.ui.launchConfigurations.LaunchConfigurationTabGroupViewer.setInput0(LaunchConfigurationTabGroupViewer.java:687)
	at org.eclipse.debug.internal.ui.launchConfigurations.LaunchConfigurationTabGroupViewer.setInput(LaunchConfigurationTabGroupViewer.java:667)
	at org.eclipse.debug.internal.ui.launchConfigurations.LaunchConfigurationsDialog.handleLaunchConfigurationSelectionChanged(LaunchConfigurationsDialog.java:1067)
	at org.eclipse.debug.internal.ui.launchConfigurations.LaunchConfigurationsDialog.lambda$1(LaunchConfigurationsDialog.java:612)
	at org.eclipse.jface.viewers.StructuredViewer$3.run(StructuredViewer.java:822)
	at org.eclipse.core.runtime.SafeRunner.run(SafeRunner.java:47)
	at org.eclipse.jface.util.SafeRunnable.run(SafeRunnable.java:169)
	at org.eclipse.jface.viewers.StructuredViewer.firePostSelectionChanged(StructuredViewer.java:819)
	at org.eclipse.jface.viewers.ColumnViewer.firePostSelectionChanged(ColumnViewer.java:1054)
	at org.eclipse.jface.viewers.StructuredViewer.handlePostSelect(StructuredViewer.java:1189)
	at org.eclipse.swt.events.SelectionListener$1.widgetSelected(SelectionListener.java:83)
	at org.eclipse.jface.util.OpenStrategy.firePostSelectionEvent(OpenStrategy.java:283)
	at org.eclipse.jface.util.OpenStrategy$1.lambda$1(OpenStrategy.java:437)
	at org.eclipse.swt.widgets.RunnableLock.run(RunnableLock.java:40)
	at org.eclipse.swt.widgets.Synchronizer.runAsyncMessages(Synchronizer.java:131)
	at org.eclipse.swt.widgets.Display.runAsyncMessages(Display.java:4136)
	at org.eclipse.swt.widgets.Display.readAndDispatch(Display.java:3752)
	at org.eclipse.jface.window.Window.runEventLoop(Window.java:819)
	at org.eclipse.jface.window.Window.open(Window.java:799)
	at org.eclipse.debug.internal.ui.launchConfigurations.LaunchConfigurationsDialog.open(LaunchConfigurationsDialog.java:1253)
	at org.eclipse.debug.ui.DebugUITools.lambda$1(DebugUITools.java:631)
	at org.eclipse.swt.custom.BusyIndicator.showWhile(BusyIndicator.java:69)
	at org.eclipse.debug.ui.DebugUITools.openLaunchConfigurationDialogOnGroup(DebugUITools.java:637)
	at org.eclipse.debug.ui.DebugUITools.openLaunchConfigurationDialogOnGroup(DebugUITools.java:575)
	at org.eclipse.debug.ui.actions.OpenLaunchDialogAction.run(OpenLaunchDialogAction.java:85)
	at org.eclipse.jface.action.Action.runWithEvent(Action.java:474)
	at org.eclipse.jface.action.ActionContributionItem.handleWidgetSelection(ActionContributionItem.java:581)
	at org.eclipse.jface.action.ActionContributionItem.lambda$4(ActionContributionItem.java:415)
	at org.eclipse.swt.widgets.EventTable.sendEvent(EventTable.java:91)
	at org.eclipse.swt.widgets.Display.sendEvent(Display.java:4363)
	at org.eclipse.swt.widgets.Widget.sendEvent(Widget.java:1217)
	at org.eclipse.swt.widgets.Widget.sendEvent(Widget.java:1241)
	at org.eclipse.swt.widgets.Widget.sendEvent(Widget.java:1226)
	at org.eclipse.swt.widgets.Widget.notifyListeners(Widget.java:863)
	at org.eclipse.jface.action.ActionContributionItem.lambda$8(ActionContributionItem.java:1204)
	at org.eclipse.swt.widgets.EventTable.sendEvent(EventTable.java:91)
	at org.eclipse.swt.widgets.Display.sendEvent(Display.java:4363)
	at org.eclipse.swt.widgets.Widget.sendEvent(Widget.java:1217)
	at org.eclipse.swt.widgets.Display.runDeferredEvents(Display.java:4161)
	at org.eclipse.swt.widgets.Display.readAndDispatch(Display.java:3749)
	at org.eclipse.e4.ui.internal.workbench.swt.PartRenderingEngine$5.run(PartRenderingEngine.java:1160)
	at org.eclipse.core.databinding.observable.Realm.runWithDefault(Realm.java:339)
	at org.eclipse.e4.ui.internal.workbench.swt.PartRenderingEngine.run(PartRenderingEngine.java:1051)
	at org.eclipse.e4.ui.internal.workbench.E4Workbench.createAndRunUI(E4Workbench.java:153)
	at org.eclipse.ui.internal.Workbench.lambda$3(Workbench.java:680)
	at org.eclipse.core.databinding.observable.Realm.runWithDefault(Realm.java:339)
	at org.eclipse.ui.internal.Workbench.createAndRunWorkbench(Workbench.java:583)
	at org.eclipse.ui.PlatformUI.createAndRunWorkbench(PlatformUI.java:173)
	at org.eclipse.ui.internal.ide.application.IDEApplication.start(IDEApplication.java:193)
	at org.eclipse.equinox.internal.app.EclipseAppHandle.run(EclipseAppHandle.java:219)
	at org.eclipse.core.runtime.internal.adaptor.EclipseAppLauncher.runApplication(EclipseAppLauncher.java:149)
	at org.eclipse.core.runtime.internal.adaptor.EclipseAppLauncher.start(EclipseAppLauncher.java:115)
	at org.eclipse.core.runtime.adaptor.EclipseStarter.run(EclipseStarter.java:467)
	at org.eclipse.core.runtime.adaptor.EclipseStarter.run(EclipseStarter.java:298)
	at java.base/jdk.internal.reflect.DirectMethodHandleAccessor.invoke(DirectMethodHandleAccessor.java:104)
	at java.base/java.lang.reflect.Method.invoke(Method.java:565)
	at org.eclipse.equinox.launcher.Main.invokeFramework(Main.java:615)
	at org.eclipse.equinox.launcher.Main.basicRun(Main.java:563)
	at org.eclipse.equinox.launcher.Main.run(Main.java:1415)
	at org.eclipse.equinox.launcher.Main.main(Main.java:1387)
2026-10-06 10:35:25,702 [main] ERROR o.e.m.j.i.l.MavenLaunchConfigurationListener - Launch configuration New_configuration (1) references non-existing project ForLoop.
org.eclipse.core.runtime.CoreException: Launch configuration New_configuration (1) references non-existing project ForLoop.
	at org.eclipse.jdt.launching.JavaRuntime.abort(JavaRuntime.java:1915)
	at org.eclipse.jdt.launching.JavaRuntime.getJavaProject(JavaRuntime.java:1792)
	at org.eclipse.m2e.jdt.internal.launch.MavenLaunchConfigurationListener.updateLaunchConfiguration(MavenLaunchConfigurationListener.java:66)
	at org.eclipse.m2e.jdt.internal.launch.MavenLaunchConfigurationListener.launchConfigurationChanged(MavenLaunchConfigurationListener.java:52)
	at org.eclipse.debug.internal.core.LaunchManager$ConfigurationNotifier.run(LaunchManager.java:220)
	at org.eclipse.core.runtime.SafeRunner.run(SafeRunner.java:47)
	at org.eclipse.debug.internal.core.LaunchManager$ConfigurationNotifier.notify(LaunchManager.java:204)
	at org.eclipse.debug.internal.core.LaunchConfigurationWorkingCopy.setDirty(LaunchConfigurationWorkingCopy.java:527)
	at org.eclipse.debug.internal.core.LaunchConfigurationWorkingCopy.setAttribute(LaunchConfigurationWorkingCopy.java:415)
	at org.eclipse.jdt.debug.ui.launchConfigurations.JavaMainTab.performApply(JavaMainTab.java:251)
	at org.eclipse.debug.internal.ui.launchConfigurations.LaunchConfigurationTabGroupViewer.refresh(LaunchConfigurationTabGroupViewer.java:531)
	at org.eclipse.debug.internal.ui.launchConfigurations.LaunchConfigurationsDialog.updateButtons(LaunchConfigurationsDialog.java:1667)
	at org.eclipse.debug.ui.AbstractLaunchConfigurationTab.updateLaunchConfigurationDialog(AbstractLaunchConfigurationTab.java:155)
	at org.eclipse.jdt.internal.debug.ui.launcher.SharedJavaMainTab.access$0(SharedJavaMainTab.java:1)
	at org.eclipse.jdt.internal.debug.ui.launcher.SharedJavaMainTab$1.modifyText(SharedJavaMainTab.java:74)
	at org.eclipse.swt.widgets.TypedListener.handleEvent(TypedListener.java:221)
	at org.eclipse.swt.widgets.EventTable.sendEvent(EventTable.java:91)
	at org.eclipse.swt.widgets.Display.sendEvent(Display.java:4363)
	at org.eclipse.swt.widgets.Widget.sendEvent(Widget.java:1217)
	at org.eclipse.swt.widgets.Widget.sendEvent(Widget.java:1241)
	at org.eclipse.swt.widgets.Widget.sendEvent(Widget.java:1222)
	at org.eclipse.swt.widgets.Text.wmCommandChild(Text.java:3075)
	at org.eclipse.swt.widgets.Control.WM_COMMAND(Control.java:5116)
	at org.eclipse.swt.widgets.Control.windowProc(Control.java:4967)
	at org.eclipse.swt.widgets.Display.windowProc(Display.java:5131)
	at org.eclipse.swt.internal.win32.OS.CallWindowProc(Native Method)
	at org.eclipse.swt.widgets.Text.callWindowProc(Text.java:295)
	at org.eclipse.swt.widgets.Control.windowProc(Control.java:5066)
	at org.eclipse.swt.widgets.Text.windowProc(Text.java:2657)
	at org.eclipse.swt.widgets.Display.windowProc(Display.java:5131)
	at org.eclipse.swt.internal.win32.OS.SetWindowText(Native Method)
	at org.eclipse.swt.internal.win32.OS.SetWindowText(OS.java:2268)
	at org.eclipse.swt.widgets.Text.setText(Text.java:2319)
	at org.eclipse.jdt.internal.debug.ui.launcher.SharedJavaMainTab.updateMainTypeFromConfig(SharedJavaMainTab.java:184)
	at org.eclipse.jdt.debug.ui.launchConfigurations.JavaMainTab.initializeFrom(JavaMainTab.java:190)
	at org.eclipse.debug.ui.AbstractLaunchConfigurationTab.activated(AbstractLaunchConfigurationTab.java:453)
	at org.eclipse.debug.internal.ui.launchConfigurations.LaunchConfigurationTabGroupViewer.propagateTabActivation(LaunchConfigurationTabGroupViewer.java:1486)
	at org.eclipse.debug.internal.ui.launchConfigurations.LaunchConfigurationTabGroupViewer.handleTabSelected(LaunchConfigurationTabGroupViewer.java:1465)
	at org.eclipse.debug.internal.ui.launchConfigurations.LaunchConfigurationTabGroupViewer.setActiveTab(LaunchConfigurationTabGroupViewer.java:1684)
	at org.eclipse.debug.internal.ui.launchConfigurations.LaunchConfigurationTabGroupViewer.setActiveTab(LaunchConfigurationTabGroupViewer.java:1665)
	at org.eclipse.debug.internal.ui.launchConfigurations.LaunchConfigurationTabGroupViewer.setActiveTab(LaunchConfigurationTabGroupViewer.java:1646)
	at org.eclipse.debug.internal.ui.launchConfigurations.LaunchConfigurationTabGroupViewer.displayInstanceTabs(LaunchConfigurationTabGroupViewer.java:879)
	at org.eclipse.debug.internal.ui.launchConfigurations.LaunchConfigurationTabGroupViewer.lambda$4(LaunchConfigurationTabGroupViewer.java:733)
	at org.eclipse.swt.custom.BusyIndicator.showWhile(BusyIndicator.java:69)
	at org.eclipse.debug.internal.ui.launchConfigurations.LaunchConfigurationTabGroupViewer.inputChanged(LaunchConfigurationTabGroupViewer.java:719)
	at org.eclipse.debug.internal.ui.launchConfigurations.LaunchConfigurationTabGroupViewer.setInput0(LaunchConfigurationTabGroupViewer.java:687)
	at org.eclipse.debug.internal.ui.launchConfigurations.LaunchConfigurationTabGroupViewer.setInput(LaunchConfigurationTabGroupViewer.java:667)
	at org.eclipse.debug.internal.ui.launchConfigurations.LaunchConfigurationsDialog.handleLaunchConfigurationSelectionChanged(LaunchConfigurationsDialog.java:1067)
	at org.eclipse.debug.internal.ui.launchConfigurations.LaunchConfigurationsDialog.lambda$1(LaunchConfigurationsDialog.java:612)
	at org.eclipse.jface.viewers.StructuredViewer$3.run(StructuredViewer.java:822)
	at org.eclipse.core.runtime.SafeRunner.run(SafeRunner.java:47)
	at org.eclipse.jface.util.SafeRunnable.run(SafeRunnable.java:169)
	at org.eclipse.jface.viewers.StructuredViewer.firePostSelectionChanged(StructuredViewer.java:819)
	at org.eclipse.jface.viewers.ColumnViewer.firePostSelectionChanged(ColumnViewer.java:1054)
	at org.eclipse.jface.viewers.StructuredViewer.handlePostSelect(StructuredViewer.java:1189)
	at org.eclipse.swt.events.SelectionListener$1.widgetSelected(SelectionListener.java:83)
	at org.eclipse.jface.util.OpenStrategy.firePostSelectionEvent(OpenStrategy.java:283)
	at org.eclipse.jface.util.OpenStrategy$1.lambda$1(OpenStrategy.java:437)
	at org.eclipse.swt.widgets.RunnableLock.run(RunnableLock.java:40)
	at org.eclipse.swt.widgets.Synchronizer.runAsyncMessages(Synchronizer.java:131)
	at org.eclipse.swt.widgets.Display.runAsyncMessages(Display.java:4136)
	at org.eclipse.swt.widgets.Display.readAndDispatch(Display.java:3752)
	at org.eclipse.jface.window.Window.runEventLoop(Window.java:819)
	at org.eclipse.jface.window.Window.open(Window.java:799)
	at org.eclipse.debug.internal.ui.launchConfigurations.LaunchConfigurationsDialog.open(LaunchConfigurationsDialog.java:1253)
	at org.eclipse.debug.ui.DebugUITools.lambda$1(DebugUITools.java:631)
	at org.eclipse.swt.custom.BusyIndicator.showWhile(BusyIndicator.java:69)
	at org.eclipse.debug.ui.DebugUITools.openLaunchConfigurationDialogOnGroup(DebugUITools.java:637)
	at org.eclipse.debug.ui.DebugUITools.openLaunchConfigurationDialogOnGroup(DebugUITools.java:575)
	at org.eclipse.debug.ui.actions.OpenLaunchDialogAction.run(OpenLaunchDialogAction.java:85)
	at org.eclipse.jface.action.Action.runWithEvent(Action.java:474)
	at org.eclipse.jface.action.ActionContributionItem.handleWidgetSelection(ActionContributionItem.java:581)
	at org.eclipse.jface.action.ActionContributionItem.lambda$4(ActionContributionItem.java:415)
	at org.eclipse.swt.widgets.EventTable.sendEvent(EventTable.java:91)
	at org.eclipse.swt.widgets.Display.sendEvent(Display.java:4363)
	at org.eclipse.swt.widgets.Widget.sendEvent(Widget.java:1217)
	at org.eclipse.swt.widgets.Widget.sendEvent(Widget.java:1241)
	at org.eclipse.swt.widgets.Widget.sendEvent(Widget.java:1226)
	at org.eclipse.swt.widgets.Widget.notifyListeners(Widget.java:863)
	at org.eclipse.jface.action.ActionContributionItem.lambda$8(ActionContributionItem.java:1204)
	at org.eclipse.swt.widgets.EventTable.sendEvent(EventTable.java:91)
	at org.eclipse.swt.widgets.Display.sendEvent(Display.java:4363)
	at org.eclipse.swt.widgets.Widget.sendEvent(Widget.java:1217)
	at org.eclipse.swt.widgets.Display.runDeferredEvents(Display.java:4161)
	at org.eclipse.swt.widgets.Display.readAndDispatch(Display.java:3749)
	at org.eclipse.e4.ui.internal.workbench.swt.PartRenderingEngine$5.run(PartRenderingEngine.java:1160)
	at org.eclipse.core.databinding.observable.Realm.runWithDefault(Realm.java:339)
	at org.eclipse.e4.ui.internal.workbench.swt.PartRenderingEngine.run(PartRenderingEngine.java:1051)
	at org.eclipse.e4.ui.internal.workbench.E4Workbench.createAndRunUI(E4Workbench.java:153)
	at org.eclipse.ui.internal.Workbench.lambda$3(Workbench.java:680)
	at org.eclipse.core.databinding.observable.Realm.runWithDefault(Realm.java:339)
	at org.eclipse.ui.internal.Workbench.createAndRunWorkbench(Workbench.java:583)
	at org.eclipse.ui.PlatformUI.createAndRunWorkbench(PlatformUI.java:173)
	at org.eclipse.ui.internal.ide.application.IDEApplication.start(IDEApplication.java:193)
	at org.eclipse.equinox.internal.app.EclipseAppHandle.run(EclipseAppHandle.java:219)
	at org.eclipse.core.runtime.internal.adaptor.EclipseAppLauncher.runApplication(EclipseAppLauncher.java:149)
	at org.eclipse.core.runtime.internal.adaptor.EclipseAppLauncher.start(EclipseAppLauncher.java:115)
	at org.eclipse.core.runtime.adaptor.EclipseStarter.run(EclipseStarter.java:467)
	at org.eclipse.core.runtime.adaptor.EclipseStarter.run(EclipseStarter.java:298)
	at java.base/jdk.internal.reflect.DirectMethodHandleAccessor.invoke(DirectMethodHandleAccessor.java:104)
	at java.base/java.lang.reflect.Method.invoke(Method.java:565)
	at org.eclipse.equinox.launcher.Main.invokeFramework(Main.java:615)
	at org.eclipse.equinox.launcher.Main.basicRun(Main.java:563)
	at org.eclipse.equinox.launcher.Main.run(Main.java:1415)
	at org.eclipse.equinox.launcher.Main.main(Main.java:1387)
2026-10-06 10:35:25,704 [main] ERROR o.e.m.j.i.l.MavenLaunchConfigurationListener - Launch configuration New_configuration (1) references non-existing project ForLoop.
org.eclipse.core.runtime.CoreException: Launch configuration New_configuration (1) references non-existing project ForLoop.
	at org.eclipse.jdt.launching.JavaRuntime.abort(JavaRuntime.java:1915)
	at org.eclipse.jdt.launching.JavaRuntime.getJavaProject(JavaRuntime.java:1792)
	at org.eclipse.m2e.jdt.internal.launch.MavenLaunchConfigurationListener.updateLaunchConfiguration(MavenLaunchConfigurationListener.java:66)
	at org.eclipse.m2e.jdt.internal.launch.MavenLaunchConfigurationListener.launchConfigurationChanged(MavenLaunchConfigurationListener.java:52)
	at org.eclipse.debug.internal.core.LaunchManager$ConfigurationNotifier.run(LaunchManager.java:220)
	at org.eclipse.core.runtime.SafeRunner.run(SafeRunner.java:47)
	at org.eclipse.debug.internal.core.LaunchManager$ConfigurationNotifier.notify(LaunchManager.java:204)
	at org.eclipse.debug.internal.core.LaunchConfigurationWorkingCopy.setDirty(LaunchConfigurationWorkingCopy.java:527)
	at org.eclipse.debug.internal.core.LaunchConfigurationWorkingCopy.setAttribute(LaunchConfigurationWorkingCopy.java:415)
	at org.eclipse.jdt.debug.ui.launchConfigurations.JavaMainTab.performApply(JavaMainTab.java:259)
	at org.eclipse.debug.internal.ui.launchConfigurations.LaunchConfigurationTabGroupViewer.refresh(LaunchConfigurationTabGroupViewer.java:531)
	at org.eclipse.debug.internal.ui.launchConfigurations.LaunchConfigurationsDialog.updateButtons(LaunchConfigurationsDialog.java:1667)
	at org.eclipse.debug.ui.AbstractLaunchConfigurationTab.updateLaunchConfigurationDialog(AbstractLaunchConfigurationTab.java:155)
	at org.eclipse.jdt.internal.debug.ui.launcher.SharedJavaMainTab.access$0(SharedJavaMainTab.java:1)
	at org.eclipse.jdt.internal.debug.ui.launcher.SharedJavaMainTab$1.modifyText(SharedJavaMainTab.java:74)
	at org.eclipse.swt.widgets.TypedListener.handleEvent(TypedListener.java:221)
	at org.eclipse.swt.widgets.EventTable.sendEvent(EventTable.java:91)
	at org.eclipse.swt.widgets.Display.sendEvent(Display.java:4363)
	at org.eclipse.swt.widgets.Widget.sendEvent(Widget.java:1217)
	at org.eclipse.swt.widgets.Widget.sendEvent(Widget.java:1241)
	at org.eclipse.swt.widgets.Widget.sendEvent(Widget.java:1222)
	at org.eclipse.swt.widgets.Text.wmCommandChild(Text.java:3075)
	at org.eclipse.swt.widgets.Control.WM_COMMAND(Control.java:5116)
	at org.eclipse.swt.widgets.Control.windowProc(Control.java:4967)
	at org.eclipse.swt.widgets.Display.windowProc(Display.java:5131)
	at org.eclipse.swt.internal.win32.OS.CallWindowProc(Native Method)
	at org.eclipse.swt.widgets.Text.callWindowProc(Text.java:295)
	at org.eclipse.swt.widgets.Control.windowProc(Control.java:5066)
	at org.eclipse.swt.widgets.Text.windowProc(Text.java:2657)
	at org.eclipse.swt.widgets.Display.windowProc(Display.java:5131)
	at org.eclipse.swt.internal.win32.OS.SetWindowText(Native Method)
	at org.eclipse.swt.internal.win32.OS.SetWindowText(OS.java:2268)
	at org.eclipse.swt.widgets.Text.setText(Text.java:2319)
	at org.eclipse.jdt.internal.debug.ui.launcher.SharedJavaMainTab.updateMainTypeFromConfig(SharedJavaMainTab.java:184)
	at org.eclipse.jdt.debug.ui.launchConfigurations.JavaMainTab.initializeFrom(JavaMainTab.java:190)
	at org.eclipse.debug.ui.AbstractLaunchConfigurationTab.activated(AbstractLaunchConfigurationTab.java:453)
	at org.eclipse.debug.internal.ui.launchConfigurations.LaunchConfigurationTabGroupViewer.propagateTabActivation(LaunchConfigurationTabGroupViewer.java:1486)
	at org.eclipse.debug.internal.ui.launchConfigurations.LaunchConfigurationTabGroupViewer.handleTabSelected(LaunchConfigurationTabGroupViewer.java:1465)
	at org.eclipse.debug.internal.ui.launchConfigurations.LaunchConfigurationTabGroupViewer.setActiveTab(LaunchConfigurationTabGroupViewer.java:1684)
	at org.eclipse.debug.internal.ui.launchConfigurations.LaunchConfigurationTabGroupViewer.setActiveTab(LaunchConfigurationTabGroupViewer.java:1665)
	at org.eclipse.debug.internal.ui.launchConfigurations.LaunchConfigurationTabGroupViewer.setActiveTab(LaunchConfigurationTabGroupViewer.java:1646)
	at org.eclipse.debug.internal.ui.launchConfigurations.LaunchConfigurationTabGroupViewer.displayInstanceTabs(LaunchConfigurationTabGroupViewer.java:879)
	at org.eclipse.debug.internal.ui.launchConfigurations.LaunchConfigurationTabGroupViewer.lambda$4(LaunchConfigurationTabGroupViewer.java:733)
	at org.eclipse.swt.custom.BusyIndicator.showWhile(BusyIndicator.java:69)
	at org.eclipse.debug.internal.ui.launchConfigurations.LaunchConfigurationTabGroupViewer.inputChanged(LaunchConfigurationTabGroupViewer.java:719)
	at org.eclipse.debug.internal.ui.launchConfigurations.LaunchConfigurationTabGroupViewer.setInput0(LaunchConfigurationTabGroupViewer.java:687)
	at org.eclipse.debug.internal.ui.launchConfigurations.LaunchConfigurationTabGroupViewer.setInput(LaunchConfigurationTabGroupViewer.java:667)
	at org.eclipse.debug.internal.ui.launchConfigurations.LaunchConfigurationsDialog.handleLaunchConfigurationSelectionChanged(LaunchConfigurationsDialog.java:1067)
	at org.eclipse.debug.internal.ui.launchConfigurations.LaunchConfigurationsDialog.lambda$1(LaunchConfigurationsDialog.java:612)
	at org.eclipse.jface.viewers.StructuredViewer$3.run(StructuredViewer.java:822)
	at org.eclipse.core.runtime.SafeRunner.run(SafeRunner.java:47)
	at org.eclipse.jface.util.SafeRunnable.run(SafeRunnable.java:169)
	at org.eclipse.jface.viewers.StructuredViewer.firePostSelectionChanged(StructuredViewer.java:819)
	at org.eclipse.jface.viewers.ColumnViewer.firePostSelectionChanged(ColumnViewer.java:1054)
	at org.eclipse.jface.viewers.StructuredViewer.handlePostSelect(StructuredViewer.java:1189)
	at org.eclipse.swt.events.SelectionListener$1.widgetSelected(SelectionListener.java:83)
	at org.eclipse.jface.util.OpenStrategy.firePostSelectionEvent(OpenStrategy.java:283)
	at org.eclipse.jface.util.OpenStrategy$1.lambda$1(OpenStrategy.java:437)
	at org.eclipse.swt.widgets.RunnableLock.run(RunnableLock.java:40)
	at org.eclipse.swt.widgets.Synchronizer.runAsyncMessages(Synchronizer.java:131)
	at org.eclipse.swt.widgets.Display.runAsyncMessages(Display.java:4136)
	at org.eclipse.swt.widgets.Display.readAndDispatch(Display.java:3752)
	at org.eclipse.jface.window.Window.runEventLoop(Window.java:819)
	at org.eclipse.jface.window.Window.open(Window.java:799)
	at org.eclipse.debug.internal.ui.launchConfigurations.LaunchConfigurationsDialog.open(LaunchConfigurationsDialog.java:1253)
	at org.eclipse.debug.ui.DebugUITools.lambda$1(DebugUITools.java:631)
	at org.eclipse.swt.custom.BusyIndicator.showWhile(BusyIndicator.java:69)
	at org.eclipse.debug.ui.DebugUITools.openLaunchConfigurationDialogOnGroup(DebugUITools.java:637)
	at org.eclipse.debug.ui.DebugUITools.openLaunchConfigurationDialogOnGroup(DebugUITools.java:575)
	at org.eclipse.debug.ui.actions.OpenLaunchDialogAction.run(OpenLaunchDialogAction.java:85)
	at org.eclipse.jface.action.Action.runWithEvent(Action.java:474)
	at org.eclipse.jface.action.ActionContributionItem.handleWidgetSelection(ActionContributionItem.java:581)
	at org.eclipse.jface.action.ActionContributionItem.lambda$4(ActionContributionItem.java:415)
	at org.eclipse.swt.widgets.EventTable.sendEvent(EventTable.java:91)
	at org.eclipse.swt.widgets.Display.sendEvent(Display.java:4363)
	at org.eclipse.swt.widgets.Widget.sendEvent(Widget.java:1217)
	at org.eclipse.swt.widgets.Widget.sendEvent(Widget.java:1241)
	at org.eclipse.swt.widgets.Widget.sendEvent(Widget.java:1226)
	at org.eclipse.swt.widgets.Widget.notifyListeners(Widget.java:863)
	at org.eclipse.jface.action.ActionContributionItem.lambda$8(ActionContributionItem.java:1204)
	at org.eclipse.swt.widgets.EventTable.sendEvent(EventTable.java:91)
	at org.eclipse.swt.widgets.Display.sendEvent(Display.java:4363)
	at org.eclipse.swt.widgets.Widget.sendEvent(Widget.java:1217)
	at org.eclipse.swt.widgets.Display.runDeferredEvents(Display.java:4161)
	at org.eclipse.swt.widgets.Display.readAndDispatch(Display.java:3749)
	at org.eclipse.e4.ui.internal.workbench.swt.PartRenderingEngine$5.run(PartRenderingEngine.java:1160)
	at org.eclipse.core.databinding.observable.Realm.runWithDefault(Realm.java:339)
	at org.eclipse.e4.ui.internal.workbench.swt.PartRenderingEngine.run(PartRenderingEngine.java:1051)
	at org.eclipse.e4.ui.internal.workbench.E4Workbench.createAndRunUI(E4Workbench.java:153)
	at org.eclipse.ui.internal.Workbench.lambda$3(Workbench.java:680)
	at org.eclipse.core.databinding.observable.Realm.runWithDefault(Realm.java:339)
	at org.eclipse.ui.internal.Workbench.createAndRunWorkbench(Workbench.java:583)
	at org.eclipse.ui.PlatformUI.createAndRunWorkbench(PlatformUI.java:173)
	at org.eclipse.ui.internal.ide.application.IDEApplication.start(IDEApplication.java:193)
	at org.eclipse.equinox.internal.app.EclipseAppHandle.run(EclipseAppHandle.java:219)
	at org.eclipse.core.runtime.internal.adaptor.EclipseAppLauncher.runApplication(EclipseAppLauncher.java:149)
	at org.eclipse.core.runtime.internal.adaptor.EclipseAppLauncher.start(EclipseAppLauncher.java:115)
	at org.eclipse.core.runtime.adaptor.EclipseStarter.run(EclipseStarter.java:467)
	at org.eclipse.core.runtime.adaptor.EclipseStarter.run(EclipseStarter.java:298)
	at java.base/jdk.internal.reflect.DirectMethodHandleAccessor.invoke(DirectMethodHandleAccessor.java:104)
	at java.base/java.lang.reflect.Method.invoke(Method.java:565)
	at org.eclipse.equinox.launcher.Main.invokeFramework(Main.java:615)
	at org.eclipse.equinox.launcher.Main.basicRun(Main.java:563)
	at org.eclipse.equinox.launcher.Main.run(Main.java:1415)
	at org.eclipse.equinox.launcher.Main.main(Main.java:1387)
2026-10-06 10:35:25,706 [main] ERROR o.e.m.j.i.l.MavenLaunchConfigurationListener - Launch configuration New_configuration (1) references non-existing project ForLoop.
org.eclipse.core.runtime.CoreException: Launch configuration New_configuration (1) references non-existing project ForLoop.
	at org.eclipse.jdt.launching.JavaRuntime.abort(JavaRuntime.java:1915)
	at org.eclipse.jdt.launching.JavaRuntime.getJavaProject(JavaRuntime.java:1792)
	at org.eclipse.m2e.jdt.internal.launch.MavenLaunchConfigurationListener.updateLaunchConfiguration(MavenLaunchConfigurationListener.java:66)
	at org.eclipse.m2e.jdt.internal.launch.MavenLaunchConfigurationListener.launchConfigurationChanged(MavenLaunchConfigurationListener.java:52)
	at org.eclipse.debug.internal.core.LaunchManager$ConfigurationNotifier.run(LaunchManager.java:220)
	at org.eclipse.core.runtime.SafeRunner.run(SafeRunner.java:47)
	at org.eclipse.debug.internal.core.LaunchManager$ConfigurationNotifier.notify(LaunchManager.java:204)
	at org.eclipse.debug.internal.core.LaunchConfigurationWorkingCopy.setDirty(LaunchConfigurationWorkingCopy.java:527)
	at org.eclipse.debug.internal.core.LaunchConfigurationWorkingCopy.setAttribute(LaunchConfigurationWorkingCopy.java:415)
	at org.eclipse.jdt.debug.ui.launchConfigurations.JavaMainTab.performApply(JavaMainTab.java:233)
	at org.eclipse.debug.internal.ui.launchConfigurations.LaunchConfigurationTabGroupViewer.refresh(LaunchConfigurationTabGroupViewer.java:531)
	at org.eclipse.debug.internal.ui.launchConfigurations.LaunchConfigurationsDialog.updateButtons(LaunchConfigurationsDialog.java:1667)
	at org.eclipse.debug.internal.ui.launchConfigurations.LaunchConfigurationsDialog.refreshStatus(LaunchConfigurationsDialog.java:1346)
	at org.eclipse.debug.internal.ui.launchConfigurations.LaunchConfigurationTabGroupViewer.refreshStatus(LaunchConfigurationTabGroupViewer.java:1116)
	at org.eclipse.debug.internal.ui.launchConfigurations.LaunchConfigurationTabGroupViewer.lambda$4(LaunchConfigurationTabGroupViewer.java:744)
	at org.eclipse.swt.custom.BusyIndicator.showWhile(BusyIndicator.java:69)
	at org.eclipse.debug.internal.ui.launchConfigurations.LaunchConfigurationTabGroupViewer.inputChanged(LaunchConfigurationTabGroupViewer.java:719)
	at org.eclipse.debug.internal.ui.launchConfigurations.LaunchConfigurationTabGroupViewer.setInput0(LaunchConfigurationTabGroupViewer.java:687)
	at org.eclipse.debug.internal.ui.launchConfigurations.LaunchConfigurationTabGroupViewer.setInput(LaunchConfigurationTabGroupViewer.java:667)
	at org.eclipse.debug.internal.ui.launchConfigurations.LaunchConfigurationsDialog.handleLaunchConfigurationSelectionChanged(LaunchConfigurationsDialog.java:1067)
	at org.eclipse.debug.internal.ui.launchConfigurations.LaunchConfigurationsDialog.lambda$1(LaunchConfigurationsDialog.java:612)
	at org.eclipse.jface.viewers.StructuredViewer$3.run(StructuredViewer.java:822)
	at org.eclipse.core.runtime.SafeRunner.run(SafeRunner.java:47)
	at org.eclipse.jface.util.SafeRunnable.run(SafeRunnable.java:169)
	at org.eclipse.jface.viewers.StructuredViewer.firePostSelectionChanged(StructuredViewer.java:819)
	at org.eclipse.jface.viewers.ColumnViewer.firePostSelectionChanged(ColumnViewer.java:1054)
	at org.eclipse.jface.viewers.StructuredViewer.handlePostSelect(StructuredViewer.java:1189)
	at org.eclipse.swt.events.SelectionListener$1.widgetSelected(SelectionListener.java:83)
	at org.eclipse.jface.util.OpenStrategy.firePostSelectionEvent(OpenStrategy.java:283)
	at org.eclipse.jface.util.OpenStrategy$1.lambda$1(OpenStrategy.java:437)
	at org.eclipse.swt.widgets.RunnableLock.run(RunnableLock.java:40)
	at org.eclipse.swt.widgets.Synchronizer.runAsyncMessages(Synchronizer.java:131)
	at org.eclipse.swt.widgets.Display.runAsyncMessages(Display.java:4136)
	at org.eclipse.swt.widgets.Display.readAndDispatch(Display.java:3752)
	at org.eclipse.jface.window.Window.runEventLoop(Window.java:819)
	at org.eclipse.jface.window.Window.open(Window.java:799)
	at org.eclipse.debug.internal.ui.launchConfigurations.LaunchConfigurationsDialog.open(LaunchConfigurationsDialog.java:1253)
	at org.eclipse.debug.ui.DebugUITools.lambda$1(DebugUITools.java:631)
	at org.eclipse.swt.custom.BusyIndicator.showWhile(BusyIndicator.java:69)
	at org.eclipse.debug.ui.DebugUITools.openLaunchConfigurationDialogOnGroup(DebugUITools.java:637)
	at org.eclipse.debug.ui.DebugUITools.openLaunchConfigurationDialogOnGroup(DebugUITools.java:575)
	at org.eclipse.debug.ui.actions.OpenLaunchDialogAction.run(OpenLaunchDialogAction.java:85)
	at org.eclipse.jface.action.Action.runWithEvent(Action.java:474)
	at org.eclipse.jface.action.ActionContributionItem.handleWidgetSelection(ActionContributionItem.java:581)
	at org.eclipse.jface.action.ActionContributionItem.lambda$4(ActionContributionItem.java:415)
	at org.eclipse.swt.widgets.EventTable.sendEvent(EventTable.java:91)
	at org.eclipse.swt.widgets.Display.sendEvent(Display.java:4363)
	at org.eclipse.swt.widgets.Widget.sendEvent(Widget.java:1217)
	at org.eclipse.swt.widgets.Widget.sendEvent(Widget.java:1241)
	at org.eclipse.swt.widgets.Widget.sendEvent(Widget.java:1226)
	at org.eclipse.swt.widgets.Widget.notifyListeners(Widget.java:863)
	at org.eclipse.jface.action.ActionContributionItem.lambda$8(ActionContributionItem.java:1204)
	at org.eclipse.swt.widgets.EventTable.sendEvent(EventTable.java:91)
	at org.eclipse.swt.widgets.Display.sendEvent(Display.java:4363)
	at org.eclipse.swt.widgets.Widget.sendEvent(Widget.java:1217)
	at org.eclipse.swt.widgets.Display.runDeferredEvents(Display.java:4161)
	at org.eclipse.swt.widgets.Display.readAndDispatch(Display.java:3749)
	at org.eclipse.e4.ui.internal.workbench.swt.PartRenderingEngine$5.run(PartRenderingEngine.java:1160)
	at org.eclipse.core.databinding.observable.Realm.runWithDefault(Realm.java:339)
	at org.eclipse.e4.ui.internal.workbench.swt.PartRenderingEngine.run(PartRenderingEngine.java:1051)
	at org.eclipse.e4.ui.internal.workbench.E4Workbench.createAndRunUI(E4Workbench.java:153)
	at org.eclipse.ui.internal.Workbench.lambda$3(Workbench.java:680)
	at org.eclipse.core.databinding.observable.Realm.runWithDefault(Realm.java:339)
	at org.eclipse.ui.internal.Workbench.createAndRunWorkbench(Workbench.java:583)
	at org.eclipse.ui.PlatformUI.createAndRunWorkbench(PlatformUI.java:173)
	at org.eclipse.ui.internal.ide.application.IDEApplication.start(IDEApplication.java:193)
	at org.eclipse.equinox.internal.app.EclipseAppHandle.run(EclipseAppHandle.java:219)
	at org.eclipse.core.runtime.internal.adaptor.EclipseAppLauncher.runApplication(EclipseAppLauncher.java:149)
	at org.eclipse.core.runtime.internal.adaptor.EclipseAppLauncher.start(EclipseAppLauncher.java:115)
	at org.eclipse.core.runtime.adaptor.EclipseStarter.run(EclipseStarter.java:467)
	at org.eclipse.core.runtime.adaptor.EclipseStarter.run(EclipseStarter.java:298)
	at java.base/jdk.internal.reflect.DirectMethodHandleAccessor.invoke(DirectMethodHandleAccessor.java:104)
	at java.base/java.lang.reflect.Method.invoke(Method.java:565)
	at org.eclipse.equinox.launcher.Main.invokeFramework(Main.java:615)
	at org.eclipse.equinox.launcher.Main.basicRun(Main.java:563)
	at org.eclipse.equinox.launcher.Main.run(Main.java:1415)
	at org.eclipse.equinox.launcher.Main.main(Main.java:1387)
2026-10-06 10:35:25,708 [main] ERROR o.e.m.j.i.l.MavenLaunchConfigurationListener - Launch configuration New_configuration (1) references non-existing project ForLoop.
org.eclipse.core.runtime.CoreException: Launch configuration New_configuration (1) references non-existing project ForLoop.
	at org.eclipse.jdt.launching.JavaRuntime.abort(JavaRuntime.java:1915)
	at org.eclipse.jdt.launching.JavaRuntime.getJavaProject(JavaRuntime.java:1792)
	at org.eclipse.m2e.jdt.internal.launch.MavenLaunchConfigurationListener.updateLaunchConfiguration(MavenLaunchConfigurationListener.java:66)
	at org.eclipse.m2e.jdt.internal.launch.MavenLaunchConfigurationListener.launchConfigurationChanged(MavenLaunchConfigurationListener.java:52)
	at org.eclipse.debug.internal.core.LaunchManager$ConfigurationNotifier.run(LaunchManager.java:220)
	at org.eclipse.core.runtime.SafeRunner.run(SafeRunner.java:47)
	at org.eclipse.debug.internal.core.LaunchManager$ConfigurationNotifier.notify(LaunchManager.java:204)
	at org.eclipse.debug.internal.core.LaunchConfigurationWorkingCopy.setDirty(LaunchConfigurationWorkingCopy.java:527)
	at org.eclipse.debug.internal.core.LaunchConfigurationWorkingCopy.setAttribute(LaunchConfigurationWorkingCopy.java:415)
	at org.eclipse.jdt.debug.ui.launchConfigurations.JavaMainTab.performApply(JavaMainTab.java:234)
	at org.eclipse.debug.internal.ui.launchConfigurations.LaunchConfigurationTabGroupViewer.refresh(LaunchConfigurationTabGroupViewer.java:531)
	at org.eclipse.debug.internal.ui.launchConfigurations.LaunchConfigurationsDialog.updateButtons(LaunchConfigurationsDialog.java:1667)
	at org.eclipse.debug.internal.ui.launchConfigurations.LaunchConfigurationsDialog.refreshStatus(LaunchConfigurationsDialog.java:1346)
	at org.eclipse.debug.internal.ui.launchConfigurations.LaunchConfigurationTabGroupViewer.refreshStatus(LaunchConfigurationTabGroupViewer.java:1116)
	at org.eclipse.debug.internal.ui.launchConfigurations.LaunchConfigurationTabGroupViewer.lambda$4(LaunchConfigurationTabGroupViewer.java:744)
	at org.eclipse.swt.custom.BusyIndicator.showWhile(BusyIndicator.java:69)
	at org.eclipse.debug.internal.ui.launchConfigurations.LaunchConfigurationTabGroupViewer.inputChanged(LaunchConfigurationTabGroupViewer.java:719)
	at org.eclipse.debug.internal.ui.launchConfigurations.LaunchConfigurationTabGroupViewer.setInput0(LaunchConfigurationTabGroupViewer.java:687)
	at org.eclipse.debug.internal.ui.launchConfigurations.LaunchConfigurationTabGroupViewer.setInput(LaunchConfigurationTabGroupViewer.java:667)
	at org.eclipse.debug.internal.ui.launchConfigurations.LaunchConfigurationsDialog.handleLaunchConfigurationSelectionChanged(LaunchConfigurationsDialog.java:1067)
	at org.eclipse.debug.internal.ui.launchConfigurations.LaunchConfigurationsDialog.lambda$1(LaunchConfigurationsDialog.java:612)
	at org.eclipse.jface.viewers.StructuredViewer$3.run(StructuredViewer.java:822)
	at org.eclipse.core.runtime.SafeRunner.run(SafeRunner.java:47)
	at org.eclipse.jface.util.SafeRunnable.run(SafeRunnable.java:169)
	at org.eclipse.jface.viewers.StructuredViewer.firePostSelectionChanged(StructuredViewer.java:819)
	at org.eclipse.jface.viewers.ColumnViewer.firePostSelectionChanged(ColumnViewer.java:1054)
	at org.eclipse.jface.viewers.StructuredViewer.handlePostSelect(StructuredViewer.java:1189)
	at org.eclipse.swt.events.SelectionListener$1.widgetSelected(SelectionListener.java:83)
	at org.eclipse.jface.util.OpenStrategy.firePostSelectionEvent(OpenStrategy.java:283)
	at org.eclipse.jface.util.OpenStrategy$1.lambda$1(OpenStrategy.java:437)
	at org.eclipse.swt.widgets.RunnableLock.run(RunnableLock.java:40)
	at org.eclipse.swt.widgets.Synchronizer.runAsyncMessages(Synchronizer.java:131)
	at org.eclipse.swt.widgets.Display.runAsyncMessages(Display.java:4136)
	at org.eclipse.swt.widgets.Display.readAndDispatch(Display.java:3752)
	at org.eclipse.jface.window.Window.runEventLoop(Window.java:819)
	at org.eclipse.jface.window.Window.open(Window.java:799)
	at org.eclipse.debug.internal.ui.launchConfigurations.LaunchConfigurationsDialog.open(LaunchConfigurationsDialog.java:1253)
	at org.eclipse.debug.ui.DebugUITools.lambda$1(DebugUITools.java:631)
	at org.eclipse.swt.custom.BusyIndicator.showWhile(BusyIndicator.java:69)
	at org.eclipse.debug.ui.DebugUITools.openLaunchConfigurationDialogOnGroup(DebugUITools.java:637)
	at org.eclipse.debug.ui.DebugUITools.openLaunchConfigurationDialogOnGroup(DebugUITools.java:575)
	at org.eclipse.debug.ui.actions.OpenLaunchDialogAction.run(OpenLaunchDialogAction.java:85)
	at org.eclipse.jface.action.Action.runWithEvent(Action.java:474)
	at org.eclipse.jface.action.ActionContributionItem.handleWidgetSelection(ActionContributionItem.java:581)
	at org.eclipse.jface.action.ActionContributionItem.lambda$4(ActionContributionItem.java:415)
	at org.eclipse.swt.widgets.EventTable.sendEvent(EventTable.java:91)
	at org.eclipse.swt.widgets.Display.sendEvent(Display.java:4363)
	at org.eclipse.swt.widgets.Widget.sendEvent(Widget.java:1217)
	at org.eclipse.swt.widgets.Widget.sendEvent(Widget.java:1241)
	at org.eclipse.swt.widgets.Widget.sendEvent(Widget.java:1226)
	at org.eclipse.swt.widgets.Widget.notifyListeners(Widget.java:863)
	at org.eclipse.jface.action.ActionContributionItem.lambda$8(ActionContributionItem.java:1204)
	at org.eclipse.swt.widgets.EventTable.sendEvent(EventTable.java:91)
	at org.eclipse.swt.widgets.Display.sendEvent(Display.java:4363)
	at org.eclipse.swt.widgets.Widget.sendEvent(Widget.java:1217)
	at org.eclipse.swt.widgets.Display.runDeferredEvents(Display.java:4161)
	at org.eclipse.swt.widgets.Display.readAndDispatch(Display.java:3749)
	at org.eclipse.e4.ui.internal.workbench.swt.PartRenderingEngine$5.run(PartRenderingEngine.java:1160)
	at org.eclipse.core.databinding.observable.Realm.runWithDefault(Realm.java:339)
	at org.eclipse.e4.ui.internal.workbench.swt.PartRenderingEngine.run(PartRenderingEngine.java:1051)
	at org.eclipse.e4.ui.internal.workbench.E4Workbench.createAndRunUI(E4Workbench.java:153)
	at org.eclipse.ui.internal.Workbench.lambda$3(Workbench.java:680)
	at org.eclipse.core.databinding.observable.Realm.runWithDefault(Realm.java:339)
	at org.eclipse.ui.internal.Workbench.createAndRunWorkbench(Workbench.java:583)
	at org.eclipse.ui.PlatformUI.createAndRunWorkbench(PlatformUI.java:173)
	at org.eclipse.ui.internal.ide.application.IDEApplication.start(IDEApplication.java:193)
	at org.eclipse.equinox.internal.app.EclipseAppHandle.run(EclipseAppHandle.java:219)
	at org.eclipse.core.runtime.internal.adaptor.EclipseAppLauncher.runApplication(EclipseAppLauncher.java:149)
	at org.eclipse.core.runtime.internal.adaptor.EclipseAppLauncher.start(EclipseAppLauncher.java:115)
	at org.eclipse.core.runtime.adaptor.EclipseStarter.run(EclipseStarter.java:467)
	at org.eclipse.core.runtime.adaptor.EclipseStarter.run(EclipseStarter.java:298)
	at java.base/jdk.internal.reflect.DirectMethodHandleAccessor.invoke(DirectMethodHandleAccessor.java:104)
	at java.base/java.lang.reflect.Method.invoke(Method.java:565)
	at org.eclipse.equinox.launcher.Main.invokeFramework(Main.java:615)
	at org.eclipse.equinox.launcher.Main.basicRun(Main.java:563)
	at org.eclipse.equinox.launcher.Main.run(Main.java:1415)
	at org.eclipse.equinox.launcher.Main.main(Main.java:1387)
2026-10-06 10:35:25,710 [main] ERROR o.e.m.j.i.l.MavenLaunchConfigurationListener - Launch configuration New_configuration (1) references non-existing project ForLoop.
org.eclipse.core.runtime.CoreException: Launch configuration New_configuration (1) references non-existing project ForLoop.
	at org.eclipse.jdt.launching.JavaRuntime.abort(JavaRuntime.java:1915)
	at org.eclipse.jdt.launching.JavaRuntime.getJavaProject(JavaRuntime.java:1792)
	at org.eclipse.m2e.jdt.internal.launch.MavenLaunchConfigurationListener.updateLaunchConfiguration(MavenLaunchConfigurationListener.java:66)
	at org.eclipse.m2e.jdt.internal.launch.MavenLaunchConfigurationListener.launchConfigurationChanged(MavenLaunchConfigurationListener.java:52)
	at org.eclipse.debug.internal.core.LaunchManager$ConfigurationNotifier.run(LaunchManager.java:220)
	at org.eclipse.core.runtime.SafeRunner.run(SafeRunner.java:47)
	at org.eclipse.debug.internal.core.LaunchManager$ConfigurationNotifier.notify(LaunchManager.java:204)
	at org.eclipse.debug.internal.core.LaunchConfigurationWorkingCopy.setDirty(LaunchConfigurationWorkingCopy.java:527)
	at org.eclipse.debug.internal.core.LaunchConfigurationWorkingCopy.setAttribute(LaunchConfigurationWorkingCopy.java:415)
	at org.eclipse.jdt.debug.ui.launchConfigurations.JavaMainTab.performApply(JavaMainTab.java:235)
	at org.eclipse.debug.internal.ui.launchConfigurations.LaunchConfigurationTabGroupViewer.refresh(LaunchConfigurationTabGroupViewer.java:531)
	at org.eclipse.debug.internal.ui.launchConfigurations.LaunchConfigurationsDialog.updateButtons(LaunchConfigurationsDialog.java:1667)
	at org.eclipse.debug.internal.ui.launchConfigurations.LaunchConfigurationsDialog.refreshStatus(LaunchConfigurationsDialog.java:1346)
	at org.eclipse.debug.internal.ui.launchConfigurations.LaunchConfigurationTabGroupViewer.refreshStatus(LaunchConfigurationTabGroupViewer.java:1116)
	at org.eclipse.debug.internal.ui.launchConfigurations.LaunchConfigurationTabGroupViewer.lambda$4(LaunchConfigurationTabGroupViewer.java:744)
	at org.eclipse.swt.custom.BusyIndicator.showWhile(BusyIndicator.java:69)
	at org.eclipse.debug.internal.ui.launchConfigurations.LaunchConfigurationTabGroupViewer.inputChanged(LaunchConfigurationTabGroupViewer.java:719)
	at org.eclipse.debug.internal.ui.launchConfigurations.LaunchConfigurationTabGroupViewer.setInput0(LaunchConfigurationTabGroupViewer.java:687)
	at org.eclipse.debug.internal.ui.launchConfigurations.LaunchConfigurationTabGroupViewer.setInput(LaunchConfigurationTabGroupViewer.java:667)
	at org.eclipse.debug.internal.ui.launchConfigurations.LaunchConfigurationsDialog.handleLaunchConfigurationSelectionChanged(LaunchConfigurationsDialog.java:1067)
	at org.eclipse.debug.internal.ui.launchConfigurations.LaunchConfigurationsDialog.lambda$1(LaunchConfigurationsDialog.java:612)
	at org.eclipse.jface.viewers.StructuredViewer$3.run(StructuredViewer.java:822)
	at org.eclipse.core.runtime.SafeRunner.run(SafeRunner.java:47)
	at org.eclipse.jface.util.SafeRunnable.run(SafeRunnable.java:169)
	at org.eclipse.jface.viewers.StructuredViewer.firePostSelectionChanged(StructuredViewer.java:819)
	at org.eclipse.jface.viewers.ColumnViewer.firePostSelectionChanged(ColumnViewer.java:1054)
	at org.eclipse.jface.viewers.StructuredViewer.handlePostSelect(StructuredViewer.java:1189)
	at org.eclipse.swt.events.SelectionListener$1.widgetSelected(SelectionListener.java:83)
	at org.eclipse.jface.util.OpenStrategy.firePostSelectionEvent(OpenStrategy.java:283)
	at org.eclipse.jface.util.OpenStrategy$1.lambda$1(OpenStrategy.java:437)
	at org.eclipse.swt.widgets.RunnableLock.run(RunnableLock.java:40)
	at org.eclipse.swt.widgets.Synchronizer.runAsyncMessages(Synchronizer.java:131)
	at org.eclipse.swt.widgets.Display.runAsyncMessages(Display.java:4136)
	at org.eclipse.swt.widgets.Display.readAndDispatch(Display.java:3752)
	at org.eclipse.jface.window.Window.runEventLoop(Window.java:819)
	at org.eclipse.jface.window.Window.open(Window.java:799)
	at org.eclipse.debug.internal.ui.launchConfigurations.LaunchConfigurationsDialog.open(LaunchConfigurationsDialog.java:1253)
	at org.eclipse.debug.ui.DebugUITools.lambda$1(DebugUITools.java:631)
	at org.eclipse.swt.custom.BusyIndicator.showWhile(BusyIndicator.java:69)
	at org.eclipse.debug.ui.DebugUITools.openLaunchConfigurationDialogOnGroup(DebugUITools.java:637)
	at org.eclipse.debug.ui.DebugUITools.openLaunchConfigurationDialogOnGroup(DebugUITools.java:575)
	at org.eclipse.debug.ui.actions.OpenLaunchDialogAction.run(OpenLaunchDialogAction.java:85)
	at org.eclipse.jface.action.Action.runWithEvent(Action.java:474)
	at org.eclipse.jface.action.ActionContributionItem.handleWidgetSelection(ActionContributionItem.java:581)
	at org.eclipse.jface.action.ActionContributionItem.lambda$4(ActionContributionItem.java:415)
	at org.eclipse.swt.widgets.EventTable.sendEvent(EventTable.java:91)
	at org.eclipse.swt.widgets.Display.sendEvent(Display.java:4363)
	at org.eclipse.swt.widgets.Widget.sendEvent(Widget.java:1217)
	at org.eclipse.swt.widgets.Widget.sendEvent(Widget.java:1241)
	at org.eclipse.swt.widgets.Widget.sendEvent(Widget.java:1226)
	at org.eclipse.swt.widgets.Widget.notifyListeners(Widget.java:863)
	at org.eclipse.jface.action.ActionContributionItem.lambda$8(ActionContributionItem.java:1204)
	at org.eclipse.swt.widgets.EventTable.sendEvent(EventTable.java:91)
	at org.eclipse.swt.widgets.Display.sendEvent(Display.java:4363)
	at org.eclipse.swt.widgets.Widget.sendEvent(Widget.java:1217)
	at org.eclipse.swt.widgets.Display.runDeferredEvents(Display.java:4161)
	at org.eclipse.swt.widgets.Display.readAndDispatch(Display.java:3749)
	at org.eclipse.e4.ui.internal.workbench.swt.PartRenderingEngine$5.run(PartRenderingEngine.java:1160)
	at org.eclipse.core.databinding.observable.Realm.runWithDefault(Realm.java:339)
	at org.eclipse.e4.ui.internal.workbench.swt.PartRenderingEngine.run(PartRenderingEngine.java:1051)
	at org.eclipse.e4.ui.internal.workbench.E4Workbench.createAndRunUI(E4Workbench.java:153)
	at org.eclipse.ui.internal.Workbench.lambda$3(Workbench.java:680)
	at org.eclipse.core.databinding.observable.Realm.runWithDefault(Realm.java:339)
	at org.eclipse.ui.internal.Workbench.createAndRunWorkbench(Workbench.java:583)
	at org.eclipse.ui.PlatformUI.createAndRunWorkbench(PlatformUI.java:173)
	at org.eclipse.ui.internal.ide.application.IDEApplication.start(IDEApplication.java:193)
	at org.eclipse.equinox.internal.app.EclipseAppHandle.run(EclipseAppHandle.java:219)
	at org.eclipse.core.runtime.internal.adaptor.EclipseAppLauncher.runApplication(EclipseAppLauncher.java:149)
	at org.eclipse.core.runtime.internal.adaptor.EclipseAppLauncher.start(EclipseAppLauncher.java:115)
	at org.eclipse.core.runtime.adaptor.EclipseStarter.run(EclipseStarter.java:467)
	at org.eclipse.core.runtime.adaptor.EclipseStarter.run(EclipseStarter.java:298)
	at java.base/jdk.internal.reflect.DirectMethodHandleAccessor.invoke(DirectMethodHandleAccessor.java:104)
	at java.base/java.lang.reflect.Method.invoke(Method.java:565)
	at org.eclipse.equinox.launcher.Main.invokeFramework(Main.java:615)
	at org.eclipse.equinox.launcher.Main.basicRun(Main.java:563)
	at org.eclipse.equinox.launcher.Main.run(Main.java:1415)
	at org.eclipse.equinox.launcher.Main.main(Main.java:1387)
2026-10-06 10:35:25,711 [main] ERROR o.e.m.j.i.l.MavenLaunchConfigurationListener - Launch configuration New_configuration (1) references non-existing project ForLoop.
org.eclipse.core.runtime.CoreException: Launch configuration New_configuration (1) references non-existing project ForLoop.
	at org.eclipse.jdt.launching.JavaRuntime.abort(JavaRuntime.java:1915)
	at org.eclipse.jdt.launching.JavaRuntime.getJavaProject(JavaRuntime.java:1792)
	at org.eclipse.m2e.jdt.internal.launch.MavenLaunchConfigurationListener.updateLaunchConfiguration(MavenLaunchConfigurationListener.java:66)
	at org.eclipse.m2e.jdt.internal.launch.MavenLaunchConfigurationListener.launchConfigurationChanged(MavenLaunchConfigurationListener.java:52)
	at org.eclipse.debug.internal.core.LaunchManager$ConfigurationNotifier.run(LaunchManager.java:220)
	at org.eclipse.core.runtime.SafeRunner.run(SafeRunner.java:47)
	at org.eclipse.debug.internal.core.LaunchManager$ConfigurationNotifier.notify(LaunchManager.java:204)
	at org.eclipse.debug.internal.core.LaunchConfigurationWorkingCopy.setDirty(LaunchConfigurationWorkingCopy.java:527)
	at org.eclipse.debug.internal.core.LaunchConfigurationWorkingCopy.setAttribute(LaunchConfigurationWorkingCopy.java:415)
	at org.eclipse.jdt.debug.ui.launchConfigurations.JavaMainTab.performApply(JavaMainTab.java:243)
	at org.eclipse.debug.internal.ui.launchConfigurations.LaunchConfigurationTabGroupViewer.refresh(LaunchConfigurationTabGroupViewer.java:531)
	at org.eclipse.debug.internal.ui.launchConfigurations.LaunchConfigurationsDialog.updateButtons(LaunchConfigurationsDialog.java:1667)
	at org.eclipse.debug.internal.ui.launchConfigurations.LaunchConfigurationsDialog.refreshStatus(LaunchConfigurationsDialog.java:1346)
	at org.eclipse.debug.internal.ui.launchConfigurations.LaunchConfigurationTabGroupViewer.refreshStatus(LaunchConfigurationTabGroupViewer.java:1116)
	at org.eclipse.debug.internal.ui.launchConfigurations.LaunchConfigurationTabGroupViewer.lambda$4(LaunchConfigurationTabGroupViewer.java:744)
	at org.eclipse.swt.custom.BusyIndicator.showWhile(BusyIndicator.java:69)
	at org.eclipse.debug.internal.ui.launchConfigurations.LaunchConfigurationTabGroupViewer.inputChanged(LaunchConfigurationTabGroupViewer.java:719)
	at org.eclipse.debug.internal.ui.launchConfigurations.LaunchConfigurationTabGroupViewer.setInput0(LaunchConfigurationTabGroupViewer.java:687)
	at org.eclipse.debug.internal.ui.launchConfigurations.LaunchConfigurationTabGroupViewer.setInput(LaunchConfigurationTabGroupViewer.java:667)
	at org.eclipse.debug.internal.ui.launchConfigurations.LaunchConfigurationsDialog.handleLaunchConfigurationSelectionChanged(LaunchConfigurationsDialog.java:1067)
	at org.eclipse.debug.internal.ui.launchConfigurations.LaunchConfigurationsDialog.lambda$1(LaunchConfigurationsDialog.java:612)
	at org.eclipse.jface.viewers.StructuredViewer$3.run(StructuredViewer.java:822)
	at org.eclipse.core.runtime.SafeRunner.run(SafeRunner.java:47)
	at org.eclipse.jface.util.SafeRunnable.run(SafeRunnable.java:169)
	at org.eclipse.jface.viewers.StructuredViewer.firePostSelectionChanged(StructuredViewer.java:819)
	at org.eclipse.jface.viewers.ColumnViewer.firePostSelectionChanged(ColumnViewer.java:1054)
	at org.eclipse.jface.viewers.StructuredViewer.handlePostSelect(StructuredViewer.java:1189)
	at org.eclipse.swt.events.SelectionListener$1.widgetSelected(SelectionListener.java:83)
	at org.eclipse.jface.util.OpenStrategy.firePostSelectionEvent(OpenStrategy.java:283)
	at org.eclipse.jface.util.OpenStrategy$1.lambda$1(OpenStrategy.java:437)
	at org.eclipse.swt.widgets.RunnableLock.run(RunnableLock.java:40)
	at org.eclipse.swt.widgets.Synchronizer.runAsyncMessages(Synchronizer.java:131)
	at org.eclipse.swt.widgets.Display.runAsyncMessages(Display.java:4136)
	at org.eclipse.swt.widgets.Display.readAndDispatch(Display.java:3752)
	at org.eclipse.jface.window.Window.runEventLoop(Window.java:819)
	at org.eclipse.jface.window.Window.open(Window.java:799)
	at org.eclipse.debug.internal.ui.launchConfigurations.LaunchConfigurationsDialog.open(LaunchConfigurationsDialog.java:1253)
	at org.eclipse.debug.ui.DebugUITools.lambda$1(DebugUITools.java:631)
	at org.eclipse.swt.custom.BusyIndicator.showWhile(BusyIndicator.java:69)
	at org.eclipse.debug.ui.DebugUITools.openLaunchConfigurationDialogOnGroup(DebugUITools.java:637)
	at org.eclipse.debug.ui.DebugUITools.openLaunchConfigurationDialogOnGroup(DebugUITools.java:575)
	at org.eclipse.debug.ui.actions.OpenLaunchDialogAction.run(OpenLaunchDialogAction.java:85)
	at org.eclipse.jface.action.Action.runWithEvent(Action.java:474)
	at org.eclipse.jface.action.ActionContributionItem.handleWidgetSelection(ActionContributionItem.java:581)
	at org.eclipse.jface.action.ActionContributionItem.lambda$4(ActionContributionItem.java:415)
	at org.eclipse.swt.widgets.EventTable.sendEvent(EventTable.java:91)
	at org.eclipse.swt.widgets.Display.sendEvent(Display.java:4363)
	at org.eclipse.swt.widgets.Widget.sendEvent(Widget.java:1217)
	at org.eclipse.swt.widgets.Widget.sendEvent(Widget.java:1241)
	at org.eclipse.swt.widgets.Widget.sendEvent(Widget.java:1226)
	at org.eclipse.swt.widgets.Widget.notifyListeners(Widget.java:863)
	at org.eclipse.jface.action.ActionContributionItem.lambda$8(ActionContributionItem.java:1204)
	at org.eclipse.swt.widgets.EventTable.sendEvent(EventTable.java:91)
	at org.eclipse.swt.widgets.Display.sendEvent(Display.java:4363)
	at org.eclipse.swt.widgets.Widget.sendEvent(Widget.java:1217)
	at org.eclipse.swt.widgets.Display.runDeferredEvents(Display.java:4161)
	at org.eclipse.swt.widgets.Display.readAndDispatch(Display.java:3749)
	at org.eclipse.e4.ui.internal.workbench.swt.PartRenderingEngine$5.run(PartRenderingEngine.java:1160)
	at org.eclipse.core.databinding.observable.Realm.runWithDefault(Realm.java:339)
	at org.eclipse.e4.ui.internal.workbench.swt.PartRenderingEngine.run(PartRenderingEngine.java:1051)
	at org.eclipse.e4.ui.internal.workbench.E4Workbench.createAndRunUI(E4Workbench.java:153)
	at org.eclipse.ui.internal.Workbench.lambda$3(Workbench.java:680)
	at org.eclipse.core.databinding.observable.Realm.runWithDefault(Realm.java:339)
	at org.eclipse.ui.internal.Workbench.createAndRunWorkbench(Workbench.java:583)
	at org.eclipse.ui.PlatformUI.createAndRunWorkbench(PlatformUI.java:173)
	at org.eclipse.ui.internal.ide.application.IDEApplication.start(IDEApplication.java:193)
	at org.eclipse.equinox.internal.app.EclipseAppHandle.run(EclipseAppHandle.java:219)
	at org.eclipse.core.runtime.internal.adaptor.EclipseAppLauncher.runApplication(EclipseAppLauncher.java:149)
	at org.eclipse.core.runtime.internal.adaptor.EclipseAppLauncher.start(EclipseAppLauncher.java:115)
	at org.eclipse.core.runtime.adaptor.EclipseStarter.run(EclipseStarter.java:467)
	at org.eclipse.core.runtime.adaptor.EclipseStarter.run(EclipseStarter.java:298)
	at java.base/jdk.internal.reflect.DirectMethodHandleAccessor.invoke(DirectMethodHandleAccessor.java:104)
	at java.base/java.lang.reflect.Method.invoke(Method.java:565)
	at org.eclipse.equinox.launcher.Main.invokeFramework(Main.java:615)
	at org.eclipse.equinox.launcher.Main.basicRun(Main.java:563)
	at org.eclipse.equinox.launcher.Main.run(Main.java:1415)
	at org.eclipse.equinox.launcher.Main.main(Main.java:1387)
2026-10-06 10:35:25,712 [main] ERROR o.e.m.j.i.l.MavenLaunchConfigurationListener - Launch configuration New_configuration (1) references non-existing project ForLoop.
org.eclipse.core.runtime.CoreException: Launch configuration New_configuration (1) references non-existing project ForLoop.
	at org.eclipse.jdt.launching.JavaRuntime.abort(JavaRuntime.java:1915)
	at org.eclipse.jdt.launching.JavaRuntime.getJavaProject(JavaRuntime.java:1792)
	at org.eclipse.m2e.jdt.internal.launch.MavenLaunchConfigurationListener.updateLaunchConfiguration(MavenLaunchConfigurationListener.java:66)
	at org.eclipse.m2e.jdt.internal.launch.MavenLaunchConfigurationListener.launchConfigurationChanged(MavenLaunchConfigurationListener.java:52)
	at org.eclipse.debug.internal.core.LaunchManager$ConfigurationNotifier.run(LaunchManager.java:220)
	at org.eclipse.core.runtime.SafeRunner.run(SafeRunner.java:47)
	at org.eclipse.debug.internal.core.LaunchManager$ConfigurationNotifier.notify(LaunchManager.java:204)
	at org.eclipse.debug.internal.core.LaunchConfigurationWorkingCopy.setDirty(LaunchConfigurationWorkingCopy.java:527)
	at org.eclipse.debug.internal.core.LaunchConfigurationWorkingCopy.setAttribute(LaunchConfigurationWorkingCopy.java:415)
	at org.eclipse.jdt.debug.ui.launchConfigurations.JavaMainTab.performApply(JavaMainTab.java:251)
	at org.eclipse.debug.internal.ui.launchConfigurations.LaunchConfigurationTabGroupViewer.refresh(LaunchConfigurationTabGroupViewer.java:531)
	at org.eclipse.debug.internal.ui.launchConfigurations.LaunchConfigurationsDialog.updateButtons(LaunchConfigurationsDialog.java:1667)
	at org.eclipse.debug.internal.ui.launchConfigurations.LaunchConfigurationsDialog.refreshStatus(LaunchConfigurationsDialog.java:1346)
	at org.eclipse.debug.internal.ui.launchConfigurations.LaunchConfigurationTabGroupViewer.refreshStatus(LaunchConfigurationTabGroupViewer.java:1116)
	at org.eclipse.debug.internal.ui.launchConfigurations.LaunchConfigurationTabGroupViewer.lambda$4(LaunchConfigurationTabGroupViewer.java:744)
	at org.eclipse.swt.custom.BusyIndicator.showWhile(BusyIndicator.java:69)
	at org.eclipse.debug.internal.ui.launchConfigurations.LaunchConfigurationTabGroupViewer.inputChanged(LaunchConfigurationTabGroupViewer.java:719)
	at org.eclipse.debug.internal.ui.launchConfigurations.LaunchConfigurationTabGroupViewer.setInput0(LaunchConfigurationTabGroupViewer.java:687)
	at org.eclipse.debug.internal.ui.launchConfigurations.LaunchConfigurationTabGroupViewer.setInput(LaunchConfigurationTabGroupViewer.java:667)
	at org.eclipse.debug.internal.ui.launchConfigurations.LaunchConfigurationsDialog.handleLaunchConfigurationSelectionChanged(LaunchConfigurationsDialog.java:1067)
	at org.eclipse.debug.internal.ui.launchConfigurations.LaunchConfigurationsDialog.lambda$1(LaunchConfigurationsDialog.java:612)
	at org.eclipse.jface.viewers.StructuredViewer$3.run(StructuredViewer.java:822)
	at org.eclipse.core.runtime.SafeRunner.run(SafeRunner.java:47)
	at org.eclipse.jface.util.SafeRunnable.run(SafeRunnable.java:169)
	at org.eclipse.jface.viewers.StructuredViewer.firePostSelectionChanged(StructuredViewer.java:819)
	at org.eclipse.jface.viewers.ColumnViewer.firePostSelectionChanged(ColumnViewer.java:1054)
	at org.eclipse.jface.viewers.StructuredViewer.handlePostSelect(StructuredViewer.java:1189)
	at org.eclipse.swt.events.SelectionListener$1.widgetSelected(SelectionListener.java:83)
	at org.eclipse.jface.util.OpenStrategy.firePostSelectionEvent(OpenStrategy.java:283)
	at org.eclipse.jface.util.OpenStrategy$1.lambda$1(OpenStrategy.java:437)
	at org.eclipse.swt.widgets.RunnableLock.run(RunnableLock.java:40)
	at org.eclipse.swt.widgets.Synchronizer.runAsyncMessages(Synchronizer.java:131)
	at org.eclipse.swt.widgets.Display.runAsyncMessages(Display.java:4136)
	at org.eclipse.swt.widgets.Display.readAndDispatch(Display.java:3752)
	at org.eclipse.jface.window.Window.runEventLoop(Window.java:819)
	at org.eclipse.jface.window.Window.open(Window.java:799)
	at org.eclipse.debug.internal.ui.launchConfigurations.LaunchConfigurationsDialog.open(LaunchConfigurationsDialog.java:1253)
	at org.eclipse.debug.ui.DebugUITools.lambda$1(DebugUITools.java:631)
	at org.eclipse.swt.custom.BusyIndicator.showWhile(BusyIndicator.java:69)
	at org.eclipse.debug.ui.DebugUITools.openLaunchConfigurationDialogOnGroup(DebugUITools.java:637)
	at org.eclipse.debug.ui.DebugUITools.openLaunchConfigurationDialogOnGroup(DebugUITools.java:575)
	at org.eclipse.debug.ui.actions.OpenLaunchDialogAction.run(OpenLaunchDialogAction.java:85)
	at org.eclipse.jface.action.Action.runWithEvent(Action.java:474)
	at org.eclipse.jface.action.ActionContributionItem.handleWidgetSelection(ActionContributionItem.java:581)
	at org.eclipse.jface.action.ActionContributionItem.lambda$4(ActionContributionItem.java:415)
	at org.eclipse.swt.widgets.EventTable.sendEvent(EventTable.java:91)
	at org.eclipse.swt.widgets.Display.sendEvent(Display.java:4363)
	at org.eclipse.swt.widgets.Widget.sendEvent(Widget.java:1217)
	at org.eclipse.swt.widgets.Widget.sendEvent(Widget.java:1241)
	at org.eclipse.swt.widgets.Widget.sendEvent(Widget.java:1226)
	at org.eclipse.swt.widgets.Widget.notifyListeners(Widget.java:863)
	at org.eclipse.jface.action.ActionContributionItem.lambda$8(ActionContributionItem.java:1204)
	at org.eclipse.swt.widgets.EventTable.sendEvent(EventTable.java:91)
	at org.eclipse.swt.widgets.Display.sendEvent(Display.java:4363)
	at org.eclipse.swt.widgets.Widget.sendEvent(Widget.java:1217)
	at org.eclipse.swt.widgets.Display.runDeferredEvents(Display.java:4161)
	at org.eclipse.swt.widgets.Display.readAndDispatch(Display.java:3749)
	at org.eclipse.e4.ui.internal.workbench.swt.PartRenderingEngine$5.run(PartRenderingEngine.java:1160)
	at org.eclipse.core.databinding.observable.Realm.runWithDefault(Realm.java:339)
	at org.eclipse.e4.ui.internal.workbench.swt.PartRenderingEngine.run(PartRenderingEngine.java:1051)
	at org.eclipse.e4.ui.internal.workbench.E4Workbench.createAndRunUI(E4Workbench.java:153)
	at org.eclipse.ui.internal.Workbench.lambda$3(Workbench.java:680)
	at org.eclipse.core.databinding.observable.Realm.runWithDefault(Realm.java:339)
	at org.eclipse.ui.internal.Workbench.createAndRunWorkbench(Workbench.java:583)
	at org.eclipse.ui.PlatformUI.createAndRunWorkbench(PlatformUI.java:173)
	at org.eclipse.ui.internal.ide.application.IDEApplication.start(IDEApplication.java:193)
	at org.eclipse.equinox.internal.app.EclipseAppHandle.run(EclipseAppHandle.java:219)
	at org.eclipse.core.runtime.internal.adaptor.EclipseAppLauncher.runApplication(EclipseAppLauncher.java:149)
	at org.eclipse.core.runtime.internal.adaptor.EclipseAppLauncher.start(EclipseAppLauncher.java:115)
	at org.eclipse.core.runtime.adaptor.EclipseStarter.run(EclipseStarter.java:467)
	at org.eclipse.core.runtime.adaptor.EclipseStarter.run(EclipseStarter.java:298)
	at java.base/jdk.internal.reflect.DirectMethodHandleAccessor.invoke(DirectMethodHandleAccessor.java:104)
	at java.base/java.lang.reflect.Method.invoke(Method.java:565)
	at org.eclipse.equinox.launcher.Main.invokeFramework(Main.java:615)
	at org.eclipse.equinox.launcher.Main.basicRun(Main.java:563)
	at org.eclipse.equinox.launcher.Main.run(Main.java:1415)
	at org.eclipse.equinox.launcher.Main.main(Main.java:1387)
2026-10-06 10:35:25,713 [main] ERROR o.e.m.j.i.l.MavenLaunchConfigurationListener - Launch configuration New_configuration (1) references non-existing project ForLoop.
org.eclipse.core.runtime.CoreException: Launch configuration New_configuration (1) references non-existing project ForLoop.
	at org.eclipse.jdt.launching.JavaRuntime.abort(JavaRuntime.java:1915)
	at org.eclipse.jdt.launching.JavaRuntime.getJavaProject(JavaRuntime.java:1792)
	at org.eclipse.m2e.jdt.internal.launch.MavenLaunchConfigurationListener.updateLaunchConfiguration(MavenLaunchConfigurationListener.java:66)
	at org.eclipse.m2e.jdt.internal.launch.MavenLaunchConfigurationListener.launchConfigurationChanged(MavenLaunchConfigurationListener.java:52)
	at org.eclipse.debug.internal.core.LaunchManager$ConfigurationNotifier.run(LaunchManager.java:220)
	at org.eclipse.core.runtime.SafeRunner.run(SafeRunner.java:47)
	at org.eclipse.debug.internal.core.LaunchManager$ConfigurationNotifier.notify(LaunchManager.java:204)
	at org.eclipse.debug.internal.core.LaunchConfigurationWorkingCopy.setDirty(LaunchConfigurationWorkingCopy.java:527)
	at org.eclipse.debug.internal.core.LaunchConfigurationWorkingCopy.setAttribute(LaunchConfigurationWorkingCopy.java:415)
	at org.eclipse.jdt.debug.ui.launchConfigurations.JavaMainTab.performApply(JavaMainTab.java:259)
	at org.eclipse.debug.internal.ui.launchConfigurations.LaunchConfigurationTabGroupViewer.refresh(LaunchConfigurationTabGroupViewer.java:531)
	at org.eclipse.debug.internal.ui.launchConfigurations.LaunchConfigurationsDialog.updateButtons(LaunchConfigurationsDialog.java:1667)
	at org.eclipse.debug.internal.ui.launchConfigurations.LaunchConfigurationsDialog.refreshStatus(LaunchConfigurationsDialog.java:1346)
	at org.eclipse.debug.internal.ui.launchConfigurations.LaunchConfigurationTabGroupViewer.refreshStatus(LaunchConfigurationTabGroupViewer.java:1116)
	at org.eclipse.debug.internal.ui.launchConfigurations.LaunchConfigurationTabGroupViewer.lambda$4(LaunchConfigurationTabGroupViewer.java:744)
	at org.eclipse.swt.custom.BusyIndicator.showWhile(BusyIndicator.java:69)
	at org.eclipse.debug.internal.ui.launchConfigurations.LaunchConfigurationTabGroupViewer.inputChanged(LaunchConfigurationTabGroupViewer.java:719)
	at org.eclipse.debug.internal.ui.launchConfigurations.LaunchConfigurationTabGroupViewer.setInput0(LaunchConfigurationTabGroupViewer.java:687)
	at org.eclipse.debug.internal.ui.launchConfigurations.LaunchConfigurationTabGroupViewer.setInput(LaunchConfigurationTabGroupViewer.java:667)
	at org.eclipse.debug.internal.ui.launchConfigurations.LaunchConfigurationsDialog.handleLaunchConfigurationSelectionChanged(LaunchConfigurationsDialog.java:1067)
	at org.eclipse.debug.internal.ui.launchConfigurations.LaunchConfigurationsDialog.lambda$1(LaunchConfigurationsDialog.java:612)
	at org.eclipse.jface.viewers.StructuredViewer$3.run(StructuredViewer.java:822)
	at org.eclipse.core.runtime.SafeRunner.run(SafeRunner.java:47)
	at org.eclipse.jface.util.SafeRunnable.run(SafeRunnable.java:169)
	at org.eclipse.jface.viewers.StructuredViewer.firePostSelectionChanged(StructuredViewer.java:819)
	at org.eclipse.jface.viewers.ColumnViewer.firePostSelectionChanged(ColumnViewer.java:1054)
	at org.eclipse.jface.viewers.StructuredViewer.handlePostSelect(StructuredViewer.java:1189)
	at org.eclipse.swt.events.SelectionListener$1.widgetSelected(SelectionListener.java:83)
	at org.eclipse.jface.util.OpenStrategy.firePostSelectionEvent(OpenStrategy.java:283)
	at org.eclipse.jface.util.OpenStrategy$1.lambda$1(OpenStrategy.java:437)
	at org.eclipse.swt.widgets.RunnableLock.run(RunnableLock.java:40)
	at org.eclipse.swt.widgets.Synchronizer.runAsyncMessages(Synchronizer.java:131)
	at org.eclipse.swt.widgets.Display.runAsyncMessages(Display.java:4136)
	at org.eclipse.swt.widgets.Display.readAndDispatch(Display.java:3752)
	at org.eclipse.jface.window.Window.runEventLoop(Window.java:819)
	at org.eclipse.jface.window.Window.open(Window.java:799)
	at org.eclipse.debug.internal.ui.launchConfigurations.LaunchConfigurationsDialog.open(LaunchConfigurationsDialog.java:1253)
	at org.eclipse.debug.ui.DebugUITools.lambda$1(DebugUITools.java:631)
	at org.eclipse.swt.custom.BusyIndicator.showWhile(BusyIndicator.java:69)
	at org.eclipse.debug.ui.DebugUITools.openLaunchConfigurationDialogOnGroup(DebugUITools.java:637)
	at org.eclipse.debug.ui.DebugUITools.openLaunchConfigurationDialogOnGroup(DebugUITools.java:575)
	at org.eclipse.debug.ui.actions.OpenLaunchDialogAction.run(OpenLaunchDialogAction.java:85)
	at org.eclipse.jface.action.Action.runWithEvent(Action.java:474)
	at org.eclipse.jface.action.ActionContributionItem.handleWidgetSelection(ActionContributionItem.java:581)
	at org.eclipse.jface.action.ActionContributionItem.lambda$4(ActionContributionItem.java:415)
	at org.eclipse.swt.widgets.EventTable.sendEvent(EventTable.java:91)
	at org.eclipse.swt.widgets.Display.sendEvent(Display.java:4363)
	at org.eclipse.swt.widgets.Widget.sendEvent(Widget.java:1217)
	at org.eclipse.swt.widgets.Widget.sendEvent(Widget.java:1241)
	at org.eclipse.swt.widgets.Widget.sendEvent(Widget.java:1226)
	at org.eclipse.swt.widgets.Widget.notifyListeners(Widget.java:863)
	at org.eclipse.jface.action.ActionContributionItem.lambda$8(ActionContributionItem.java:1204)
	at org.eclipse.swt.widgets.EventTable.sendEvent(EventTable.java:91)
	at org.eclipse.swt.widgets.Display.sendEvent(Display.java:4363)
	at org.eclipse.swt.widgets.Widget.sendEvent(Widget.java:1217)
	at org.eclipse.swt.widgets.Display.runDeferredEvents(Display.java:4161)
	at org.eclipse.swt.widgets.Display.readAndDispatch(Display.java:3749)
	at org.eclipse.e4.ui.internal.workbench.swt.PartRenderingEngine$5.run(PartRenderingEngine.java:1160)
	at org.eclipse.core.databinding.observable.Realm.runWithDefault(Realm.java:339)
	at org.eclipse.e4.ui.internal.workbench.swt.PartRenderingEngine.run(PartRenderingEngine.java:1051)
	at org.eclipse.e4.ui.internal.workbench.E4Workbench.createAndRunUI(E4Workbench.java:153)
	at org.eclipse.ui.internal.Workbench.lambda$3(Workbench.java:680)
	at org.eclipse.core.databinding.observable.Realm.runWithDefault(Realm.java:339)
	at org.eclipse.ui.internal.Workbench.createAndRunWorkbench(Workbench.java:583)
	at org.eclipse.ui.PlatformUI.createAndRunWorkbench(PlatformUI.java:173)
	at org.eclipse.ui.internal.ide.application.IDEApplication.start(IDEApplication.java:193)
	at org.eclipse.equinox.internal.app.EclipseAppHandle.run(EclipseAppHandle.java:219)
	at org.eclipse.core.runtime.internal.adaptor.EclipseAppLauncher.runApplication(EclipseAppLauncher.java:149)
	at org.eclipse.core.runtime.internal.adaptor.EclipseAppLauncher.start(EclipseAppLauncher.java:115)
	at org.eclipse.core.runtime.adaptor.EclipseStarter.run(EclipseStarter.java:467)
	at org.eclipse.core.runtime.adaptor.EclipseStarter.run(EclipseStarter.java:298)
	at java.base/jdk.internal.reflect.DirectMethodHandleAccessor.invoke(DirectMethodHandleAccessor.java:104)
	at java.base/java.lang.reflect.Method.invoke(Method.java:565)
	at org.eclipse.equinox.launcher.Main.invokeFramework(Main.java:615)
	at org.eclipse.equinox.launcher.Main.basicRun(Main.java:563)
	at org.eclipse.equinox.launcher.Main.run(Main.java:1415)
	at org.eclipse.equinox.launcher.Main.main(Main.java:1387)
2026-10-06 10:35:25,716 [main] ERROR o.e.m.j.i.l.MavenLaunchConfigurationListener - Launch configuration New_configuration (1) references non-existing project ForLoop.
org.eclipse.core.runtime.CoreException: Launch configuration New_configuration (1) references non-existing project ForLoop.
	at org.eclipse.jdt.launching.JavaRuntime.abort(JavaRuntime.java:1915)
	at org.eclipse.jdt.launching.JavaRuntime.getJavaProject(JavaRuntime.java:1792)
	at org.eclipse.m2e.jdt.internal.launch.MavenLaunchConfigurationListener.updateLaunchConfiguration(MavenLaunchConfigurationListener.java:66)
	at org.eclipse.m2e.jdt.internal.launch.MavenLaunchConfigurationListener.launchConfigurationChanged(MavenLaunchConfigurationListener.java:52)
	at org.eclipse.debug.internal.core.LaunchManager$ConfigurationNotifier.run(LaunchManager.java:220)
	at org.eclipse.core.runtime.SafeRunner.run(SafeRunner.java:47)
	at org.eclipse.debug.internal.core.LaunchManager$ConfigurationNotifier.notify(LaunchManager.java:204)
	at org.eclipse.debug.internal.core.LaunchConfigurationWorkingCopy.setDirty(LaunchConfigurationWorkingCopy.java:527)
	at org.eclipse.debug.internal.core.LaunchConfigurationWorkingCopy.setAttribute(LaunchConfigurationWorkingCopy.java:415)
	at org.eclipse.jdt.debug.ui.launchConfigurations.JavaMainTab.performApply(JavaMainTab.java:233)
	at org.eclipse.debug.ui.AbstractLaunchConfigurationTabGroup.performApply(AbstractLaunchConfigurationTabGroup.java:106)
	at org.eclipse.debug.internal.ui.launchConfigurations.LaunchConfigurationTabGroupWrapper.performApply(LaunchConfigurationTabGroupWrapper.java:205)
	at org.eclipse.debug.internal.ui.launchConfigurations.LaunchConfigurationTabGroupViewer.handleApplyPressed(LaunchConfigurationTabGroupViewer.java:1524)
	at org.eclipse.debug.internal.ui.launchConfigurations.LaunchConfigurationsDialog.handleLaunchConfigurationSelectionChanged(LaunchConfigurationsDialog.java:1069)
	at org.eclipse.debug.internal.ui.launchConfigurations.LaunchConfigurationsDialog.lambda$1(LaunchConfigurationsDialog.java:612)
	at org.eclipse.jface.viewers.StructuredViewer$3.run(StructuredViewer.java:822)
	at org.eclipse.core.runtime.SafeRunner.run(SafeRunner.java:47)
	at org.eclipse.jface.util.SafeRunnable.run(SafeRunnable.java:169)
	at org.eclipse.jface.viewers.StructuredViewer.firePostSelectionChanged(StructuredViewer.java:819)
	at org.eclipse.jface.viewers.ColumnViewer.firePostSelectionChanged(ColumnViewer.java:1054)
	at org.eclipse.jface.viewers.StructuredViewer.handlePostSelect(StructuredViewer.java:1189)
	at org.eclipse.swt.events.SelectionListener$1.widgetSelected(SelectionListener.java:83)
	at org.eclipse.jface.util.OpenStrategy.firePostSelectionEvent(OpenStrategy.java:283)
	at org.eclipse.jface.util.OpenStrategy$1.lambda$1(OpenStrategy.java:437)
	at org.eclipse.swt.widgets.RunnableLock.run(RunnableLock.java:40)
	at org.eclipse.swt.widgets.Synchronizer.runAsyncMessages(Synchronizer.java:131)
	at org.eclipse.swt.widgets.Display.runAsyncMessages(Display.java:4136)
	at org.eclipse.swt.widgets.Display.readAndDispatch(Display.java:3752)
	at org.eclipse.jface.window.Window.runEventLoop(Window.java:819)
	at org.eclipse.jface.window.Window.open(Window.java:799)
	at org.eclipse.debug.internal.ui.launchConfigurations.LaunchConfigurationsDialog.open(LaunchConfigurationsDialog.java:1253)
	at org.eclipse.debug.ui.DebugUITools.lambda$1(DebugUITools.java:631)
	at org.eclipse.swt.custom.BusyIndicator.showWhile(BusyIndicator.java:69)
	at org.eclipse.debug.ui.DebugUITools.openLaunchConfigurationDialogOnGroup(DebugUITools.java:637)
	at org.eclipse.debug.ui.DebugUITools.openLaunchConfigurationDialogOnGroup(DebugUITools.java:575)
	at org.eclipse.debug.ui.actions.OpenLaunchDialogAction.run(OpenLaunchDialogAction.java:85)
	at org.eclipse.jface.action.Action.runWithEvent(Action.java:474)
	at org.eclipse.jface.action.ActionContributionItem.handleWidgetSelection(ActionContributionItem.java:581)
	at org.eclipse.jface.action.ActionContributionItem.lambda$4(ActionContributionItem.java:415)
	at org.eclipse.swt.widgets.EventTable.sendEvent(EventTable.java:91)
	at org.eclipse.swt.widgets.Display.sendEvent(Display.java:4363)
	at org.eclipse.swt.widgets.Widget.sendEvent(Widget.java:1217)
	at org.eclipse.swt.widgets.Widget.sendEvent(Widget.java:1241)
	at org.eclipse.swt.widgets.Widget.sendEvent(Widget.java:1226)
	at org.eclipse.swt.widgets.Widget.notifyListeners(Widget.java:863)
	at org.eclipse.jface.action.ActionContributionItem.lambda$8(ActionContributionItem.java:1204)
	at org.eclipse.swt.widgets.EventTable.sendEvent(EventTable.java:91)
	at org.eclipse.swt.widgets.Display.sendEvent(Display.java:4363)
	at org.eclipse.swt.widgets.Widget.sendEvent(Widget.java:1217)
	at org.eclipse.swt.widgets.Display.runDeferredEvents(Display.java:4161)
	at org.eclipse.swt.widgets.Display.readAndDispatch(Display.java:3749)
	at org.eclipse.e4.ui.internal.workbench.swt.PartRenderingEngine$5.run(PartRenderingEngine.java:1160)
	at org.eclipse.core.databinding.observable.Realm.runWithDefault(Realm.java:339)
	at org.eclipse.e4.ui.internal.workbench.swt.PartRenderingEngine.run(PartRenderingEngine.java:1051)
	at org.eclipse.e4.ui.internal.workbench.E4Workbench.createAndRunUI(E4Workbench.java:153)
	at org.eclipse.ui.internal.Workbench.lambda$3(Workbench.java:680)
	at org.eclipse.core.databinding.observable.Realm.runWithDefault(Realm.java:339)
	at org.eclipse.ui.internal.Workbench.createAndRunWorkbench(Workbench.java:583)
	at org.eclipse.ui.PlatformUI.createAndRunWorkbench(PlatformUI.java:173)
	at org.eclipse.ui.internal.ide.application.IDEApplication.start(IDEApplication.java:193)
	at org.eclipse.equinox.internal.app.EclipseAppHandle.run(EclipseAppHandle.java:219)
	at org.eclipse.core.runtime.internal.adaptor.EclipseAppLauncher.runApplication(EclipseAppLauncher.java:149)
	at org.eclipse.core.runtime.internal.adaptor.EclipseAppLauncher.start(EclipseAppLauncher.java:115)
	at org.eclipse.core.runtime.adaptor.EclipseStarter.run(EclipseStarter.java:467)
	at org.eclipse.core.runtime.adaptor.EclipseStarter.run(EclipseStarter.java:298)
	at java.base/jdk.internal.reflect.DirectMethodHandleAccessor.invoke(DirectMethodHandleAccessor.java:104)
	at java.base/java.lang.reflect.Method.invoke(Method.java:565)
	at org.eclipse.equinox.launcher.Main.invokeFramework(Main.java:615)
	at org.eclipse.equinox.launcher.Main.basicRun(Main.java:563)
	at org.eclipse.equinox.launcher.Main.run(Main.java:1415)
	at org.eclipse.equinox.launcher.Main.main(Main.java:1387)
2026-10-06 10:35:25,718 [main] ERROR o.e.m.j.i.l.MavenLaunchConfigurationListener - Launch configuration New_configuration (1) references non-existing project ForLoop.
org.eclipse.core.runtime.CoreException: Launch configuration New_configuration (1) references non-existing project ForLoop.
	at org.eclipse.jdt.launching.JavaRuntime.abort(JavaRuntime.java:1915)
	at org.eclipse.jdt.launching.JavaRuntime.getJavaProject(JavaRuntime.java:1792)
	at org.eclipse.m2e.jdt.internal.launch.MavenLaunchConfigurationListener.updateLaunchConfiguration(MavenLaunchConfigurationListener.java:66)
	at org.eclipse.m2e.jdt.internal.launch.MavenLaunchConfigurationListener.launchConfigurationChanged(MavenLaunchConfigurationListener.java:52)
	at org.eclipse.debug.internal.core.LaunchManager$ConfigurationNotifier.run(LaunchManager.java:220)
	at org.eclipse.core.runtime.SafeRunner.run(SafeRunner.java:47)
	at org.eclipse.debug.internal.core.LaunchManager$ConfigurationNotifier.notify(LaunchManager.java:204)
	at org.eclipse.debug.internal.core.LaunchConfigurationWorkingCopy.setDirty(LaunchConfigurationWorkingCopy.java:527)
	at org.eclipse.debug.internal.core.LaunchConfigurationWorkingCopy.setAttribute(LaunchConfigurationWorkingCopy.java:415)
	at org.eclipse.jdt.debug.ui.launchConfigurations.JavaMainTab.performApply(JavaMainTab.java:234)
	at org.eclipse.debug.ui.AbstractLaunchConfigurationTabGroup.performApply(AbstractLaunchConfigurationTabGroup.java:106)
	at org.eclipse.debug.internal.ui.launchConfigurations.LaunchConfigurationTabGroupWrapper.performApply(LaunchConfigurationTabGroupWrapper.java:205)
	at org.eclipse.debug.internal.ui.launchConfigurations.LaunchConfigurationTabGroupViewer.handleApplyPressed(LaunchConfigurationTabGroupViewer.java:1524)
	at org.eclipse.debug.internal.ui.launchConfigurations.LaunchConfigurationsDialog.handleLaunchConfigurationSelectionChanged(LaunchConfigurationsDialog.java:1069)
	at org.eclipse.debug.internal.ui.launchConfigurations.LaunchConfigurationsDialog.lambda$1(LaunchConfigurationsDialog.java:612)
	at org.eclipse.jface.viewers.StructuredViewer$3.run(StructuredViewer.java:822)
	at org.eclipse.core.runtime.SafeRunner.run(SafeRunner.java:47)
	at org.eclipse.jface.util.SafeRunnable.run(SafeRunnable.java:169)
	at org.eclipse.jface.viewers.StructuredViewer.firePostSelectionChanged(StructuredViewer.java:819)
	at org.eclipse.jface.viewers.ColumnViewer.firePostSelectionChanged(ColumnViewer.java:1054)
	at org.eclipse.jface.viewers.StructuredViewer.handlePostSelect(StructuredViewer.java:1189)
	at org.eclipse.swt.events.SelectionListener$1.widgetSelected(SelectionListener.java:83)
	at org.eclipse.jface.util.OpenStrategy.firePostSelectionEvent(OpenStrategy.java:283)
	at org.eclipse.jface.util.OpenStrategy$1.lambda$1(OpenStrategy.java:437)
	at org.eclipse.swt.widgets.RunnableLock.run(RunnableLock.java:40)
	at org.eclipse.swt.widgets.Synchronizer.runAsyncMessages(Synchronizer.java:131)
	at org.eclipse.swt.widgets.Display.runAsyncMessages(Display.java:4136)
	at org.eclipse.swt.widgets.Display.readAndDispatch(Display.java:3752)
	at org.eclipse.jface.window.Window.runEventLoop(Window.java:819)
	at org.eclipse.jface.window.Window.open(Window.java:799)
	at org.eclipse.debug.internal.ui.launchConfigurations.LaunchConfigurationsDialog.open(LaunchConfigurationsDialog.java:1253)
	at org.eclipse.debug.ui.DebugUITools.lambda$1(DebugUITools.java:631)
	at org.eclipse.swt.custom.BusyIndicator.showWhile(BusyIndicator.java:69)
	at org.eclipse.debug.ui.DebugUITools.openLaunchConfigurationDialogOnGroup(DebugUITools.java:637)
	at org.eclipse.debug.ui.DebugUITools.openLaunchConfigurationDialogOnGroup(DebugUITools.java:575)
	at org.eclipse.debug.ui.actions.OpenLaunchDialogAction.run(OpenLaunchDialogAction.java:85)
	at org.eclipse.jface.action.Action.runWithEvent(Action.java:474)
	at org.eclipse.jface.action.ActionContributionItem.handleWidgetSelection(ActionContributionItem.java:581)
	at org.eclipse.jface.action.ActionContributionItem.lambda$4(ActionContributionItem.java:415)
	at org.eclipse.swt.widgets.EventTable.sendEvent(EventTable.java:91)
	at org.eclipse.swt.widgets.Display.sendEvent(Display.java:4363)
	at org.eclipse.swt.widgets.Widget.sendEvent(Widget.java:1217)
	at org.eclipse.swt.widgets.Widget.sendEvent(Widget.java:1241)
	at org.eclipse.swt.widgets.Widget.sendEvent(Widget.java:1226)
	at org.eclipse.swt.widgets.Widget.notifyListeners(Widget.java:863)
	at org.eclipse.jface.action.ActionContributionItem.lambda$8(ActionContributionItem.java:1204)
	at org.eclipse.swt.widgets.EventTable.sendEvent(EventTable.java:91)
	at org.eclipse.swt.widgets.Display.sendEvent(Display.java:4363)
	at org.eclipse.swt.widgets.Widget.sendEvent(Widget.java:1217)
	at org.eclipse.swt.widgets.Display.runDeferredEvents(Display.java:4161)
	at org.eclipse.swt.widgets.Display.readAndDispatch(Display.java:3749)
	at org.eclipse.e4.ui.internal.workbench.swt.PartRenderingEngine$5.run(PartRenderingEngine.java:1160)
	at org.eclipse.core.databinding.observable.Realm.runWithDefault(Realm.java:339)
	at org.eclipse.e4.ui.internal.workbench.swt.PartRenderingEngine.run(PartRenderingEngine.java:1051)
	at org.eclipse.e4.ui.internal.workbench.E4Workbench.createAndRunUI(E4Workbench.java:153)
	at org.eclipse.ui.internal.Workbench.lambda$3(Workbench.java:680)
	at org.eclipse.core.databinding.observable.Realm.runWithDefault(Realm.java:339)
	at org.eclipse.ui.internal.Workbench.createAndRunWorkbench(Workbench.java:583)
	at org.eclipse.ui.PlatformUI.createAndRunWorkbench(PlatformUI.java:173)
	at org.eclipse.ui.internal.ide.application.IDEApplication.start(IDEApplication.java:193)
	at org.eclipse.equinox.internal.app.EclipseAppHandle.run(EclipseAppHandle.java:219)
	at org.eclipse.core.runtime.internal.adaptor.EclipseAppLauncher.runApplication(EclipseAppLauncher.java:149)
	at org.eclipse.core.runtime.internal.adaptor.EclipseAppLauncher.start(EclipseAppLauncher.java:115)
	at org.eclipse.core.runtime.adaptor.EclipseStarter.run(EclipseStarter.java:467)
	at org.eclipse.core.runtime.adaptor.EclipseStarter.run(EclipseStarter.java:298)
	at java.base/jdk.internal.reflect.DirectMethodHandleAccessor.invoke(DirectMethodHandleAccessor.java:104)
	at java.base/java.lang.reflect.Method.invoke(Method.java:565)
	at org.eclipse.equinox.launcher.Main.invokeFramework(Main.java:615)
	at org.eclipse.equinox.launcher.Main.basicRun(Main.java:563)
	at org.eclipse.equinox.launcher.Main.run(Main.java:1415)
	at org.eclipse.equinox.launcher.Main.main(Main.java:1387)
2026-10-06 10:35:25,719 [main] ERROR o.e.m.j.i.l.MavenLaunchConfigurationListener - Launch configuration New_configuration (1) references non-existing project ForLoop.
org.eclipse.core.runtime.CoreException: Launch configuration New_configuration (1) references non-existing project ForLoop.
	at org.eclipse.jdt.launching.JavaRuntime.abort(JavaRuntime.java:1915)
	at org.eclipse.jdt.launching.JavaRuntime.getJavaProject(JavaRuntime.java:1792)
	at org.eclipse.m2e.jdt.internal.launch.MavenLaunchConfigurationListener.updateLaunchConfiguration(MavenLaunchConfigurationListener.java:66)
	at org.eclipse.m2e.jdt.internal.launch.MavenLaunchConfigurationListener.launchConfigurationChanged(MavenLaunchConfigurationListener.java:52)
	at org.eclipse.debug.internal.core.LaunchManager$ConfigurationNotifier.run(LaunchManager.java:220)
	at org.eclipse.core.runtime.SafeRunner.run(SafeRunner.java:47)
	at org.eclipse.debug.internal.core.LaunchManager$ConfigurationNotifier.notify(LaunchManager.java:204)
	at org.eclipse.debug.internal.core.LaunchConfigurationWorkingCopy.setDirty(LaunchConfigurationWorkingCopy.java:527)
	at org.eclipse.debug.internal.core.LaunchConfigurationWorkingCopy.setAttribute(LaunchConfigurationWorkingCopy.java:415)
	at org.eclipse.jdt.debug.ui.launchConfigurations.JavaMainTab.performApply(JavaMainTab.java:235)
	at org.eclipse.debug.ui.AbstractLaunchConfigurationTabGroup.performApply(AbstractLaunchConfigurationTabGroup.java:106)
	at org.eclipse.debug.internal.ui.launchConfigurations.LaunchConfigurationTabGroupWrapper.performApply(LaunchConfigurationTabGroupWrapper.java:205)
	at org.eclipse.debug.internal.ui.launchConfigurations.LaunchConfigurationTabGroupViewer.handleApplyPressed(LaunchConfigurationTabGroupViewer.java:1524)
	at org.eclipse.debug.internal.ui.launchConfigurations.LaunchConfigurationsDialog.handleLaunchConfigurationSelectionChanged(LaunchConfigurationsDialog.java:1069)
	at org.eclipse.debug.internal.ui.launchConfigurations.LaunchConfigurationsDialog.lambda$1(LaunchConfigurationsDialog.java:612)
	at org.eclipse.jface.viewers.StructuredViewer$3.run(StructuredViewer.java:822)
	at org.eclipse.core.runtime.SafeRunner.run(SafeRunner.java:47)
	at org.eclipse.jface.util.SafeRunnable.run(SafeRunnable.java:169)
	at org.eclipse.jface.viewers.StructuredViewer.firePostSelectionChanged(StructuredViewer.java:819)
	at org.eclipse.jface.viewers.ColumnViewer.firePostSelectionChanged(ColumnViewer.java:1054)
	at org.eclipse.jface.viewers.StructuredViewer.handlePostSelect(StructuredViewer.java:1189)
	at org.eclipse.swt.events.SelectionListener$1.widgetSelected(SelectionListener.java:83)
	at org.eclipse.jface.util.OpenStrategy.firePostSelectionEvent(OpenStrategy.java:283)
	at org.eclipse.jface.util.OpenStrategy$1.lambda$1(OpenStrategy.java:437)
	at org.eclipse.swt.widgets.RunnableLock.run(RunnableLock.java:40)
	at org.eclipse.swt.widgets.Synchronizer.runAsyncMessages(Synchronizer.java:131)
	at org.eclipse.swt.widgets.Display.runAsyncMessages(Display.java:4136)
	at org.eclipse.swt.widgets.Display.readAndDispatch(Display.java:3752)
	at org.eclipse.jface.window.Window.runEventLoop(Window.java:819)
	at org.eclipse.jface.window.Window.open(Window.java:799)
	at org.eclipse.debug.internal.ui.launchConfigurations.LaunchConfigurationsDialog.open(LaunchConfigurationsDialog.java:1253)
	at org.eclipse.debug.ui.DebugUITools.lambda$1(DebugUITools.java:631)
	at org.eclipse.swt.custom.BusyIndicator.showWhile(BusyIndicator.java:69)
	at org.eclipse.debug.ui.DebugUITools.openLaunchConfigurationDialogOnGroup(DebugUITools.java:637)
	at org.eclipse.debug.ui.DebugUITools.openLaunchConfigurationDialogOnGroup(DebugUITools.java:575)
	at org.eclipse.debug.ui.actions.OpenLaunchDialogAction.run(OpenLaunchDialogAction.java:85)
	at org.eclipse.jface.action.Action.runWithEvent(Action.java:474)
	at org.eclipse.jface.action.ActionContributionItem.handleWidgetSelection(ActionContributionItem.java:581)
	at org.eclipse.jface.action.ActionContributionItem.lambda$4(ActionContributionItem.java:415)
	at org.eclipse.swt.widgets.EventTable.sendEvent(EventTable.java:91)
	at org.eclipse.swt.widgets.Display.sendEvent(Display.java:4363)
	at org.eclipse.swt.widgets.Widget.sendEvent(Widget.java:1217)
	at org.eclipse.swt.widgets.Widget.sendEvent(Widget.java:1241)
	at org.eclipse.swt.widgets.Widget.sendEvent(Widget.java:1226)
	at org.eclipse.swt.widgets.Widget.notifyListeners(Widget.java:863)
	at org.eclipse.jface.action.ActionContributionItem.lambda$8(ActionContributionItem.java:1204)
	at org.eclipse.swt.widgets.EventTable.sendEvent(EventTable.java:91)
	at org.eclipse.swt.widgets.Display.sendEvent(Display.java:4363)
	at org.eclipse.swt.widgets.Widget.sendEvent(Widget.java:1217)
	at org.eclipse.swt.widgets.Display.runDeferredEvents(Display.java:4161)
	at org.eclipse.swt.widgets.Display.readAndDispatch(Display.java:3749)
	at org.eclipse.e4.ui.internal.workbench.swt.PartRenderingEngine$5.run(PartRenderingEngine.java:1160)
	at org.eclipse.core.databinding.observable.Realm.runWithDefault(Realm.java:339)
	at org.eclipse.e4.ui.internal.workbench.swt.PartRenderingEngine.run(PartRenderingEngine.java:1051)
	at org.eclipse.e4.ui.internal.workbench.E4Workbench.createAndRunUI(E4Workbench.java:153)
	at org.eclipse.ui.internal.Workbench.lambda$3(Workbench.java:680)
	at org.eclipse.core.databinding.observable.Realm.runWithDefault(Realm.java:339)
	at org.eclipse.ui.internal.Workbench.createAndRunWorkbench(Workbench.java:583)
	at org.eclipse.ui.PlatformUI.createAndRunWorkbench(PlatformUI.java:173)
	at org.eclipse.ui.internal.ide.application.IDEApplication.start(IDEApplication.java:193)
	at org.eclipse.equinox.internal.app.EclipseAppHandle.run(EclipseAppHandle.java:219)
	at org.eclipse.core.runtime.internal.adaptor.EclipseAppLauncher.runApplication(EclipseAppLauncher.java:149)
	at org.eclipse.core.runtime.internal.adaptor.EclipseAppLauncher.start(EclipseAppLauncher.java:115)
	at org.eclipse.core.runtime.adaptor.EclipseStarter.run(EclipseStarter.java:467)
	at org.eclipse.core.runtime.adaptor.EclipseStarter.run(EclipseStarter.java:298)
	at java.base/jdk.internal.reflect.DirectMethodHandleAccessor.invoke(DirectMethodHandleAccessor.java:104)
	at java.base/java.lang.reflect.Method.invoke(Method.java:565)
	at org.eclipse.equinox.launcher.Main.invokeFramework(Main.java:615)
	at org.eclipse.equinox.launcher.Main.basicRun(Main.java:563)
	at org.eclipse.equinox.launcher.Main.run(Main.java:1415)
	at org.eclipse.equinox.launcher.Main.main(Main.java:1387)
2026-10-06 10:35:25,720 [main] ERROR o.e.m.j.i.l.MavenLaunchConfigurationListener - Launch configuration New_configuration (1) references non-existing project ForLoop.
org.eclipse.core.runtime.CoreException: Launch configuration New_configuration (1) references non-existing project ForLoop.
	at org.eclipse.jdt.launching.JavaRuntime.abort(JavaRuntime.java:1915)
	at org.eclipse.jdt.launching.JavaRuntime.getJavaProject(JavaRuntime.java:1792)
	at org.eclipse.m2e.jdt.internal.launch.MavenLaunchConfigurationListener.updateLaunchConfiguration(MavenLaunchConfigurationListener.java:66)
	at org.eclipse.m2e.jdt.internal.launch.MavenLaunchConfigurationListener.launchConfigurationChanged(MavenLaunchConfigurationListener.java:52)
	at org.eclipse.debug.internal.core.LaunchManager$ConfigurationNotifier.run(LaunchManager.java:220)
	at org.eclipse.core.runtime.SafeRunner.run(SafeRunner.java:47)
	at org.eclipse.debug.internal.core.LaunchManager$ConfigurationNotifier.notify(LaunchManager.java:204)
	at org.eclipse.debug.internal.core.LaunchConfigurationWorkingCopy.setDirty(LaunchConfigurationWorkingCopy.java:527)
	at org.eclipse.debug.internal.core.LaunchConfigurationWorkingCopy.setAttribute(LaunchConfigurationWorkingCopy.java:415)
	at org.eclipse.jdt.debug.ui.launchConfigurations.JavaMainTab.performApply(JavaMainTab.java:243)
	at org.eclipse.debug.ui.AbstractLaunchConfigurationTabGroup.performApply(AbstractLaunchConfigurationTabGroup.java:106)
	at org.eclipse.debug.internal.ui.launchConfigurations.LaunchConfigurationTabGroupWrapper.performApply(LaunchConfigurationTabGroupWrapper.java:205)
	at org.eclipse.debug.internal.ui.launchConfigurations.LaunchConfigurationTabGroupViewer.handleApplyPressed(LaunchConfigurationTabGroupViewer.java:1524)
	at org.eclipse.debug.internal.ui.launchConfigurations.LaunchConfigurationsDialog.handleLaunchConfigurationSelectionChanged(LaunchConfigurationsDialog.java:1069)
	at org.eclipse.debug.internal.ui.launchConfigurations.LaunchConfigurationsDialog.lambda$1(LaunchConfigurationsDialog.java:612)
	at org.eclipse.jface.viewers.StructuredViewer$3.run(StructuredViewer.java:822)
	at org.eclipse.core.runtime.SafeRunner.run(SafeRunner.java:47)
	at org.eclipse.jface.util.SafeRunnable.run(SafeRunnable.java:169)
	at org.eclipse.jface.viewers.StructuredViewer.firePostSelectionChanged(StructuredViewer.java:819)
	at org.eclipse.jface.viewers.ColumnViewer.firePostSelectionChanged(ColumnViewer.java:1054)
	at org.eclipse.jface.viewers.StructuredViewer.handlePostSelect(StructuredViewer.java:1189)
	at org.eclipse.swt.events.SelectionListener$1.widgetSelected(SelectionListener.java:83)
	at org.eclipse.jface.util.OpenStrategy.firePostSelectionEvent(OpenStrategy.java:283)
	at org.eclipse.jface.util.OpenStrategy$1.lambda$1(OpenStrategy.java:437)
	at org.eclipse.swt.widgets.RunnableLock.run(RunnableLock.java:40)
	at org.eclipse.swt.widgets.Synchronizer.runAsyncMessages(Synchronizer.java:131)
	at org.eclipse.swt.widgets.Display.runAsyncMessages(Display.java:4136)
	at org.eclipse.swt.widgets.Display.readAndDispatch(Display.java:3752)
	at org.eclipse.jface.window.Window.runEventLoop(Window.java:819)
	at org.eclipse.jface.window.Window.open(Window.java:799)
	at org.eclipse.debug.internal.ui.launchConfigurations.LaunchConfigurationsDialog.open(LaunchConfigurationsDialog.java:1253)
	at org.eclipse.debug.ui.DebugUITools.lambda$1(DebugUITools.java:631)
	at org.eclipse.swt.custom.BusyIndicator.showWhile(BusyIndicator.java:69)
	at org.eclipse.debug.ui.DebugUITools.openLaunchConfigurationDialogOnGroup(DebugUITools.java:637)
	at org.eclipse.debug.ui.DebugUITools.openLaunchConfigurationDialogOnGroup(DebugUITools.java:575)
	at org.eclipse.debug.ui.actions.OpenLaunchDialogAction.run(OpenLaunchDialogAction.java:85)
	at org.eclipse.jface.action.Action.runWithEvent(Action.java:474)
	at org.eclipse.jface.action.ActionContributionItem.handleWidgetSelection(ActionContributionItem.java:581)
	at org.eclipse.jface.action.ActionContributionItem.lambda$4(ActionContributionItem.java:415)
	at org.eclipse.swt.widgets.EventTable.sendEvent(EventTable.java:91)
	at org.eclipse.swt.widgets.Display.sendEvent(Display.java:4363)
	at org.eclipse.swt.widgets.Widget.sendEvent(Widget.java:1217)
	at org.eclipse.swt.widgets.Widget.sendEvent(Widget.java:1241)
	at org.eclipse.swt.widgets.Widget.sendEvent(Widget.java:1226)
	at org.eclipse.swt.widgets.Widget.notifyListeners(Widget.java:863)
	at org.eclipse.jface.action.ActionContributionItem.lambda$8(ActionContributionItem.java:1204)
	at org.eclipse.swt.widgets.EventTable.sendEvent(EventTable.java:91)
	at org.eclipse.swt.widgets.Display.sendEvent(Display.java:4363)
	at org.eclipse.swt.widgets.Widget.sendEvent(Widget.java:1217)
	at org.eclipse.swt.widgets.Display.runDeferredEvents(Display.java:4161)
	at org.eclipse.swt.widgets.Display.readAndDispatch(Display.java:3749)
	at org.eclipse.e4.ui.internal.workbench.swt.PartRenderingEngine$5.run(PartRenderingEngine.java:1160)
	at org.eclipse.core.databinding.observable.Realm.runWithDefault(Realm.java:339)
	at org.eclipse.e4.ui.internal.workbench.swt.PartRenderingEngine.run(PartRenderingEngine.java:1051)
	at org.eclipse.e4.ui.internal.workbench.E4Workbench.createAndRunUI(E4Workbench.java:153)
	at org.eclipse.ui.internal.Workbench.lambda$3(Workbench.java:680)
	at org.eclipse.core.databinding.observable.Realm.runWithDefault(Realm.java:339)
	at org.eclipse.ui.internal.Workbench.createAndRunWorkbench(Workbench.java:583)
	at org.eclipse.ui.PlatformUI.createAndRunWorkbench(PlatformUI.java:173)
	at org.eclipse.ui.internal.ide.application.IDEApplication.start(IDEApplication.java:193)
	at org.eclipse.equinox.internal.app.EclipseAppHandle.run(EclipseAppHandle.java:219)
	at org.eclipse.core.runtime.internal.adaptor.EclipseAppLauncher.runApplication(EclipseAppLauncher.java:149)
	at org.eclipse.core.runtime.internal.adaptor.EclipseAppLauncher.start(EclipseAppLauncher.java:115)
	at org.eclipse.core.runtime.adaptor.EclipseStarter.run(EclipseStarter.java:467)
	at org.eclipse.core.runtime.adaptor.EclipseStarter.run(EclipseStarter.java:298)
	at java.base/jdk.internal.reflect.DirectMethodHandleAccessor.invoke(DirectMethodHandleAccessor.java:104)
	at java.base/java.lang.reflect.Method.invoke(Method.java:565)
	at org.eclipse.equinox.launcher.Main.invokeFramework(Main.java:615)
	at org.eclipse.equinox.launcher.Main.basicRun(Main.java:563)
	at org.eclipse.equinox.launcher.Main.run(Main.java:1415)
	at org.eclipse.equinox.launcher.Main.main(Main.java:1387)
2026-10-06 10:35:25,721 [main] ERROR o.e.m.j.i.l.MavenLaunchConfigurationListener - Launch configuration New_configuration (1) references non-existing project ForLoop.
org.eclipse.core.runtime.CoreException: Launch configuration New_configuration (1) references non-existing project ForLoop.
	at org.eclipse.jdt.launching.JavaRuntime.abort(JavaRuntime.java:1915)
	at org.eclipse.jdt.launching.JavaRuntime.getJavaProject(JavaRuntime.java:1792)
	at org.eclipse.m2e.jdt.internal.launch.MavenLaunchConfigurationListener.updateLaunchConfiguration(MavenLaunchConfigurationListener.java:66)
	at org.eclipse.m2e.jdt.internal.launch.MavenLaunchConfigurationListener.launchConfigurationChanged(MavenLaunchConfigurationListener.java:52)
	at org.eclipse.debug.internal.core.LaunchManager$ConfigurationNotifier.run(LaunchManager.java:220)
	at org.eclipse.core.runtime.SafeRunner.run(SafeRunner.java:47)
	at org.eclipse.debug.internal.core.LaunchManager$ConfigurationNotifier.notify(LaunchManager.java:204)
	at org.eclipse.debug.internal.core.LaunchConfigurationWorkingCopy.setDirty(LaunchConfigurationWorkingCopy.java:527)
	at org.eclipse.debug.internal.core.LaunchConfigurationWorkingCopy.setAttribute(LaunchConfigurationWorkingCopy.java:415)
	at org.eclipse.jdt.debug.ui.launchConfigurations.JavaMainTab.performApply(JavaMainTab.java:251)
	at org.eclipse.debug.ui.AbstractLaunchConfigurationTabGroup.performApply(AbstractLaunchConfigurationTabGroup.java:106)
	at org.eclipse.debug.internal.ui.launchConfigurations.LaunchConfigurationTabGroupWrapper.performApply(LaunchConfigurationTabGroupWrapper.java:205)
	at org.eclipse.debug.internal.ui.launchConfigurations.LaunchConfigurationTabGroupViewer.handleApplyPressed(LaunchConfigurationTabGroupViewer.java:1524)
	at org.eclipse.debug.internal.ui.launchConfigurations.LaunchConfigurationsDialog.handleLaunchConfigurationSelectionChanged(LaunchConfigurationsDialog.java:1069)
	at org.eclipse.debug.internal.ui.launchConfigurations.LaunchConfigurationsDialog.lambda$1(LaunchConfigurationsDialog.java:612)
	at org.eclipse.jface.viewers.StructuredViewer$3.run(StructuredViewer.java:822)
	at org.eclipse.core.runtime.SafeRunner.run(SafeRunner.java:47)
	at org.eclipse.jface.util.SafeRunnable.run(SafeRunnable.java:169)
	at org.eclipse.jface.viewers.StructuredViewer.firePostSelectionChanged(StructuredViewer.java:819)
	at org.eclipse.jface.viewers.ColumnViewer.firePostSelectionChanged(ColumnViewer.java:1054)
	at org.eclipse.jface.viewers.StructuredViewer.handlePostSelect(StructuredViewer.java:1189)
	at org.eclipse.swt.events.SelectionListener$1.widgetSelected(SelectionListener.java:83)
	at org.eclipse.jface.util.OpenStrategy.firePostSelectionEvent(OpenStrategy.java:283)
	at org.eclipse.jface.util.OpenStrategy$1.lambda$1(OpenStrategy.java:437)
	at org.eclipse.swt.widgets.RunnableLock.run(RunnableLock.java:40)
	at org.eclipse.swt.widgets.Synchronizer.runAsyncMessages(Synchronizer.java:131)
	at org.eclipse.swt.widgets.Display.runAsyncMessages(Display.java:4136)
	at org.eclipse.swt.widgets.Display.readAndDispatch(Display.java:3752)
	at org.eclipse.jface.window.Window.runEventLoop(Window.java:819)
	at org.eclipse.jface.window.Window.open(Window.java:799)
	at org.eclipse.debug.internal.ui.launchConfigurations.LaunchConfigurationsDialog.open(LaunchConfigurationsDialog.java:1253)
	at org.eclipse.debug.ui.DebugUITools.lambda$1(DebugUITools.java:631)
	at org.eclipse.swt.custom.BusyIndicator.showWhile(BusyIndicator.java:69)
	at org.eclipse.debug.ui.DebugUITools.openLaunchConfigurationDialogOnGroup(DebugUITools.java:637)
	at org.eclipse.debug.ui.DebugUITools.openLaunchConfigurationDialogOnGroup(DebugUITools.java:575)
	at org.eclipse.debug.ui.actions.OpenLaunchDialogAction.run(OpenLaunchDialogAction.java:85)
	at org.eclipse.jface.action.Action.runWithEvent(Action.java:474)
	at org.eclipse.jface.action.ActionContributionItem.handleWidgetSelection(ActionContributionItem.java:581)
	at org.eclipse.jface.action.ActionContributionItem.lambda$4(ActionContributionItem.java:415)
	at org.eclipse.swt.widgets.EventTable.sendEvent(EventTable.java:91)
	at org.eclipse.swt.widgets.Display.sendEvent(Display.java:4363)
	at org.eclipse.swt.widgets.Widget.sendEvent(Widget.java:1217)
	at org.eclipse.swt.widgets.Widget.sendEvent(Widget.java:1241)
	at org.eclipse.swt.widgets.Widget.sendEvent(Widget.java:1226)
	at org.eclipse.swt.widgets.Widget.notifyListeners(Widget.java:863)
	at org.eclipse.jface.action.ActionContributionItem.lambda$8(ActionContributionItem.java:1204)
	at org.eclipse.swt.widgets.EventTable.sendEvent(EventTable.java:91)
	at org.eclipse.swt.widgets.Display.sendEvent(Display.java:4363)
	at org.eclipse.swt.widgets.Widget.sendEvent(Widget.java:1217)
	at org.eclipse.swt.widgets.Display.runDeferredEvents(Display.java:4161)
	at org.eclipse.swt.widgets.Display.readAndDispatch(Display.java:3749)
	at org.eclipse.e4.ui.internal.workbench.swt.PartRenderingEngine$5.run(PartRenderingEngine.java:1160)
	at org.eclipse.core.databinding.observable.Realm.runWithDefault(Realm.java:339)
	at org.eclipse.e4.ui.internal.workbench.swt.PartRenderingEngine.run(PartRenderingEngine.java:1051)
	at org.eclipse.e4.ui.internal.workbench.E4Workbench.createAndRunUI(E4Workbench.java:153)
	at org.eclipse.ui.internal.Workbench.lambda$3(Workbench.java:680)
	at org.eclipse.core.databinding.observable.Realm.runWithDefault(Realm.java:339)
	at org.eclipse.ui.internal.Workbench.createAndRunWorkbench(Workbench.java:583)
	at org.eclipse.ui.PlatformUI.createAndRunWorkbench(PlatformUI.java:173)
	at org.eclipse.ui.internal.ide.application.IDEApplication.start(IDEApplication.java:193)
	at org.eclipse.equinox.internal.app.EclipseAppHandle.run(EclipseAppHandle.java:219)
	at org.eclipse.core.runtime.internal.adaptor.EclipseAppLauncher.runApplication(EclipseAppLauncher.java:149)
	at org.eclipse.core.runtime.internal.adaptor.EclipseAppLauncher.start(EclipseAppLauncher.java:115)
	at org.eclipse.core.runtime.adaptor.EclipseStarter.run(EclipseStarter.java:467)
	at org.eclipse.core.runtime.adaptor.EclipseStarter.run(EclipseStarter.java:298)
	at java.base/jdk.internal.reflect.DirectMethodHandleAccessor.invoke(DirectMethodHandleAccessor.java:104)
	at java.base/java.lang.reflect.Method.invoke(Method.java:565)
	at org.eclipse.equinox.launcher.Main.invokeFramework(Main.java:615)
	at org.eclipse.equinox.launcher.Main.basicRun(Main.java:563)
	at org.eclipse.equinox.launcher.Main.run(Main.java:1415)
	at org.eclipse.equinox.launcher.Main.main(Main.java:1387)
2026-10-06 10:35:25,722 [main] ERROR o.e.m.j.i.l.MavenLaunchConfigurationListener - Launch configuration New_configuration (1) references non-existing project ForLoop.
org.eclipse.core.runtime.CoreException: Launch configuration New_configuration (1) references non-existing project ForLoop.
	at org.eclipse.jdt.launching.JavaRuntime.abort(JavaRuntime.java:1915)
	at org.eclipse.jdt.launching.JavaRuntime.getJavaProject(JavaRuntime.java:1792)
	at org.eclipse.m2e.jdt.internal.launch.MavenLaunchConfigurationListener.updateLaunchConfiguration(MavenLaunchConfigurationListener.java:66)
	at org.eclipse.m2e.jdt.internal.launch.MavenLaunchConfigurationListener.launchConfigurationChanged(MavenLaunchConfigurationListener.java:52)
	at org.eclipse.debug.internal.core.LaunchManager$ConfigurationNotifier.run(LaunchManager.java:220)
	at org.eclipse.core.runtime.SafeRunner.run(SafeRunner.java:47)
	at org.eclipse.debug.internal.core.LaunchManager$ConfigurationNotifier.notify(LaunchManager.java:204)
	at org.eclipse.debug.internal.core.LaunchConfigurationWorkingCopy.setDirty(LaunchConfigurationWorkingCopy.java:527)
	at org.eclipse.debug.internal.core.LaunchConfigurationWorkingCopy.setAttribute(LaunchConfigurationWorkingCopy.java:415)
	at org.eclipse.jdt.debug.ui.launchConfigurations.JavaMainTab.performApply(JavaMainTab.java:259)
	at org.eclipse.debug.ui.AbstractLaunchConfigurationTabGroup.performApply(AbstractLaunchConfigurationTabGroup.java:106)
	at org.eclipse.debug.internal.ui.launchConfigurations.LaunchConfigurationTabGroupWrapper.performApply(LaunchConfigurationTabGroupWrapper.java:205)
	at org.eclipse.debug.internal.ui.launchConfigurations.LaunchConfigurationTabGroupViewer.handleApplyPressed(LaunchConfigurationTabGroupViewer.java:1524)
	at org.eclipse.debug.internal.ui.launchConfigurations.LaunchConfigurationsDialog.handleLaunchConfigurationSelectionChanged(LaunchConfigurationsDialog.java:1069)
	at org.eclipse.debug.internal.ui.launchConfigurations.LaunchConfigurationsDialog.lambda$1(LaunchConfigurationsDialog.java:612)
	at org.eclipse.jface.viewers.StructuredViewer$3.run(StructuredViewer.java:822)
	at org.eclipse.core.runtime.SafeRunner.run(SafeRunner.java:47)
	at org.eclipse.jface.util.SafeRunnable.run(SafeRunnable.java:169)
	at org.eclipse.jface.viewers.StructuredViewer.firePostSelectionChanged(StructuredViewer.java:819)
	at org.eclipse.jface.viewers.ColumnViewer.firePostSelectionChanged(ColumnViewer.java:1054)
	at org.eclipse.jface.viewers.StructuredViewer.handlePostSelect(StructuredViewer.java:1189)
	at org.eclipse.swt.events.SelectionListener$1.widgetSelected(SelectionListener.java:83)
	at org.eclipse.jface.util.OpenStrategy.firePostSelectionEvent(OpenStrategy.java:283)
	at org.eclipse.jface.util.OpenStrategy$1.lambda$1(OpenStrategy.java:437)
	at org.eclipse.swt.widgets.RunnableLock.run(RunnableLock.java:40)
	at org.eclipse.swt.widgets.Synchronizer.runAsyncMessages(Synchronizer.java:131)
	at org.eclipse.swt.widgets.Display.runAsyncMessages(Display.java:4136)
	at org.eclipse.swt.widgets.Display.readAndDispatch(Display.java:3752)
	at org.eclipse.jface.window.Window.runEventLoop(Window.java:819)
	at org.eclipse.jface.window.Window.open(Window.java:799)
	at org.eclipse.debug.internal.ui.launchConfigurations.LaunchConfigurationsDialog.open(LaunchConfigurationsDialog.java:1253)
	at org.eclipse.debug.ui.DebugUITools.lambda$1(DebugUITools.java:631)
	at org.eclipse.swt.custom.BusyIndicator.showWhile(BusyIndicator.java:69)
	at org.eclipse.debug.ui.DebugUITools.openLaunchConfigurationDialogOnGroup(DebugUITools.java:637)
	at org.eclipse.debug.ui.DebugUITools.openLaunchConfigurationDialogOnGroup(DebugUITools.java:575)
	at org.eclipse.debug.ui.actions.OpenLaunchDialogAction.run(OpenLaunchDialogAction.java:85)
	at org.eclipse.jface.action.Action.runWithEvent(Action.java:474)
	at org.eclipse.jface.action.ActionContributionItem.handleWidgetSelection(ActionContributionItem.java:581)
	at org.eclipse.jface.action.ActionContributionItem.lambda$4(ActionContributionItem.java:415)
	at org.eclipse.swt.widgets.EventTable.sendEvent(EventTable.java:91)
	at org.eclipse.swt.widgets.Display.sendEvent(Display.java:4363)
	at org.eclipse.swt.widgets.Widget.sendEvent(Widget.java:1217)
	at org.eclipse.swt.widgets.Widget.sendEvent(Widget.java:1241)
	at org.eclipse.swt.widgets.Widget.sendEvent(Widget.java:1226)
	at org.eclipse.swt.widgets.Widget.notifyListeners(Widget.java:863)
	at org.eclipse.jface.action.ActionContributionItem.lambda$8(ActionContributionItem.java:1204)
	at org.eclipse.swt.widgets.EventTable.sendEvent(EventTable.java:91)
	at org.eclipse.swt.widgets.Display.sendEvent(Display.java:4363)
	at org.eclipse.swt.widgets.Widget.sendEvent(Widget.java:1217)
	at org.eclipse.swt.widgets.Display.runDeferredEvents(Display.java:4161)
	at org.eclipse.swt.widgets.Display.readAndDispatch(Display.java:3749)
	at org.eclipse.e4.ui.internal.workbench.swt.PartRenderingEngine$5.run(PartRenderingEngine.java:1160)
	at org.eclipse.core.databinding.observable.Realm.runWithDefault(Realm.java:339)
	at org.eclipse.e4.ui.internal.workbench.swt.PartRenderingEngine.run(PartRenderingEngine.java:1051)
	at org.eclipse.e4.ui.internal.workbench.E4Workbench.createAndRunUI(E4Workbench.java:153)
	at org.eclipse.ui.internal.Workbench.lambda$3(Workbench.java:680)
	at org.eclipse.core.databinding.observable.Realm.runWithDefault(Realm.java:339)
	at org.eclipse.ui.internal.Workbench.createAndRunWorkbench(Workbench.java:583)
	at org.eclipse.ui.PlatformUI.createAndRunWorkbench(PlatformUI.java:173)
	at org.eclipse.ui.internal.ide.application.IDEApplication.start(IDEApplication.java:193)
	at org.eclipse.equinox.internal.app.EclipseAppHandle.run(EclipseAppHandle.java:219)
	at org.eclipse.core.runtime.internal.adaptor.EclipseAppLauncher.runApplication(EclipseAppLauncher.java:149)
	at org.eclipse.core.runtime.internal.adaptor.EclipseAppLauncher.start(EclipseAppLauncher.java:115)
	at org.eclipse.core.runtime.adaptor.EclipseStarter.run(EclipseStarter.java:467)
	at org.eclipse.core.runtime.adaptor.EclipseStarter.run(EclipseStarter.java:298)
	at java.base/jdk.internal.reflect.DirectMethodHandleAccessor.invoke(DirectMethodHandleAccessor.java:104)
	at java.base/java.lang.reflect.Method.invoke(Method.java:565)
	at org.eclipse.equinox.launcher.Main.invokeFramework(Main.java:615)
	at org.eclipse.equinox.launcher.Main.basicRun(Main.java:563)
	at org.eclipse.equinox.launcher.Main.run(Main.java:1415)
	at org.eclipse.equinox.launcher.Main.main(Main.java:1387)
2026-10-06 10:35:25,723 [main] ERROR o.e.m.j.i.l.MavenLaunchConfigurationListener - Launch configuration New_configuration (1) references non-existing project ForLoop.
org.eclipse.core.runtime.CoreException: Launch configuration New_configuration (1) references non-existing project ForLoop.
	at org.eclipse.jdt.launching.JavaRuntime.abort(JavaRuntime.java:1915)
	at org.eclipse.jdt.launching.JavaRuntime.getJavaProject(JavaRuntime.java:1792)
	at org.eclipse.m2e.jdt.internal.launch.MavenLaunchConfigurationListener.updateLaunchConfiguration(MavenLaunchConfigurationListener.java:66)
	at org.eclipse.m2e.jdt.internal.launch.MavenLaunchConfigurationListener.launchConfigurationChanged(MavenLaunchConfigurationListener.java:52)
	at org.eclipse.debug.internal.core.LaunchManager$ConfigurationNotifier.run(LaunchManager.java:220)
	at org.eclipse.core.runtime.SafeRunner.run(SafeRunner.java:47)
	at org.eclipse.debug.internal.core.LaunchManager$ConfigurationNotifier.notify(LaunchManager.java:204)
	at org.eclipse.debug.internal.core.LaunchConfigurationWorkingCopy.setDirty(LaunchConfigurationWorkingCopy.java:527)
	at org.eclipse.debug.internal.core.LaunchConfigurationWorkingCopy.setAttribute(LaunchConfigurationWorkingCopy.java:415)
	at org.eclipse.jdt.debug.ui.launchConfigurations.JavaArgumentsTab.performApply(JavaArgumentsTab.java:217)
	at org.eclipse.debug.ui.AbstractLaunchConfigurationTabGroup.performApply(AbstractLaunchConfigurationTabGroup.java:106)
	at org.eclipse.debug.internal.ui.launchConfigurations.LaunchConfigurationTabGroupWrapper.performApply(LaunchConfigurationTabGroupWrapper.java:205)
	at org.eclipse.debug.internal.ui.launchConfigurations.LaunchConfigurationTabGroupViewer.handleApplyPressed(LaunchConfigurationTabGroupViewer.java:1524)
	at org.eclipse.debug.internal.ui.launchConfigurations.LaunchConfigurationsDialog.handleLaunchConfigurationSelectionChanged(LaunchConfigurationsDialog.java:1069)
	at org.eclipse.debug.internal.ui.launchConfigurations.LaunchConfigurationsDialog.lambda$1(LaunchConfigurationsDialog.java:612)
	at org.eclipse.jface.viewers.StructuredViewer$3.run(StructuredViewer.java:822)
	at org.eclipse.core.runtime.SafeRunner.run(SafeRunner.java:47)
	at org.eclipse.jface.util.SafeRunnable.run(SafeRunnable.java:169)
	at org.eclipse.jface.viewers.StructuredViewer.firePostSelectionChanged(StructuredViewer.java:819)
	at org.eclipse.jface.viewers.ColumnViewer.firePostSelectionChanged(ColumnViewer.java:1054)
	at org.eclipse.jface.viewers.StructuredViewer.handlePostSelect(StructuredViewer.java:1189)
	at org.eclipse.swt.events.SelectionListener$1.widgetSelected(SelectionListener.java:83)
	at org.eclipse.jface.util.OpenStrategy.firePostSelectionEvent(OpenStrategy.java:283)
	at org.eclipse.jface.util.OpenStrategy$1.lambda$1(OpenStrategy.java:437)
	at org.eclipse.swt.widgets.RunnableLock.run(RunnableLock.java:40)
	at org.eclipse.swt.widgets.Synchronizer.runAsyncMessages(Synchronizer.java:131)
	at org.eclipse.swt.widgets.Display.runAsyncMessages(Display.java:4136)
	at org.eclipse.swt.widgets.Display.readAndDispatch(Display.java:3752)
	at org.eclipse.jface.window.Window.runEventLoop(Window.java:819)
	at org.eclipse.jface.window.Window.open(Window.java:799)
	at org.eclipse.debug.internal.ui.launchConfigurations.LaunchConfigurationsDialog.open(LaunchConfigurationsDialog.java:1253)
	at org.eclipse.debug.ui.DebugUITools.lambda$1(DebugUITools.java:631)
	at org.eclipse.swt.custom.BusyIndicator.showWhile(BusyIndicator.java:69)
	at org.eclipse.debug.ui.DebugUITools.openLaunchConfigurationDialogOnGroup(DebugUITools.java:637)
	at org.eclipse.debug.ui.DebugUITools.openLaunchConfigurationDialogOnGroup(DebugUITools.java:575)
	at org.eclipse.debug.ui.actions.OpenLaunchDialogAction.run(OpenLaunchDialogAction.java:85)
	at org.eclipse.jface.action.Action.runWithEvent(Action.java:474)
	at org.eclipse.jface.action.ActionContributionItem.handleWidgetSelection(ActionContributionItem.java:581)
	at org.eclipse.jface.action.ActionContributionItem.lambda$4(ActionContributionItem.java:415)
	at org.eclipse.swt.widgets.EventTable.sendEvent(EventTable.java:91)
	at org.eclipse.swt.widgets.Display.sendEvent(Display.java:4363)
	at org.eclipse.swt.widgets.Widget.sendEvent(Widget.java:1217)
	at org.eclipse.swt.widgets.Widget.sendEvent(Widget.java:1241)
	at org.eclipse.swt.widgets.Widget.sendEvent(Widget.java:1226)
	at org.eclipse.swt.widgets.Widget.notifyListeners(Widget.java:863)
	at org.eclipse.jface.action.ActionContributionItem.lambda$8(ActionContributionItem.java:1204)
	at org.eclipse.swt.widgets.EventTable.sendEvent(EventTable.java:91)
	at org.eclipse.swt.widgets.Display.sendEvent(Display.java:4363)
	at org.eclipse.swt.widgets.Widget.sendEvent(Widget.java:1217)
	at org.eclipse.swt.widgets.Display.runDeferredEvents(Display.java:4161)
	at org.eclipse.swt.widgets.Display.readAndDispatch(Display.java:3749)
	at org.eclipse.e4.ui.internal.workbench.swt.PartRenderingEngine$5.run(PartRenderingEngine.java:1160)
	at org.eclipse.core.databinding.observable.Realm.runWithDefault(Realm.java:339)
	at org.eclipse.e4.ui.internal.workbench.swt.PartRenderingEngine.run(PartRenderingEngine.java:1051)
	at org.eclipse.e4.ui.internal.workbench.E4Workbench.createAndRunUI(E4Workbench.java:153)
	at org.eclipse.ui.internal.Workbench.lambda$3(Workbench.java:680)
	at org.eclipse.core.databinding.observable.Realm.runWithDefault(Realm.java:339)
	at org.eclipse.ui.internal.Workbench.createAndRunWorkbench(Workbench.java:583)
	at org.eclipse.ui.PlatformUI.createAndRunWorkbench(PlatformUI.java:173)
	at org.eclipse.ui.internal.ide.application.IDEApplication.start(IDEApplication.java:193)
	at org.eclipse.equinox.internal.app.EclipseAppHandle.run(EclipseAppHandle.java:219)
	at org.eclipse.core.runtime.internal.adaptor.EclipseAppLauncher.runApplication(EclipseAppLauncher.java:149)
	at org.eclipse.core.runtime.internal.adaptor.EclipseAppLauncher.start(EclipseAppLauncher.java:115)
	at org.eclipse.core.runtime.adaptor.EclipseStarter.run(EclipseStarter.java:467)
	at org.eclipse.core.runtime.adaptor.EclipseStarter.run(EclipseStarter.java:298)
	at java.base/jdk.internal.reflect.DirectMethodHandleAccessor.invoke(DirectMethodHandleAccessor.java:104)
	at java.base/java.lang.reflect.Method.invoke(Method.java:565)
	at org.eclipse.equinox.launcher.Main.invokeFramework(Main.java:615)
	at org.eclipse.equinox.launcher.Main.basicRun(Main.java:563)
	at org.eclipse.equinox.launcher.Main.run(Main.java:1415)
	at org.eclipse.equinox.launcher.Main.main(Main.java:1387)
2026-10-06 10:35:25,726 [main] ERROR o.e.m.j.i.l.MavenLaunchConfigurationListener - Launch configuration New_configuration (1) references non-existing project ForLoop.
org.eclipse.core.runtime.CoreException: Launch configuration New_configuration (1) references non-existing project ForLoop.
	at org.eclipse.jdt.launching.JavaRuntime.abort(JavaRuntime.java:1915)
	at org.eclipse.jdt.launching.JavaRuntime.getJavaProject(JavaRuntime.java:1792)
	at org.eclipse.m2e.jdt.internal.launch.MavenLaunchConfigurationListener.updateLaunchConfiguration(MavenLaunchConfigurationListener.java:66)
	at org.eclipse.m2e.jdt.internal.launch.MavenLaunchConfigurationListener.launchConfigurationChanged(MavenLaunchConfigurationListener.java:52)
	at org.eclipse.debug.internal.core.LaunchManager$ConfigurationNotifier.run(LaunchManager.java:220)
	at org.eclipse.core.runtime.SafeRunner.run(SafeRunner.java:47)
	at org.eclipse.debug.internal.core.LaunchManager$ConfigurationNotifier.notify(LaunchManager.java:204)
	at org.eclipse.debug.internal.core.LaunchConfigurationWorkingCopy.setDirty(LaunchConfigurationWorkingCopy.java:527)
	at org.eclipse.debug.internal.core.LaunchConfigurationWorkingCopy.setAttribute(LaunchConfigurationWorkingCopy.java:415)
	at org.eclipse.jdt.internal.debug.ui.launcher.VMArgumentsBlock.performApply(VMArgumentsBlock.java:175)
	at org.eclipse.jdt.debug.ui.launchConfigurations.JavaArgumentsTab.performApply(JavaArgumentsTab.java:218)
	at org.eclipse.debug.ui.AbstractLaunchConfigurationTabGroup.performApply(AbstractLaunchConfigurationTabGroup.java:106)
	at org.eclipse.debug.internal.ui.launchConfigurations.LaunchConfigurationTabGroupWrapper.performApply(LaunchConfigurationTabGroupWrapper.java:205)
	at org.eclipse.debug.internal.ui.launchConfigurations.LaunchConfigurationTabGroupViewer.handleApplyPressed(LaunchConfigurationTabGroupViewer.java:1524)
	at org.eclipse.debug.internal.ui.launchConfigurations.LaunchConfigurationsDialog.handleLaunchConfigurationSelectionChanged(LaunchConfigurationsDialog.java:1069)
	at org.eclipse.debug.internal.ui.launchConfigurations.LaunchConfigurationsDialog.lambda$1(LaunchConfigurationsDialog.java:612)
	at org.eclipse.jface.viewers.StructuredViewer$3.run(StructuredViewer.java:822)
	at org.eclipse.core.runtime.SafeRunner.run(SafeRunner.java:47)
	at org.eclipse.jface.util.SafeRunnable.run(SafeRunnable.java:169)
	at org.eclipse.jface.viewers.StructuredViewer.firePostSelectionChanged(StructuredViewer.java:819)
	at org.eclipse.jface.viewers.ColumnViewer.firePostSelectionChanged(ColumnViewer.java:1054)
	at org.eclipse.jface.viewers.StructuredViewer.handlePostSelect(StructuredViewer.java:1189)
	at org.eclipse.swt.events.SelectionListener$1.widgetSelected(SelectionListener.java:83)
	at org.eclipse.jface.util.OpenStrategy.firePostSelectionEvent(OpenStrategy.java:283)
	at org.eclipse.jface.util.OpenStrategy$1.lambda$1(OpenStrategy.java:437)
	at org.eclipse.swt.widgets.RunnableLock.run(RunnableLock.java:40)
	at org.eclipse.swt.widgets.Synchronizer.runAsyncMessages(Synchronizer.java:131)
	at org.eclipse.swt.widgets.Display.runAsyncMessages(Display.java:4136)
	at org.eclipse.swt.widgets.Display.readAndDispatch(Display.java:3752)
	at org.eclipse.jface.window.Window.runEventLoop(Window.java:819)
	at org.eclipse.jface.window.Window.open(Window.java:799)
	at org.eclipse.debug.internal.ui.launchConfigurations.LaunchConfigurationsDialog.open(LaunchConfigurationsDialog.java:1253)
	at org.eclipse.debug.ui.DebugUITools.lambda$1(DebugUITools.java:631)
	at org.eclipse.swt.custom.BusyIndicator.showWhile(BusyIndicator.java:69)
	at org.eclipse.debug.ui.DebugUITools.openLaunchConfigurationDialogOnGroup(DebugUITools.java:637)
	at org.eclipse.debug.ui.DebugUITools.openLaunchConfigurationDialogOnGroup(DebugUITools.java:575)
	at org.eclipse.debug.ui.actions.OpenLaunchDialogAction.run(OpenLaunchDialogAction.java:85)
	at org.eclipse.jface.action.Action.runWithEvent(Action.java:474)
	at org.eclipse.jface.action.ActionContributionItem.handleWidgetSelection(ActionContributionItem.java:581)
	at org.eclipse.jface.action.ActionContributionItem.lambda$4(ActionContributionItem.java:415)
	at org.eclipse.swt.widgets.EventTable.sendEvent(EventTable.java:91)
	at org.eclipse.swt.widgets.Display.sendEvent(Display.java:4363)
	at org.eclipse.swt.widgets.Widget.sendEvent(Widget.java:1217)
	at org.eclipse.swt.widgets.Widget.sendEvent(Widget.java:1241)
	at org.eclipse.swt.widgets.Widget.sendEvent(Widget.java:1226)
	at org.eclipse.swt.widgets.Widget.notifyListeners(Widget.java:863)
	at org.eclipse.jface.action.ActionContributionItem.lambda$8(ActionContributionItem.java:1204)
	at org.eclipse.swt.widgets.EventTable.sendEvent(EventTable.java:91)
	at org.eclipse.swt.widgets.Display.sendEvent(Display.java:4363)
	at org.eclipse.swt.widgets.Widget.sendEvent(Widget.java:1217)
	at org.eclipse.swt.widgets.Display.runDeferredEvents(Display.java:4161)
	at org.eclipse.swt.widgets.Display.readAndDispatch(Display.java:3749)
	at org.eclipse.e4.ui.internal.workbench.swt.PartRenderingEngine$5.run(PartRenderingEngine.java:1160)
	at org.eclipse.core.databinding.observable.Realm.runWithDefault(Realm.java:339)
	at org.eclipse.e4.ui.internal.workbench.swt.PartRenderingEngine.run(PartRenderingEngine.java:1051)
	at org.eclipse.e4.ui.internal.workbench.E4Workbench.createAndRunUI(E4Workbench.java:153)
	at org.eclipse.ui.internal.Workbench.lambda$3(Workbench.java:680)
	at org.eclipse.core.databinding.observable.Realm.runWithDefault(Realm.java:339)
	at org.eclipse.ui.internal.Workbench.createAndRunWorkbench(Workbench.java:583)
	at org.eclipse.ui.PlatformUI.createAndRunWorkbench(PlatformUI.java:173)
	at org.eclipse.ui.internal.ide.application.IDEApplication.start(IDEApplication.java:193)
	at org.eclipse.equinox.internal.app.EclipseAppHandle.run(EclipseAppHandle.java:219)
	at org.eclipse.core.runtime.internal.adaptor.EclipseAppLauncher.runApplication(EclipseAppLauncher.java:149)
	at org.eclipse.core.runtime.internal.adaptor.EclipseAppLauncher.start(EclipseAppLauncher.java:115)
	at org.eclipse.core.runtime.adaptor.EclipseStarter.run(EclipseStarter.java:467)
	at org.eclipse.core.runtime.adaptor.EclipseStarter.run(EclipseStarter.java:298)
	at java.base/jdk.internal.reflect.DirectMethodHandleAccessor.invoke(DirectMethodHandleAccessor.java:104)
	at java.base/java.lang.reflect.Method.invoke(Method.java:565)
	at org.eclipse.equinox.launcher.Main.invokeFramework(Main.java:615)
	at org.eclipse.equinox.launcher.Main.basicRun(Main.java:563)
	at org.eclipse.equinox.launcher.Main.run(Main.java:1415)
	at org.eclipse.equinox.launcher.Main.main(Main.java:1387)
2026-10-06 10:35:25,727 [main] ERROR o.e.m.j.i.l.MavenLaunchConfigurationListener - Launch configuration New_configuration (1) references non-existing project ForLoop.
org.eclipse.core.runtime.CoreException: Launch configuration New_configuration (1) references non-existing project ForLoop.
	at org.eclipse.jdt.launching.JavaRuntime.abort(JavaRuntime.java:1915)
	at org.eclipse.jdt.launching.JavaRuntime.getJavaProject(JavaRuntime.java:1792)
	at org.eclipse.m2e.jdt.internal.launch.MavenLaunchConfigurationListener.updateLaunchConfiguration(MavenLaunchConfigurationListener.java:66)
	at org.eclipse.m2e.jdt.internal.launch.MavenLaunchConfigurationListener.launchConfigurationChanged(MavenLaunchConfigurationListener.java:52)
	at org.eclipse.debug.internal.core.LaunchManager$ConfigurationNotifier.run(LaunchManager.java:220)
	at org.eclipse.core.runtime.SafeRunner.run(SafeRunner.java:47)
	at org.eclipse.debug.internal.core.LaunchManager$ConfigurationNotifier.notify(LaunchManager.java:204)
	at org.eclipse.debug.internal.core.LaunchConfigurationWorkingCopy.setDirty(LaunchConfigurationWorkingCopy.java:527)
	at org.eclipse.debug.internal.core.LaunchConfigurationWorkingCopy.setAttribute(LaunchConfigurationWorkingCopy.java:415)
	at org.eclipse.debug.ui.WorkingDirectoryBlock.performApply(WorkingDirectoryBlock.java:387)
	at org.eclipse.jdt.debug.ui.launchConfigurations.JavaArgumentsTab.performApply(JavaArgumentsTab.java:219)
	at org.eclipse.debug.ui.AbstractLaunchConfigurationTabGroup.performApply(AbstractLaunchConfigurationTabGroup.java:106)
	at org.eclipse.debug.internal.ui.launchConfigurations.LaunchConfigurationTabGroupWrapper.performApply(LaunchConfigurationTabGroupWrapper.java:205)
	at org.eclipse.debug.internal.ui.launchConfigurations.LaunchConfigurationTabGroupViewer.handleApplyPressed(LaunchConfigurationTabGroupViewer.java:1524)
	at org.eclipse.debug.internal.ui.launchConfigurations.LaunchConfigurationsDialog.handleLaunchConfigurationSelectionChanged(LaunchConfigurationsDialog.java:1069)
	at org.eclipse.debug.internal.ui.launchConfigurations.LaunchConfigurationsDialog.lambda$1(LaunchConfigurationsDialog.java:612)
	at org.eclipse.jface.viewers.StructuredViewer$3.run(StructuredViewer.java:822)
	at org.eclipse.core.runtime.SafeRunner.run(SafeRunner.java:47)
	at org.eclipse.jface.util.SafeRunnable.run(SafeRunnable.java:169)
	at org.eclipse.jface.viewers.StructuredViewer.firePostSelectionChanged(StructuredViewer.java:819)
	at org.eclipse.jface.viewers.ColumnViewer.firePostSelectionChanged(ColumnViewer.java:1054)
	at org.eclipse.jface.viewers.StructuredViewer.handlePostSelect(StructuredViewer.java:1189)
	at org.eclipse.swt.events.SelectionListener$1.widgetSelected(SelectionListener.java:83)
	at org.eclipse.jface.util.OpenStrategy.firePostSelectionEvent(OpenStrategy.java:283)
	at org.eclipse.jface.util.OpenStrategy$1.lambda$1(OpenStrategy.java:437)
	at org.eclipse.swt.widgets.RunnableLock.run(RunnableLock.java:40)
	at org.eclipse.swt.widgets.Synchronizer.runAsyncMessages(Synchronizer.java:131)
	at org.eclipse.swt.widgets.Display.runAsyncMessages(Display.java:4136)
	at org.eclipse.swt.widgets.Display.readAndDispatch(Display.java:3752)
	at org.eclipse.jface.window.Window.runEventLoop(Window.java:819)
	at org.eclipse.jface.window.Window.open(Window.java:799)
	at org.eclipse.debug.internal.ui.launchConfigurations.LaunchConfigurationsDialog.open(LaunchConfigurationsDialog.java:1253)
	at org.eclipse.debug.ui.DebugUITools.lambda$1(DebugUITools.java:631)
	at org.eclipse.swt.custom.BusyIndicator.showWhile(BusyIndicator.java:69)
	at org.eclipse.debug.ui.DebugUITools.openLaunchConfigurationDialogOnGroup(DebugUITools.java:637)
	at org.eclipse.debug.ui.DebugUITools.openLaunchConfigurationDialogOnGroup(DebugUITools.java:575)
	at org.eclipse.debug.ui.actions.OpenLaunchDialogAction.run(OpenLaunchDialogAction.java:85)
	at org.eclipse.jface.action.Action.runWithEvent(Action.java:474)
	at org.eclipse.jface.action.ActionContributionItem.handleWidgetSelection(ActionContributionItem.java:581)
	at org.eclipse.jface.action.ActionContributionItem.lambda$4(ActionContributionItem.java:415)
	at org.eclipse.swt.widgets.EventTable.sendEvent(EventTable.java:91)
	at org.eclipse.swt.widgets.Display.sendEvent(Display.java:4363)
	at org.eclipse.swt.widgets.Widget.sendEvent(Widget.java:1217)
	at org.eclipse.swt.widgets.Widget.sendEvent(Widget.java:1241)
	at org.eclipse.swt.widgets.Widget.sendEvent(Widget.java:1226)
	at org.eclipse.swt.widgets.Widget.notifyListeners(Widget.java:863)
	at org.eclipse.jface.action.ActionContributionItem.lambda$8(ActionContributionItem.java:1204)
	at org.eclipse.swt.widgets.EventTable.sendEvent(EventTable.java:91)
	at org.eclipse.swt.widgets.Display.sendEvent(Display.java:4363)
	at org.eclipse.swt.widgets.Widget.sendEvent(Widget.java:1217)
	at org.eclipse.swt.widgets.Display.runDeferredEvents(Display.java:4161)
	at org.eclipse.swt.widgets.Display.readAndDispatch(Display.java:3749)
	at org.eclipse.e4.ui.internal.workbench.swt.PartRenderingEngine$5.run(PartRenderingEngine.java:1160)
	at org.eclipse.core.databinding.observable.Realm.runWithDefault(Realm.java:339)
	at org.eclipse.e4.ui.internal.workbench.swt.PartRenderingEngine.run(PartRenderingEngine.java:1051)
	at org.eclipse.e4.ui.internal.workbench.E4Workbench.createAndRunUI(E4Workbench.java:153)
	at org.eclipse.ui.internal.Workbench.lambda$3(Workbench.java:680)
	at org.eclipse.core.databinding.observable.Realm.runWithDefault(Realm.java:339)
	at org.eclipse.ui.internal.Workbench.createAndRunWorkbench(Workbench.java:583)
	at org.eclipse.ui.PlatformUI.createAndRunWorkbench(PlatformUI.java:173)
	at org.eclipse.ui.internal.ide.application.IDEApplication.start(IDEApplication.java:193)
	at org.eclipse.equinox.internal.app.EclipseAppHandle.run(EclipseAppHandle.java:219)
	at org.eclipse.core.runtime.internal.adaptor.EclipseAppLauncher.runApplication(EclipseAppLauncher.java:149)
	at org.eclipse.core.runtime.internal.adaptor.EclipseAppLauncher.start(EclipseAppLauncher.java:115)
	at org.eclipse.core.runtime.adaptor.EclipseStarter.run(EclipseStarter.java:467)
	at org.eclipse.core.runtime.adaptor.EclipseStarter.run(EclipseStarter.java:298)
	at java.base/jdk.internal.reflect.DirectMethodHandleAccessor.invoke(DirectMethodHandleAccessor.java:104)
	at java.base/java.lang.reflect.Method.invoke(Method.java:565)
	at org.eclipse.equinox.launcher.Main.invokeFramework(Main.java:615)
	at org.eclipse.equinox.launcher.Main.basicRun(Main.java:563)
	at org.eclipse.equinox.launcher.Main.run(Main.java:1415)
	at org.eclipse.equinox.launcher.Main.main(Main.java:1387)
2026-10-06 10:35:25,728 [main] ERROR o.e.m.j.i.l.MavenLaunchConfigurationListener - Launch configuration New_configuration (1) references non-existing project ForLoop.
org.eclipse.core.runtime.CoreException: Launch configuration New_configuration (1) references non-existing project ForLoop.
	at org.eclipse.jdt.launching.JavaRuntime.abort(JavaRuntime.java:1915)
	at org.eclipse.jdt.launching.JavaRuntime.getJavaProject(JavaRuntime.java:1792)
	at org.eclipse.m2e.jdt.internal.launch.MavenLaunchConfigurationListener.updateLaunchConfiguration(MavenLaunchConfigurationListener.java:66)
	at org.eclipse.m2e.jdt.internal.launch.MavenLaunchConfigurationListener.launchConfigurationChanged(MavenLaunchConfigurationListener.java:52)
	at org.eclipse.debug.internal.core.LaunchManager$ConfigurationNotifier.run(LaunchManager.java:220)
	at org.eclipse.core.runtime.SafeRunner.run(SafeRunner.java:47)
	at org.eclipse.debug.internal.core.LaunchManager$ConfigurationNotifier.notify(LaunchManager.java:204)
	at org.eclipse.debug.internal.core.LaunchConfigurationWorkingCopy.setDirty(LaunchConfigurationWorkingCopy.java:527)
	at org.eclipse.debug.internal.core.LaunchConfigurationWorkingCopy.setAttribute(LaunchConfigurationWorkingCopy.java:415)
	at org.eclipse.jdt.debug.ui.launchConfigurations.JavaJRETab.performApply(JavaJRETab.java:213)
	at org.eclipse.debug.ui.AbstractLaunchConfigurationTabGroup.performApply(AbstractLaunchConfigurationTabGroup.java:106)
	at org.eclipse.debug.internal.ui.launchConfigurations.LaunchConfigurationTabGroupWrapper.performApply(LaunchConfigurationTabGroupWrapper.java:205)
	at org.eclipse.debug.internal.ui.launchConfigurations.LaunchConfigurationTabGroupViewer.handleApplyPressed(LaunchConfigurationTabGroupViewer.java:1524)
	at org.eclipse.debug.internal.ui.launchConfigurations.LaunchConfigurationsDialog.handleLaunchConfigurationSelectionChanged(LaunchConfigurationsDialog.java:1069)
	at org.eclipse.debug.internal.ui.launchConfigurations.LaunchConfigurationsDialog.lambda$1(LaunchConfigurationsDialog.java:612)
	at org.eclipse.jface.viewers.StructuredViewer$3.run(StructuredViewer.java:822)
	at org.eclipse.core.runtime.SafeRunner.run(SafeRunner.java:47)
	at org.eclipse.jface.util.SafeRunnable.run(SafeRunnable.java:169)
	at org.eclipse.jface.viewers.StructuredViewer.firePostSelectionChanged(StructuredViewer.java:819)
	at org.eclipse.jface.viewers.ColumnViewer.firePostSelectionChanged(ColumnViewer.java:1054)
	at org.eclipse.jface.viewers.StructuredViewer.handlePostSelect(StructuredViewer.java:1189)
	at org.eclipse.swt.events.SelectionListener$1.widgetSelected(SelectionListener.java:83)
	at org.eclipse.jface.util.OpenStrategy.firePostSelectionEvent(OpenStrategy.java:283)
	at org.eclipse.jface.util.OpenStrategy$1.lambda$1(OpenStrategy.java:437)
	at org.eclipse.swt.widgets.RunnableLock.run(RunnableLock.java:40)
	at org.eclipse.swt.widgets.Synchronizer.runAsyncMessages(Synchronizer.java:131)
	at org.eclipse.swt.widgets.Display.runAsyncMessages(Display.java:4136)
	at org.eclipse.swt.widgets.Display.readAndDispatch(Display.java:3752)
	at org.eclipse.jface.window.Window.runEventLoop(Window.java:819)
	at org.eclipse.jface.window.Window.open(Window.java:799)
	at org.eclipse.debug.internal.ui.launchConfigurations.LaunchConfigurationsDialog.open(LaunchConfigurationsDialog.java:1253)
	at org.eclipse.debug.ui.DebugUITools.lambda$1(DebugUITools.java:631)
	at org.eclipse.swt.custom.BusyIndicator.showWhile(BusyIndicator.java:69)
	at org.eclipse.debug.ui.DebugUITools.openLaunchConfigurationDialogOnGroup(DebugUITools.java:637)
	at org.eclipse.debug.ui.DebugUITools.openLaunchConfigurationDialogOnGroup(DebugUITools.java:575)
	at org.eclipse.debug.ui.actions.OpenLaunchDialogAction.run(OpenLaunchDialogAction.java:85)
	at org.eclipse.jface.action.Action.runWithEvent(Action.java:474)
	at org.eclipse.jface.action.ActionContributionItem.handleWidgetSelection(ActionContributionItem.java:581)
	at org.eclipse.jface.action.ActionContributionItem.lambda$4(ActionContributionItem.java:415)
	at org.eclipse.swt.widgets.EventTable.sendEvent(EventTable.java:91)
	at org.eclipse.swt.widgets.Display.sendEvent(Display.java:4363)
	at org.eclipse.swt.widgets.Widget.sendEvent(Widget.java:1217)
	at org.eclipse.swt.widgets.Widget.sendEvent(Widget.java:1241)
	at org.eclipse.swt.widgets.Widget.sendEvent(Widget.java:1226)
	at org.eclipse.swt.widgets.Widget.notifyListeners(Widget.java:863)
	at org.eclipse.jface.action.ActionContributionItem.lambda$8(ActionContributionItem.java:1204)
	at org.eclipse.swt.widgets.EventTable.sendEvent(EventTable.java:91)
	at org.eclipse.swt.widgets.Display.sendEvent(Display.java:4363)
	at org.eclipse.swt.widgets.Widget.sendEvent(Widget.java:1217)
	at org.eclipse.swt.widgets.Display.runDeferredEvents(Display.java:4161)
	at org.eclipse.swt.widgets.Display.readAndDispatch(Display.java:3749)
	at org.eclipse.e4.ui.internal.workbench.swt.PartRenderingEngine$5.run(PartRenderingEngine.java:1160)
	at org.eclipse.core.databinding.observable.Realm.runWithDefault(Realm.java:339)
	at org.eclipse.e4.ui.internal.workbench.swt.PartRenderingEngine.run(PartRenderingEngine.java:1051)
	at org.eclipse.e4.ui.internal.workbench.E4Workbench.createAndRunUI(E4Workbench.java:153)
	at org.eclipse.ui.internal.Workbench.lambda$3(Workbench.java:680)
	at org.eclipse.core.databinding.observable.Realm.runWithDefault(Realm.java:339)
	at org.eclipse.ui.internal.Workbench.createAndRunWorkbench(Workbench.java:583)
	at org.eclipse.ui.PlatformUI.createAndRunWorkbench(PlatformUI.java:173)
	at org.eclipse.ui.internal.ide.application.IDEApplication.start(IDEApplication.java:193)
	at org.eclipse.equinox.internal.app.EclipseAppHandle.run(EclipseAppHandle.java:219)
	at org.eclipse.core.runtime.internal.adaptor.EclipseAppLauncher.runApplication(EclipseAppLauncher.java:149)
	at org.eclipse.core.runtime.internal.adaptor.EclipseAppLauncher.start(EclipseAppLauncher.java:115)
	at org.eclipse.core.runtime.adaptor.EclipseStarter.run(EclipseStarter.java:467)
	at org.eclipse.core.runtime.adaptor.EclipseStarter.run(EclipseStarter.java:298)
	at java.base/jdk.internal.reflect.DirectMethodHandleAccessor.invoke(DirectMethodHandleAccessor.java:104)
	at java.base/java.lang.reflect.Method.invoke(Method.java:565)
	at org.eclipse.equinox.launcher.Main.invokeFramework(Main.java:615)
	at org.eclipse.equinox.launcher.Main.basicRun(Main.java:563)
	at org.eclipse.equinox.launcher.Main.run(Main.java:1415)
	at org.eclipse.equinox.launcher.Main.main(Main.java:1387)
2026-10-06 10:35:25,729 [main] ERROR o.e.m.j.i.l.MavenLaunchConfigurationListener - Launch configuration New_configuration (1) references non-existing project ForLoop.
org.eclipse.core.runtime.CoreException: Launch configuration New_configuration (1) references non-existing project ForLoop.
	at org.eclipse.jdt.launching.JavaRuntime.abort(JavaRuntime.java:1915)
	at org.eclipse.jdt.launching.JavaRuntime.getJavaProject(JavaRuntime.java:1792)
	at org.eclipse.m2e.jdt.internal.launch.MavenLaunchConfigurationListener.updateLaunchConfiguration(MavenLaunchConfigurationListener.java:66)
	at org.eclipse.m2e.jdt.internal.launch.MavenLaunchConfigurationListener.launchConfigurationChanged(MavenLaunchConfigurationListener.java:52)
	at org.eclipse.debug.internal.core.LaunchManager$ConfigurationNotifier.run(LaunchManager.java:220)
	at org.eclipse.core.runtime.SafeRunner.run(SafeRunner.java:47)
	at org.eclipse.debug.internal.core.LaunchManager$ConfigurationNotifier.notify(LaunchManager.java:204)
	at org.eclipse.debug.internal.core.LaunchConfigurationWorkingCopy.setDirty(LaunchConfigurationWorkingCopy.java:527)
	at org.eclipse.debug.internal.core.LaunchConfigurationWorkingCopy.setAttribute(LaunchConfigurationWorkingCopy.java:415)
	at org.eclipse.jdt.debug.ui.launchConfigurations.JavaJRETab.performApply(JavaJRETab.java:223)
	at org.eclipse.debug.ui.AbstractLaunchConfigurationTabGroup.performApply(AbstractLaunchConfigurationTabGroup.java:106)
	at org.eclipse.debug.internal.ui.launchConfigurations.LaunchConfigurationTabGroupWrapper.performApply(LaunchConfigurationTabGroupWrapper.java:205)
	at org.eclipse.debug.internal.ui.launchConfigurations.LaunchConfigurationTabGroupViewer.handleApplyPressed(LaunchConfigurationTabGroupViewer.java:1524)
	at org.eclipse.debug.internal.ui.launchConfigurations.LaunchConfigurationsDialog.handleLaunchConfigurationSelectionChanged(LaunchConfigurationsDialog.java:1069)
	at org.eclipse.debug.internal.ui.launchConfigurations.LaunchConfigurationsDialog.lambda$1(LaunchConfigurationsDialog.java:612)
	at org.eclipse.jface.viewers.StructuredViewer$3.run(StructuredViewer.java:822)
	at org.eclipse.core.runtime.SafeRunner.run(SafeRunner.java:47)
	at org.eclipse.jface.util.SafeRunnable.run(SafeRunnable.java:169)
	at org.eclipse.jface.viewers.StructuredViewer.firePostSelectionChanged(StructuredViewer.java:819)
	at org.eclipse.jface.viewers.ColumnViewer.firePostSelectionChanged(ColumnViewer.java:1054)
	at org.eclipse.jface.viewers.StructuredViewer.handlePostSelect(StructuredViewer.java:1189)
	at org.eclipse.swt.events.SelectionListener$1.widgetSelected(SelectionListener.java:83)
	at org.eclipse.jface.util.OpenStrategy.firePostSelectionEvent(OpenStrategy.java:283)
	at org.eclipse.jface.util.OpenStrategy$1.lambda$1(OpenStrategy.java:437)
	at org.eclipse.swt.widgets.RunnableLock.run(RunnableLock.java:40)
	at org.eclipse.swt.widgets.Synchronizer.runAsyncMessages(Synchronizer.java:131)
	at org.eclipse.swt.widgets.Display.runAsyncMessages(Display.java:4136)
	at org.eclipse.swt.widgets.Display.readAndDispatch(Display.java:3752)
	at org.eclipse.jface.window.Window.runEventLoop(Window.java:819)
	at org.eclipse.jface.window.Window.open(Window.java:799)
	at org.eclipse.debug.internal.ui.launchConfigurations.LaunchConfigurationsDialog.open(LaunchConfigurationsDialog.java:1253)
	at org.eclipse.debug.ui.DebugUITools.lambda$1(DebugUITools.java:631)
	at org.eclipse.swt.custom.BusyIndicator.showWhile(BusyIndicator.java:69)
	at org.eclipse.debug.ui.DebugUITools.openLaunchConfigurationDialogOnGroup(DebugUITools.java:637)
	at org.eclipse.debug.ui.DebugUITools.openLaunchConfigurationDialogOnGroup(DebugUITools.java:575)
	at org.eclipse.debug.ui.actions.OpenLaunchDialogAction.run(OpenLaunchDialogAction.java:85)
	at org.eclipse.jface.action.Action.runWithEvent(Action.java:474)
	at org.eclipse.jface.action.ActionContributionItem.handleWidgetSelection(ActionContributionItem.java:581)
	at org.eclipse.jface.action.ActionContributionItem.lambda$4(ActionContributionItem.java:415)
	at org.eclipse.swt.widgets.EventTable.sendEvent(EventTable.java:91)
	at org.eclipse.swt.widgets.Display.sendEvent(Display.java:4363)
	at org.eclipse.swt.widgets.Widget.sendEvent(Widget.java:1217)
	at org.eclipse.swt.widgets.Widget.sendEvent(Widget.java:1241)
	at org.eclipse.swt.widgets.Widget.sendEvent(Widget.java:1226)
	at org.eclipse.swt.widgets.Widget.notifyListeners(Widget.java:863)
	at org.eclipse.jface.action.ActionContributionItem.lambda$8(ActionContributionItem.java:1204)
	at org.eclipse.swt.widgets.EventTable.sendEvent(EventTable.java:91)
	at org.eclipse.swt.widgets.Display.sendEvent(Display.java:4363)
	at org.eclipse.swt.widgets.Widget.sendEvent(Widget.java:1217)
	at org.eclipse.swt.widgets.Display.runDeferredEvents(Display.java:4161)
	at org.eclipse.swt.widgets.Display.readAndDispatch(Display.java:3749)
	at org.eclipse.e4.ui.internal.workbench.swt.PartRenderingEngine$5.run(PartRenderingEngine.java:1160)
	at org.eclipse.core.databinding.observable.Realm.runWithDefault(Realm.java:339)
	at org.eclipse.e4.ui.internal.workbench.swt.PartRenderingEngine.run(PartRenderingEngine.java:1051)
	at org.eclipse.e4.ui.internal.workbench.E4Workbench.createAndRunUI(E4Workbench.java:153)
	at org.eclipse.ui.internal.Workbench.lambda$3(Workbench.java:680)
	at org.eclipse.core.databinding.observable.Realm.runWithDefault(Realm.java:339)
	at org.eclipse.ui.internal.Workbench.createAndRunWorkbench(Workbench.java:583)
	at org.eclipse.ui.PlatformUI.createAndRunWorkbench(PlatformUI.java:173)
	at org.eclipse.ui.internal.ide.application.IDEApplication.start(IDEApplication.java:193)
	at org.eclipse.equinox.internal.app.EclipseAppHandle.run(EclipseAppHandle.java:219)
	at org.eclipse.core.runtime.internal.adaptor.EclipseAppLauncher.runApplication(EclipseAppLauncher.java:149)
	at org.eclipse.core.runtime.internal.adaptor.EclipseAppLauncher.start(EclipseAppLauncher.java:115)
	at org.eclipse.core.runtime.adaptor.EclipseStarter.run(EclipseStarter.java:467)
	at org.eclipse.core.runtime.adaptor.EclipseStarter.run(EclipseStarter.java:298)
	at java.base/jdk.internal.reflect.DirectMethodHandleAccessor.invoke(DirectMethodHandleAccessor.java:104)
	at java.base/java.lang.reflect.Method.invoke(Method.java:565)
	at org.eclipse.equinox.launcher.Main.invokeFramework(Main.java:615)
	at org.eclipse.equinox.launcher.Main.basicRun(Main.java:563)
	at org.eclipse.equinox.launcher.Main.run(Main.java:1415)
	at org.eclipse.equinox.launcher.Main.main(Main.java:1387)
2026-10-06 10:35:25,730 [main] ERROR o.e.m.j.i.l.MavenLaunchConfigurationListener - Launch configuration New_configuration (1) references non-existing project ForLoop.
org.eclipse.core.runtime.CoreException: Launch configuration New_configuration (1) references non-existing project ForLoop.
	at org.eclipse.jdt.launching.JavaRuntime.abort(JavaRuntime.java:1915)
	at org.eclipse.jdt.launching.JavaRuntime.getJavaProject(JavaRuntime.java:1792)
	at org.eclipse.m2e.jdt.internal.launch.MavenLaunchConfigurationListener.updateLaunchConfiguration(MavenLaunchConfigurationListener.java:66)
	at org.eclipse.m2e.jdt.internal.launch.MavenLaunchConfigurationListener.launchConfigurationChanged(MavenLaunchConfigurationListener.java:52)
	at org.eclipse.debug.internal.core.LaunchManager$ConfigurationNotifier.run(LaunchManager.java:220)
	at org.eclipse.core.runtime.SafeRunner.run(SafeRunner.java:47)
	at org.eclipse.debug.internal.core.LaunchManager$ConfigurationNotifier.notify(LaunchManager.java:204)
	at org.eclipse.debug.internal.core.LaunchConfigurationWorkingCopy.setDirty(LaunchConfigurationWorkingCopy.java:527)
	at org.eclipse.debug.internal.core.LaunchConfigurationWorkingCopy.setAttribute(LaunchConfigurationWorkingCopy.java:415)
	at org.eclipse.jdt.debug.ui.launchConfigurations.JavaJRETab.performApply(JavaJRETab.java:224)
	at org.eclipse.debug.ui.AbstractLaunchConfigurationTabGroup.performApply(AbstractLaunchConfigurationTabGroup.java:106)
	at org.eclipse.debug.internal.ui.launchConfigurations.LaunchConfigurationTabGroupWrapper.performApply(LaunchConfigurationTabGroupWrapper.java:205)
	at org.eclipse.debug.internal.ui.launchConfigurations.LaunchConfigurationTabGroupViewer.handleApplyPressed(LaunchConfigurationTabGroupViewer.java:1524)
	at org.eclipse.debug.internal.ui.launchConfigurations.LaunchConfigurationsDialog.handleLaunchConfigurationSelectionChanged(LaunchConfigurationsDialog.java:1069)
	at org.eclipse.debug.internal.ui.launchConfigurations.LaunchConfigurationsDialog.lambda$1(LaunchConfigurationsDialog.java:612)
	at org.eclipse.jface.viewers.StructuredViewer$3.run(StructuredViewer.java:822)
	at org.eclipse.core.runtime.SafeRunner.run(SafeRunner.java:47)
	at org.eclipse.jface.util.SafeRunnable.run(SafeRunnable.java:169)
	at org.eclipse.jface.viewers.StructuredViewer.firePostSelectionChanged(StructuredViewer.java:819)
	at org.eclipse.jface.viewers.ColumnViewer.firePostSelectionChanged(ColumnViewer.java:1054)
	at org.eclipse.jface.viewers.StructuredViewer.handlePostSelect(StructuredViewer.java:1189)
	at org.eclipse.swt.events.SelectionListener$1.widgetSelected(SelectionListener.java:83)
	at org.eclipse.jface.util.OpenStrategy.firePostSelectionEvent(OpenStrategy.java:283)
	at org.eclipse.jface.util.OpenStrategy$1.lambda$1(OpenStrategy.java:437)
	at org.eclipse.swt.widgets.RunnableLock.run(RunnableLock.java:40)
	at org.eclipse.swt.widgets.Synchronizer.runAsyncMessages(Synchronizer.java:131)
	at org.eclipse.swt.widgets.Display.runAsyncMessages(Display.java:4136)
	at org.eclipse.swt.widgets.Display.readAndDispatch(Display.java:3752)
	at org.eclipse.jface.window.Window.runEventLoop(Window.java:819)
	at org.eclipse.jface.window.Window.open(Window.java:799)
	at org.eclipse.debug.internal.ui.launchConfigurations.LaunchConfigurationsDialog.open(LaunchConfigurationsDialog.java:1253)
	at org.eclipse.debug.ui.DebugUITools.lambda$1(DebugUITools.java:631)
	at org.eclipse.swt.custom.BusyIndicator.showWhile(BusyIndicator.java:69)
	at org.eclipse.debug.ui.DebugUITools.openLaunchConfigurationDialogOnGroup(DebugUITools.java:637)
	at org.eclipse.debug.ui.DebugUITools.openLaunchConfigurationDialogOnGroup(DebugUITools.java:575)
	at org.eclipse.debug.ui.actions.OpenLaunchDialogAction.run(OpenLaunchDialogAction.java:85)
	at org.eclipse.jface.action.Action.runWithEvent(Action.java:474)
	at org.eclipse.jface.action.ActionContributionItem.handleWidgetSelection(ActionContributionItem.java:581)
	at org.eclipse.jface.action.ActionContributionItem.lambda$4(ActionContributionItem.java:415)
	at org.eclipse.swt.widgets.EventTable.sendEvent(EventTable.java:91)
	at org.eclipse.swt.widgets.Display.sendEvent(Display.java:4363)
	at org.eclipse.swt.widgets.Widget.sendEvent(Widget.java:1217)
	at org.eclipse.swt.widgets.Widget.sendEvent(Widget.java:1241)
	at org.eclipse.swt.widgets.Widget.sendEvent(Widget.java:1226)
	at org.eclipse.swt.widgets.Widget.notifyListeners(Widget.java:863)
	at org.eclipse.jface.action.ActionContributionItem.lambda$8(ActionContributionItem.java:1204)
	at org.eclipse.swt.widgets.EventTable.sendEvent(EventTable.java:91)
	at org.eclipse.swt.widgets.Display.sendEvent(Display.java:4363)
	at org.eclipse.swt.widgets.Widget.sendEvent(Widget.java:1217)
	at org.eclipse.swt.widgets.Display.runDeferredEvents(Display.java:4161)
	at org.eclipse.swt.widgets.Display.readAndDispatch(Display.java:3749)
	at org.eclipse.e4.ui.internal.workbench.swt.PartRenderingEngine$5.run(PartRenderingEngine.java:1160)
	at org.eclipse.core.databinding.observable.Realm.runWithDefault(Realm.java:339)
	at org.eclipse.e4.ui.internal.workbench.swt.PartRenderingEngine.run(PartRenderingEngine.java:1051)
	at org.eclipse.e4.ui.internal.workbench.E4Workbench.createAndRunUI(E4Workbench.java:153)
	at org.eclipse.ui.internal.Workbench.lambda$3(Workbench.java:680)
	at org.eclipse.core.databinding.observable.Realm.runWithDefault(Realm.java:339)
	at org.eclipse.ui.internal.Workbench.createAndRunWorkbench(Workbench.java:583)
	at org.eclipse.ui.PlatformUI.createAndRunWorkbench(PlatformUI.java:173)
	at org.eclipse.ui.internal.ide.application.IDEApplication.start(IDEApplication.java:193)
	at org.eclipse.equinox.internal.app.EclipseAppHandle.run(EclipseAppHandle.java:219)
	at org.eclipse.core.runtime.internal.adaptor.EclipseAppLauncher.runApplication(EclipseAppLauncher.java:149)
	at org.eclipse.core.runtime.internal.adaptor.EclipseAppLauncher.start(EclipseAppLauncher.java:115)
	at org.eclipse.core.runtime.adaptor.EclipseStarter.run(EclipseStarter.java:467)
	at org.eclipse.core.runtime.adaptor.EclipseStarter.run(EclipseStarter.java:298)
	at java.base/jdk.internal.reflect.DirectMethodHandleAccessor.invoke(DirectMethodHandleAccessor.java:104)
	at java.base/java.lang.reflect.Method.invoke(Method.java:565)
	at org.eclipse.equinox.launcher.Main.invokeFramework(Main.java:615)
	at org.eclipse.equinox.launcher.Main.basicRun(Main.java:563)
	at org.eclipse.equinox.launcher.Main.run(Main.java:1415)
	at org.eclipse.equinox.launcher.Main.main(Main.java:1387)
2026-10-06 10:35:25,733 [main] ERROR o.e.m.j.i.l.MavenLaunchConfigurationListener - Launch configuration New_configuration (1) references non-existing project ForLoop.
org.eclipse.core.runtime.CoreException: Launch configuration New_configuration (1) references non-existing project ForLoop.
	at org.eclipse.jdt.launching.JavaRuntime.abort(JavaRuntime.java:1915)
	at org.eclipse.jdt.launching.JavaRuntime.getJavaProject(JavaRuntime.java:1792)
	at org.eclipse.m2e.jdt.internal.launch.MavenLaunchConfigurationListener.updateLaunchConfiguration(MavenLaunchConfigurationListener.java:66)
	at org.eclipse.m2e.jdt.internal.launch.MavenLaunchConfigurationListener.launchConfigurationChanged(MavenLaunchConfigurationListener.java:52)
	at org.eclipse.debug.internal.core.LaunchManager$ConfigurationNotifier.run(LaunchManager.java:220)
	at org.eclipse.core.runtime.SafeRunner.run(SafeRunner.java:47)
	at org.eclipse.debug.internal.core.LaunchManager$ConfigurationNotifier.notify(LaunchManager.java:204)
	at org.eclipse.debug.internal.core.LaunchConfigurationWorkingCopy.setDirty(LaunchConfigurationWorkingCopy.java:527)
	at org.eclipse.debug.internal.core.LaunchConfigurationWorkingCopy.setAttribute(LaunchConfigurationWorkingCopy.java:433)
	at org.eclipse.jdt.debug.ui.launchConfigurations.JavaJRETab.performApply(JavaJRETab.java:234)
	at org.eclipse.debug.ui.AbstractLaunchConfigurationTabGroup.performApply(AbstractLaunchConfigurationTabGroup.java:106)
	at org.eclipse.debug.internal.ui.launchConfigurations.LaunchConfigurationTabGroupWrapper.performApply(LaunchConfigurationTabGroupWrapper.java:205)
	at org.eclipse.debug.internal.ui.launchConfigurations.LaunchConfigurationTabGroupViewer.handleApplyPressed(LaunchConfigurationTabGroupViewer.java:1524)
	at org.eclipse.debug.internal.ui.launchConfigurations.LaunchConfigurationsDialog.handleLaunchConfigurationSelectionChanged(LaunchConfigurationsDialog.java:1069)
	at org.eclipse.debug.internal.ui.launchConfigurations.LaunchConfigurationsDialog.lambda$1(LaunchConfigurationsDialog.java:612)
	at org.eclipse.jface.viewers.StructuredViewer$3.run(StructuredViewer.java:822)
	at org.eclipse.core.runtime.SafeRunner.run(SafeRunner.java:47)
	at org.eclipse.jface.util.SafeRunnable.run(SafeRunnable.java:169)
	at org.eclipse.jface.viewers.StructuredViewer.firePostSelectionChanged(StructuredViewer.java:819)
	at org.eclipse.jface.viewers.ColumnViewer.firePostSelectionChanged(ColumnViewer.java:1054)
	at org.eclipse.jface.viewers.StructuredViewer.handlePostSelect(StructuredViewer.java:1189)
	at org.eclipse.swt.events.SelectionListener$1.widgetSelected(SelectionListener.java:83)
	at org.eclipse.jface.util.OpenStrategy.firePostSelectionEvent(OpenStrategy.java:283)
	at org.eclipse.jface.util.OpenStrategy$1.lambda$1(OpenStrategy.java:437)
	at org.eclipse.swt.widgets.RunnableLock.run(RunnableLock.java:40)
	at org.eclipse.swt.widgets.Synchronizer.runAsyncMessages(Synchronizer.java:131)
	at org.eclipse.swt.widgets.Display.runAsyncMessages(Display.java:4136)
	at org.eclipse.swt.widgets.Display.readAndDispatch(Display.java:3752)
	at org.eclipse.jface.window.Window.runEventLoop(Window.java:819)
	at org.eclipse.jface.window.Window.open(Window.java:799)
	at org.eclipse.debug.internal.ui.launchConfigurations.LaunchConfigurationsDialog.open(LaunchConfigurationsDialog.java:1253)
	at org.eclipse.debug.ui.DebugUITools.lambda$1(DebugUITools.java:631)
	at org.eclipse.swt.custom.BusyIndicator.showWhile(BusyIndicator.java:69)
	at org.eclipse.debug.ui.DebugUITools.openLaunchConfigurationDialogOnGroup(DebugUITools.java:637)
	at org.eclipse.debug.ui.DebugUITools.openLaunchConfigurationDialogOnGroup(DebugUITools.java:575)
	at org.eclipse.debug.ui.actions.OpenLaunchDialogAction.run(OpenLaunchDialogAction.java:85)
	at org.eclipse.jface.action.Action.runWithEvent(Action.java:474)
	at org.eclipse.jface.action.ActionContributionItem.handleWidgetSelection(ActionContributionItem.java:581)
	at org.eclipse.jface.action.ActionContributionItem.lambda$4(ActionContributionItem.java:415)
	at org.eclipse.swt.widgets.EventTable.sendEvent(EventTable.java:91)
	at org.eclipse.swt.widgets.Display.sendEvent(Display.java:4363)
	at org.eclipse.swt.widgets.Widget.sendEvent(Widget.java:1217)
	at org.eclipse.swt.widgets.Widget.sendEvent(Widget.java:1241)
	at org.eclipse.swt.widgets.Widget.sendEvent(Widget.java:1226)
	at org.eclipse.swt.widgets.Widget.notifyListeners(Widget.java:863)
	at org.eclipse.jface.action.ActionContributionItem.lambda$8(ActionContributionItem.java:1204)
	at org.eclipse.swt.widgets.EventTable.sendEvent(EventTable.java:91)
	at org.eclipse.swt.widgets.Display.sendEvent(Display.java:4363)
	at org.eclipse.swt.widgets.Widget.sendEvent(Widget.java:1217)
	at org.eclipse.swt.widgets.Display.runDeferredEvents(Display.java:4161)
	at org.eclipse.swt.widgets.Display.readAndDispatch(Display.java:3749)
	at org.eclipse.e4.ui.internal.workbench.swt.PartRenderingEngine$5.run(PartRenderingEngine.java:1160)
	at org.eclipse.core.databinding.observable.Realm.runWithDefault(Realm.java:339)
	at org.eclipse.e4.ui.internal.workbench.swt.PartRenderingEngine.run(PartRenderingEngine.java:1051)
	at org.eclipse.e4.ui.internal.workbench.E4Workbench.createAndRunUI(E4Workbench.java:153)
	at org.eclipse.ui.internal.Workbench.lambda$3(Workbench.java:680)
	at org.eclipse.core.databinding.observable.Realm.runWithDefault(Realm.java:339)
	at org.eclipse.ui.internal.Workbench.createAndRunWorkbench(Workbench.java:583)
	at org.eclipse.ui.PlatformUI.createAndRunWorkbench(PlatformUI.java:173)
	at org.eclipse.ui.internal.ide.application.IDEApplication.start(IDEApplication.java:193)
	at org.eclipse.equinox.internal.app.EclipseAppHandle.run(EclipseAppHandle.java:219)
	at org.eclipse.core.runtime.internal.adaptor.EclipseAppLauncher.runApplication(EclipseAppLauncher.java:149)
	at org.eclipse.core.runtime.internal.adaptor.EclipseAppLauncher.start(EclipseAppLauncher.java:115)
	at org.eclipse.core.runtime.adaptor.EclipseStarter.run(EclipseStarter.java:467)
	at org.eclipse.core.runtime.adaptor.EclipseStarter.run(EclipseStarter.java:298)
	at java.base/jdk.internal.reflect.DirectMethodHandleAccessor.invoke(DirectMethodHandleAccessor.java:104)
	at java.base/java.lang.reflect.Method.invoke(Method.java:565)
	at org.eclipse.equinox.launcher.Main.invokeFramework(Main.java:615)
	at org.eclipse.equinox.launcher.Main.basicRun(Main.java:563)
	at org.eclipse.equinox.launcher.Main.run(Main.java:1415)
	at org.eclipse.equinox.launcher.Main.main(Main.java:1387)
2026-10-06 10:35:25,734 [main] ERROR o.e.m.j.i.l.MavenLaunchConfigurationListener - Launch configuration New_configuration (1) references non-existing project ForLoop.
org.eclipse.core.runtime.CoreException: Launch configuration New_configuration (1) references non-existing project ForLoop.
	at org.eclipse.jdt.launching.JavaRuntime.abort(JavaRuntime.java:1915)
	at org.eclipse.jdt.launching.JavaRuntime.getJavaProject(JavaRuntime.java:1792)
	at org.eclipse.m2e.jdt.internal.launch.MavenLaunchConfigurationListener.updateLaunchConfiguration(MavenLaunchConfigurationListener.java:66)
	at org.eclipse.m2e.jdt.internal.launch.MavenLaunchConfigurationListener.launchConfigurationChanged(MavenLaunchConfigurationListener.java:52)
	at org.eclipse.debug.internal.core.LaunchManager$ConfigurationNotifier.run(LaunchManager.java:220)
	at org.eclipse.core.runtime.SafeRunner.run(SafeRunner.java:47)
	at org.eclipse.debug.internal.core.LaunchManager$ConfigurationNotifier.notify(LaunchManager.java:204)
	at org.eclipse.debug.internal.core.LaunchConfigurationWorkingCopy.setDirty(LaunchConfigurationWorkingCopy.java:527)
	at org.eclipse.debug.internal.core.LaunchConfigurationWorkingCopy.setAttribute(LaunchConfigurationWorkingCopy.java:433)
	at org.eclipse.debug.ui.EnvironmentTab.performApply(EnvironmentTab.java:866)
	at org.eclipse.debug.ui.AbstractLaunchConfigurationTabGroup.performApply(AbstractLaunchConfigurationTabGroup.java:106)
	at org.eclipse.debug.internal.ui.launchConfigurations.LaunchConfigurationTabGroupWrapper.performApply(LaunchConfigurationTabGroupWrapper.java:205)
	at org.eclipse.debug.internal.ui.launchConfigurations.LaunchConfigurationTabGroupViewer.handleApplyPressed(LaunchConfigurationTabGroupViewer.java:1524)
	at org.eclipse.debug.internal.ui.launchConfigurations.LaunchConfigurationsDialog.handleLaunchConfigurationSelectionChanged(LaunchConfigurationsDialog.java:1069)
	at org.eclipse.debug.internal.ui.launchConfigurations.LaunchConfigurationsDialog.lambda$1(LaunchConfigurationsDialog.java:612)
	at org.eclipse.jface.viewers.StructuredViewer$3.run(StructuredViewer.java:822)
	at org.eclipse.core.runtime.SafeRunner.run(SafeRunner.java:47)
	at org.eclipse.jface.util.SafeRunnable.run(SafeRunnable.java:169)
	at org.eclipse.jface.viewers.StructuredViewer.firePostSelectionChanged(StructuredViewer.java:819)
	at org.eclipse.jface.viewers.ColumnViewer.firePostSelectionChanged(ColumnViewer.java:1054)
	at org.eclipse.jface.viewers.StructuredViewer.handlePostSelect(StructuredViewer.java:1189)
	at org.eclipse.swt.events.SelectionListener$1.widgetSelected(SelectionListener.java:83)
	at org.eclipse.jface.util.OpenStrategy.firePostSelectionEvent(OpenStrategy.java:283)
	at org.eclipse.jface.util.OpenStrategy$1.lambda$1(OpenStrategy.java:437)
	at org.eclipse.swt.widgets.RunnableLock.run(RunnableLock.java:40)
	at org.eclipse.swt.widgets.Synchronizer.runAsyncMessages(Synchronizer.java:131)
	at org.eclipse.swt.widgets.Display.runAsyncMessages(Display.java:4136)
	at org.eclipse.swt.widgets.Display.readAndDispatch(Display.java:3752)
	at org.eclipse.jface.window.Window.runEventLoop(Window.java:819)
	at org.eclipse.jface.window.Window.open(Window.java:799)
	at org.eclipse.debug.internal.ui.launchConfigurations.LaunchConfigurationsDialog.open(LaunchConfigurationsDialog.java:1253)
	at org.eclipse.debug.ui.DebugUITools.lambda$1(DebugUITools.java:631)
	at org.eclipse.swt.custom.BusyIndicator.showWhile(BusyIndicator.java:69)
	at org.eclipse.debug.ui.DebugUITools.openLaunchConfigurationDialogOnGroup(DebugUITools.java:637)
	at org.eclipse.debug.ui.DebugUITools.openLaunchConfigurationDialogOnGroup(DebugUITools.java:575)
	at org.eclipse.debug.ui.actions.OpenLaunchDialogAction.run(OpenLaunchDialogAction.java:85)
	at org.eclipse.jface.action.Action.runWithEvent(Action.java:474)
	at org.eclipse.jface.action.ActionContributionItem.handleWidgetSelection(ActionContributionItem.java:581)
	at org.eclipse.jface.action.ActionContributionItem.lambda$4(ActionContributionItem.java:415)
	at org.eclipse.swt.widgets.EventTable.sendEvent(EventTable.java:91)
	at org.eclipse.swt.widgets.Display.sendEvent(Display.java:4363)
	at org.eclipse.swt.widgets.Widget.sendEvent(Widget.java:1217)
	at org.eclipse.swt.widgets.Widget.sendEvent(Widget.java:1241)
	at org.eclipse.swt.widgets.Widget.sendEvent(Widget.java:1226)
	at org.eclipse.swt.widgets.Widget.notifyListeners(Widget.java:863)
	at org.eclipse.jface.action.ActionContributionItem.lambda$8(ActionContributionItem.java:1204)
	at org.eclipse.swt.widgets.EventTable.sendEvent(EventTable.java:91)
	at org.eclipse.swt.widgets.Display.sendEvent(Display.java:4363)
	at org.eclipse.swt.widgets.Widget.sendEvent(Widget.java:1217)
	at org.eclipse.swt.widgets.Display.runDeferredEvents(Display.java:4161)
	at org.eclipse.swt.widgets.Display.readAndDispatch(Display.java:3749)
	at org.eclipse.e4.ui.internal.workbench.swt.PartRenderingEngine$5.run(PartRenderingEngine.java:1160)
	at org.eclipse.core.databinding.observable.Realm.runWithDefault(Realm.java:339)
	at org.eclipse.e4.ui.internal.workbench.swt.PartRenderingEngine.run(PartRenderingEngine.java:1051)
	at org.eclipse.e4.ui.internal.workbench.E4Workbench.createAndRunUI(E4Workbench.java:153)
	at org.eclipse.ui.internal.Workbench.lambda$3(Workbench.java:680)
	at org.eclipse.core.databinding.observable.Realm.runWithDefault(Realm.java:339)
	at org.eclipse.ui.internal.Workbench.createAndRunWorkbench(Workbench.java:583)
	at org.eclipse.ui.PlatformUI.createAndRunWorkbench(PlatformUI.java:173)
	at org.eclipse.ui.internal.ide.application.IDEApplication.start(IDEApplication.java:193)
	at org.eclipse.equinox.internal.app.EclipseAppHandle.run(EclipseAppHandle.java:219)
	at org.eclipse.core.runtime.internal.adaptor.EclipseAppLauncher.runApplication(EclipseAppLauncher.java:149)
	at org.eclipse.core.runtime.internal.adaptor.EclipseAppLauncher.start(EclipseAppLauncher.java:115)
	at org.eclipse.core.runtime.adaptor.EclipseStarter.run(EclipseStarter.java:467)
	at org.eclipse.core.runtime.adaptor.EclipseStarter.run(EclipseStarter.java:298)
	at java.base/jdk.internal.reflect.DirectMethodHandleAccessor.invoke(DirectMethodHandleAccessor.java:104)
	at java.base/java.lang.reflect.Method.invoke(Method.java:565)
	at org.eclipse.equinox.launcher.Main.invokeFramework(Main.java:615)
	at org.eclipse.equinox.launcher.Main.basicRun(Main.java:563)
	at org.eclipse.equinox.launcher.Main.run(Main.java:1415)
	at org.eclipse.equinox.launcher.Main.main(Main.java:1387)
2026-10-06 10:35:25,736 [main] ERROR o.e.m.j.i.l.MavenLaunchConfigurationListener - Launch configuration New_configuration (1) references non-existing project ForLoop.
org.eclipse.core.runtime.CoreException: Launch configuration New_configuration (1) references non-existing project ForLoop.
	at org.eclipse.jdt.launching.JavaRuntime.abort(JavaRuntime.java:1915)
	at org.eclipse.jdt.launching.JavaRuntime.getJavaProject(JavaRuntime.java:1792)
	at org.eclipse.m2e.jdt.internal.launch.MavenLaunchConfigurationListener.updateLaunchConfiguration(MavenLaunchConfigurationListener.java:66)
	at org.eclipse.m2e.jdt.internal.launch.MavenLaunchConfigurationListener.launchConfigurationChanged(MavenLaunchConfigurationListener.java:52)
	at org.eclipse.debug.internal.core.LaunchManager$ConfigurationNotifier.run(LaunchManager.java:220)
	at org.eclipse.core.runtime.SafeRunner.run(SafeRunner.java:47)
	at org.eclipse.debug.internal.core.LaunchManager$ConfigurationNotifier.notify(LaunchManager.java:204)
	at org.eclipse.debug.internal.core.LaunchConfigurationWorkingCopy.setDirty(LaunchConfigurationWorkingCopy.java:527)
	at org.eclipse.debug.internal.core.LaunchConfigurationWorkingCopy.setAttribute(LaunchConfigurationWorkingCopy.java:415)
	at org.eclipse.debug.ui.CommonTab.updateConfigFromFavorites(CommonTab.java:914)
	at org.eclipse.debug.ui.CommonTab.performApply(CommonTab.java:1042)
	at org.eclipse.debug.ui.AbstractLaunchConfigurationTabGroup.performApply(AbstractLaunchConfigurationTabGroup.java:106)
	at org.eclipse.debug.internal.ui.launchConfigurations.LaunchConfigurationTabGroupWrapper.performApply(LaunchConfigurationTabGroupWrapper.java:205)
	at org.eclipse.debug.internal.ui.launchConfigurations.LaunchConfigurationTabGroupViewer.handleApplyPressed(LaunchConfigurationTabGroupViewer.java:1524)
	at org.eclipse.debug.internal.ui.launchConfigurations.LaunchConfigurationsDialog.handleLaunchConfigurationSelectionChanged(LaunchConfigurationsDialog.java:1069)
	at org.eclipse.debug.internal.ui.launchConfigurations.LaunchConfigurationsDialog.lambda$1(LaunchConfigurationsDialog.java:612)
	at org.eclipse.jface.viewers.StructuredViewer$3.run(StructuredViewer.java:822)
	at org.eclipse.core.runtime.SafeRunner.run(SafeRunner.java:47)
	at org.eclipse.jface.util.SafeRunnable.run(SafeRunnable.java:169)
	at org.eclipse.jface.viewers.StructuredViewer.firePostSelectionChanged(StructuredViewer.java:819)
	at org.eclipse.jface.viewers.ColumnViewer.firePostSelectionChanged(ColumnViewer.java:1054)
	at org.eclipse.jface.viewers.StructuredViewer.handlePostSelect(StructuredViewer.java:1189)
	at org.eclipse.swt.events.SelectionListener$1.widgetSelected(SelectionListener.java:83)
	at org.eclipse.jface.util.OpenStrategy.firePostSelectionEvent(OpenStrategy.java:283)
	at org.eclipse.jface.util.OpenStrategy$1.lambda$1(OpenStrategy.java:437)
	at org.eclipse.swt.widgets.RunnableLock.run(RunnableLock.java:40)
	at org.eclipse.swt.widgets.Synchronizer.runAsyncMessages(Synchronizer.java:131)
	at org.eclipse.swt.widgets.Display.runAsyncMessages(Display.java:4136)
	at org.eclipse.swt.widgets.Display.readAndDispatch(Display.java:3752)
	at org.eclipse.jface.window.Window.runEventLoop(Window.java:819)
	at org.eclipse.jface.window.Window.open(Window.java:799)
	at org.eclipse.debug.internal.ui.launchConfigurations.LaunchConfigurationsDialog.open(LaunchConfigurationsDialog.java:1253)
	at org.eclipse.debug.ui.DebugUITools.lambda$1(DebugUITools.java:631)
	at org.eclipse.swt.custom.BusyIndicator.showWhile(BusyIndicator.java:69)
	at org.eclipse.debug.ui.DebugUITools.openLaunchConfigurationDialogOnGroup(DebugUITools.java:637)
	at org.eclipse.debug.ui.DebugUITools.openLaunchConfigurationDialogOnGroup(DebugUITools.java:575)
	at org.eclipse.debug.ui.actions.OpenLaunchDialogAction.run(OpenLaunchDialogAction.java:85)
	at org.eclipse.jface.action.Action.runWithEvent(Action.java:474)
	at org.eclipse.jface.action.ActionContributionItem.handleWidgetSelection(ActionContributionItem.java:581)
	at org.eclipse.jface.action.ActionContributionItem.lambda$4(ActionContributionItem.java:415)
	at org.eclipse.swt.widgets.EventTable.sendEvent(EventTable.java:91)
	at org.eclipse.swt.widgets.Display.sendEvent(Display.java:4363)
	at org.eclipse.swt.widgets.Widget.sendEvent(Widget.java:1217)
	at org.eclipse.swt.widgets.Widget.sendEvent(Widget.java:1241)
	at org.eclipse.swt.widgets.Widget.sendEvent(Widget.java:1226)
	at org.eclipse.swt.widgets.Widget.notifyListeners(Widget.java:863)
	at org.eclipse.jface.action.ActionContributionItem.lambda$8(ActionContributionItem.java:1204)
	at org.eclipse.swt.widgets.EventTable.sendEvent(EventTable.java:91)
	at org.eclipse.swt.widgets.Display.sendEvent(Display.java:4363)
	at org.eclipse.swt.widgets.Widget.sendEvent(Widget.java:1217)
	at org.eclipse.swt.widgets.Display.runDeferredEvents(Display.java:4161)
	at org.eclipse.swt.widgets.Display.readAndDispatch(Display.java:3749)
	at org.eclipse.e4.ui.internal.workbench.swt.PartRenderingEngine$5.run(PartRenderingEngine.java:1160)
	at org.eclipse.core.databinding.observable.Realm.runWithDefault(Realm.java:339)
	at org.eclipse.e4.ui.internal.workbench.swt.PartRenderingEngine.run(PartRenderingEngine.java:1051)
	at org.eclipse.e4.ui.internal.workbench.E4Workbench.createAndRunUI(E4Workbench.java:153)
	at org.eclipse.ui.internal.Workbench.lambda$3(Workbench.java:680)
	at org.eclipse.core.databinding.observable.Realm.runWithDefault(Realm.java:339)
	at org.eclipse.ui.internal.Workbench.createAndRunWorkbench(Workbench.java:583)
	at org.eclipse.ui.PlatformUI.createAndRunWorkbench(PlatformUI.java:173)
	at org.eclipse.ui.internal.ide.application.IDEApplication.start(IDEApplication.java:193)
	at org.eclipse.equinox.internal.app.EclipseAppHandle.run(EclipseAppHandle.java:219)
	at org.eclipse.core.runtime.internal.adaptor.EclipseAppLauncher.runApplication(EclipseAppLauncher.java:149)
	at org.eclipse.core.runtime.internal.adaptor.EclipseAppLauncher.start(EclipseAppLauncher.java:115)
	at org.eclipse.core.runtime.adaptor.EclipseStarter.run(EclipseStarter.java:467)
	at org.eclipse.core.runtime.adaptor.EclipseStarter.run(EclipseStarter.java:298)
	at java.base/jdk.internal.reflect.DirectMethodHandleAccessor.invoke(DirectMethodHandleAccessor.java:104)
	at java.base/java.lang.reflect.Method.invoke(Method.java:565)
	at org.eclipse.equinox.launcher.Main.invokeFramework(Main.java:615)
	at org.eclipse.equinox.launcher.Main.basicRun(Main.java:563)
	at org.eclipse.equinox.launcher.Main.run(Main.java:1415)
	at org.eclipse.equinox.launcher.Main.main(Main.java:1387)
2026-10-06 10:35:25,738 [main] ERROR o.e.m.j.i.l.MavenLaunchConfigurationListener - Launch configuration New_configuration (1) references non-existing project ForLoop.
org.eclipse.core.runtime.CoreException: Launch configuration New_configuration (1) references non-existing project ForLoop.
	at org.eclipse.jdt.launching.JavaRuntime.abort(JavaRuntime.java:1915)
	at org.eclipse.jdt.launching.JavaRuntime.getJavaProject(JavaRuntime.java:1792)
	at org.eclipse.m2e.jdt.internal.launch.MavenLaunchConfigurationListener.updateLaunchConfiguration(MavenLaunchConfigurationListener.java:66)
	at org.eclipse.m2e.jdt.internal.launch.MavenLaunchConfigurationListener.launchConfigurationChanged(MavenLaunchConfigurationListener.java:52)
	at org.eclipse.debug.internal.core.LaunchManager$ConfigurationNotifier.run(LaunchManager.java:220)
	at org.eclipse.core.runtime.SafeRunner.run(SafeRunner.java:47)
	at org.eclipse.debug.internal.core.LaunchManager$ConfigurationNotifier.notify(LaunchManager.java:204)
	at org.eclipse.debug.internal.core.LaunchConfigurationWorkingCopy.setDirty(LaunchConfigurationWorkingCopy.java:527)
	at org.eclipse.debug.internal.core.LaunchConfigurationWorkingCopy.setAttribute(LaunchConfigurationWorkingCopy.java:415)
	at org.eclipse.debug.ui.CommonTab.updateConfigFromFavorites(CommonTab.java:915)
	at org.eclipse.debug.ui.CommonTab.performApply(CommonTab.java:1042)
	at org.eclipse.debug.ui.AbstractLaunchConfigurationTabGroup.performApply(AbstractLaunchConfigurationTabGroup.java:106)
	at org.eclipse.debug.internal.ui.launchConfigurations.LaunchConfigurationTabGroupWrapper.performApply(LaunchConfigurationTabGroupWrapper.java:205)
	at org.eclipse.debug.internal.ui.launchConfigurations.LaunchConfigurationTabGroupViewer.handleApplyPressed(LaunchConfigurationTabGroupViewer.java:1524)
	at org.eclipse.debug.internal.ui.launchConfigurations.LaunchConfigurationsDialog.handleLaunchConfigurationSelectionChanged(LaunchConfigurationsDialog.java:1069)
	at org.eclipse.debug.internal.ui.launchConfigurations.LaunchConfigurationsDialog.lambda$1(LaunchConfigurationsDialog.java:612)
	at org.eclipse.jface.viewers.StructuredViewer$3.run(StructuredViewer.java:822)
	at org.eclipse.core.runtime.SafeRunner.run(SafeRunner.java:47)
	at org.eclipse.jface.util.SafeRunnable.run(SafeRunnable.java:169)
	at org.eclipse.jface.viewers.StructuredViewer.firePostSelectionChanged(StructuredViewer.java:819)
	at org.eclipse.jface.viewers.ColumnViewer.firePostSelectionChanged(ColumnViewer.java:1054)
	at org.eclipse.jface.viewers.StructuredViewer.handlePostSelect(StructuredViewer.java:1189)
	at org.eclipse.swt.events.SelectionListener$1.widgetSelected(SelectionListener.java:83)
	at org.eclipse.jface.util.OpenStrategy.firePostSelectionEvent(OpenStrategy.java:283)
	at org.eclipse.jface.util.OpenStrategy$1.lambda$1(OpenStrategy.java:437)
	at org.eclipse.swt.widgets.RunnableLock.run(RunnableLock.java:40)
	at org.eclipse.swt.widgets.Synchronizer.runAsyncMessages(Synchronizer.java:131)
	at org.eclipse.swt.widgets.Display.runAsyncMessages(Display.java:4136)
	at org.eclipse.swt.widgets.Display.readAndDispatch(Display.java:3752)
	at org.eclipse.jface.window.Window.runEventLoop(Window.java:819)
	at org.eclipse.jface.window.Window.open(Window.java:799)
	at org.eclipse.debug.internal.ui.launchConfigurations.LaunchConfigurationsDialog.open(LaunchConfigurationsDialog.java:1253)
	at org.eclipse.debug.ui.DebugUITools.lambda$1(DebugUITools.java:631)
	at org.eclipse.swt.custom.BusyIndicator.showWhile(BusyIndicator.java:69)
	at org.eclipse.debug.ui.DebugUITools.openLaunchConfigurationDialogOnGroup(DebugUITools.java:637)
	at org.eclipse.debug.ui.DebugUITools.openLaunchConfigurationDialogOnGroup(DebugUITools.java:575)
	at org.eclipse.debug.ui.actions.OpenLaunchDialogAction.run(OpenLaunchDialogAction.java:85)
	at org.eclipse.jface.action.Action.runWithEvent(Action.java:474)
	at org.eclipse.jface.action.ActionContributionItem.handleWidgetSelection(ActionContributionItem.java:581)
	at org.eclipse.jface.action.ActionContributionItem.lambda$4(ActionContributionItem.java:415)
	at org.eclipse.swt.widgets.EventTable.sendEvent(EventTable.java:91)
	at org.eclipse.swt.widgets.Display.sendEvent(Display.java:4363)
	at org.eclipse.swt.widgets.Widget.sendEvent(Widget.java:1217)
	at org.eclipse.swt.widgets.Widget.sendEvent(Widget.java:1241)
	at org.eclipse.swt.widgets.Widget.sendEvent(Widget.java:1226)
	at org.eclipse.swt.widgets.Widget.notifyListeners(Widget.java:863)
	at org.eclipse.jface.action.ActionContributionItem.lambda$8(ActionContributionItem.java:1204)
	at org.eclipse.swt.widgets.EventTable.sendEvent(EventTable.java:91)
	at org.eclipse.swt.widgets.Display.sendEvent(Display.java:4363)
	at org.eclipse.swt.widgets.Widget.sendEvent(Widget.java:1217)
	at org.eclipse.swt.widgets.Display.runDeferredEvents(Display.java:4161)
	at org.eclipse.swt.widgets.Display.readAndDispatch(Display.java:3749)
	at org.eclipse.e4.ui.internal.workbench.swt.PartRenderingEngine$5.run(PartRenderingEngine.java:1160)
	at org.eclipse.core.databinding.observable.Realm.runWithDefault(Realm.java:339)
	at org.eclipse.e4.ui.internal.workbench.swt.PartRenderingEngine.run(PartRenderingEngine.java:1051)
	at org.eclipse.e4.ui.internal.workbench.E4Workbench.createAndRunUI(E4Workbench.java:153)
	at org.eclipse.ui.internal.Workbench.lambda$3(Workbench.java:680)
	at org.eclipse.core.databinding.observable.Realm.runWithDefault(Realm.java:339)
	at org.eclipse.ui.internal.Workbench.createAndRunWorkbench(Workbench.java:583)
	at org.eclipse.ui.PlatformUI.createAndRunWorkbench(PlatformUI.java:173)
	at org.eclipse.ui.internal.ide.application.IDEApplication.start(IDEApplication.java:193)
	at org.eclipse.equinox.internal.app.EclipseAppHandle.run(EclipseAppHandle.java:219)
	at org.eclipse.core.runtime.internal.adaptor.EclipseAppLauncher.runApplication(EclipseAppLauncher.java:149)
	at org.eclipse.core.runtime.internal.adaptor.EclipseAppLauncher.start(EclipseAppLauncher.java:115)
	at org.eclipse.core.runtime.adaptor.EclipseStarter.run(EclipseStarter.java:467)
	at org.eclipse.core.runtime.adaptor.EclipseStarter.run(EclipseStarter.java:298)
	at java.base/jdk.internal.reflect.DirectMethodHandleAccessor.invoke(DirectMethodHandleAccessor.java:104)
	at java.base/java.lang.reflect.Method.invoke(Method.java:565)
	at org.eclipse.equinox.launcher.Main.invokeFramework(Main.java:615)
	at org.eclipse.equinox.launcher.Main.basicRun(Main.java:563)
	at org.eclipse.equinox.launcher.Main.run(Main.java:1415)
	at org.eclipse.equinox.launcher.Main.main(Main.java:1387)
2026-10-06 10:35:25,739 [main] ERROR o.e.m.j.i.l.MavenLaunchConfigurationListener - Launch configuration New_configuration (1) references non-existing project ForLoop.
org.eclipse.core.runtime.CoreException: Launch configuration New_configuration (1) references non-existing project ForLoop.
	at org.eclipse.jdt.launching.JavaRuntime.abort(JavaRuntime.java:1915)
	at org.eclipse.jdt.launching.JavaRuntime.getJavaProject(JavaRuntime.java:1792)
	at org.eclipse.m2e.jdt.internal.launch.MavenLaunchConfigurationListener.updateLaunchConfiguration(MavenLaunchConfigurationListener.java:66)
	at org.eclipse.m2e.jdt.internal.launch.MavenLaunchConfigurationListener.launchConfigurationChanged(MavenLaunchConfigurationListener.java:52)
	at org.eclipse.debug.internal.core.LaunchManager$ConfigurationNotifier.run(LaunchManager.java:220)
	at org.eclipse.core.runtime.SafeRunner.run(SafeRunner.java:47)
	at org.eclipse.debug.internal.core.LaunchManager$ConfigurationNotifier.notify(LaunchManager.java:204)
	at org.eclipse.debug.internal.core.LaunchConfigurationWorkingCopy.setDirty(LaunchConfigurationWorkingCopy.java:527)
	at org.eclipse.debug.internal.core.LaunchConfigurationWorkingCopy.setAttribute(LaunchConfigurationWorkingCopy.java:427)
	at org.eclipse.debug.ui.CommonTab.updateConfigFromFavorites(CommonTab.java:924)
	at org.eclipse.debug.ui.CommonTab.performApply(CommonTab.java:1042)
	at org.eclipse.debug.ui.AbstractLaunchConfigurationTabGroup.performApply(AbstractLaunchConfigurationTabGroup.java:106)
	at org.eclipse.debug.internal.ui.launchConfigurations.LaunchConfigurationTabGroupWrapper.performApply(LaunchConfigurationTabGroupWrapper.java:205)
	at org.eclipse.debug.internal.ui.launchConfigurations.LaunchConfigurationTabGroupViewer.handleApplyPressed(LaunchConfigurationTabGroupViewer.java:1524)
	at org.eclipse.debug.internal.ui.launchConfigurations.LaunchConfigurationsDialog.handleLaunchConfigurationSelectionChanged(LaunchConfigurationsDialog.java:1069)
	at org.eclipse.debug.internal.ui.launchConfigurations.LaunchConfigurationsDialog.lambda$1(LaunchConfigurationsDialog.java:612)
	at org.eclipse.jface.viewers.StructuredViewer$3.run(StructuredViewer.java:822)
	at org.eclipse.core.runtime.SafeRunner.run(SafeRunner.java:47)
	at org.eclipse.jface.util.SafeRunnable.run(SafeRunnable.java:169)
	at org.eclipse.jface.viewers.StructuredViewer.firePostSelectionChanged(StructuredViewer.java:819)
	at org.eclipse.jface.viewers.ColumnViewer.firePostSelectionChanged(ColumnViewer.java:1054)
	at org.eclipse.jface.viewers.StructuredViewer.handlePostSelect(StructuredViewer.java:1189)
	at org.eclipse.swt.events.SelectionListener$1.widgetSelected(SelectionListener.java:83)
	at org.eclipse.jface.util.OpenStrategy.firePostSelectionEvent(OpenStrategy.java:283)
	at org.eclipse.jface.util.OpenStrategy$1.lambda$1(OpenStrategy.java:437)
	at org.eclipse.swt.widgets.RunnableLock.run(RunnableLock.java:40)
	at org.eclipse.swt.widgets.Synchronizer.runAsyncMessages(Synchronizer.java:131)
	at org.eclipse.swt.widgets.Display.runAsyncMessages(Display.java:4136)
	at org.eclipse.swt.widgets.Display.readAndDispatch(Display.java:3752)
	at org.eclipse.jface.window.Window.runEventLoop(Window.java:819)
	at org.eclipse.jface.window.Window.open(Window.java:799)
	at org.eclipse.debug.internal.ui.launchConfigurations.LaunchConfigurationsDialog.open(LaunchConfigurationsDialog.java:1253)
	at org.eclipse.debug.ui.DebugUITools.lambda$1(DebugUITools.java:631)
	at org.eclipse.swt.custom.BusyIndicator.showWhile(BusyIndicator.java:69)
	at org.eclipse.debug.ui.DebugUITools.openLaunchConfigurationDialogOnGroup(DebugUITools.java:637)
	at org.eclipse.debug.ui.DebugUITools.openLaunchConfigurationDialogOnGroup(DebugUITools.java:575)
	at org.eclipse.debug.ui.actions.OpenLaunchDialogAction.run(OpenLaunchDialogAction.java:85)
	at org.eclipse.jface.action.Action.runWithEvent(Action.java:474)
	at org.eclipse.jface.action.ActionContributionItem.handleWidgetSelection(ActionContributionItem.java:581)
	at org.eclipse.jface.action.ActionContributionItem.lambda$4(ActionContributionItem.java:415)
	at org.eclipse.swt.widgets.EventTable.sendEvent(EventTable.java:91)
	at org.eclipse.swt.widgets.Display.sendEvent(Display.java:4363)
	at org.eclipse.swt.widgets.Widget.sendEvent(Widget.java:1217)
	at org.eclipse.swt.widgets.Widget.sendEvent(Widget.java:1241)
	at org.eclipse.swt.widgets.Widget.sendEvent(Widget.java:1226)
	at org.eclipse.swt.widgets.Widget.notifyListeners(Widget.java:863)
	at org.eclipse.jface.action.ActionContributionItem.lambda$8(ActionContributionItem.java:1204)
	at org.eclipse.swt.widgets.EventTable.sendEvent(EventTable.java:91)
	at org.eclipse.swt.widgets.Display.sendEvent(Display.java:4363)
	at org.eclipse.swt.widgets.Widget.sendEvent(Widget.java:1217)
	at org.eclipse.swt.widgets.Display.runDeferredEvents(Display.java:4161)
	at org.eclipse.swt.widgets.Display.readAndDispatch(Display.java:3749)
	at org.eclipse.e4.ui.internal.workbench.swt.PartRenderingEngine$5.run(PartRenderingEngine.java:1160)
	at org.eclipse.core.databinding.observable.Realm.runWithDefault(Realm.java:339)
	at org.eclipse.e4.ui.internal.workbench.swt.PartRenderingEngine.run(PartRenderingEngine.java:1051)
	at org.eclipse.e4.ui.internal.workbench.E4Workbench.createAndRunUI(E4Workbench.java:153)
	at org.eclipse.ui.internal.Workbench.lambda$3(Workbench.java:680)
	at org.eclipse.core.databinding.observable.Realm.runWithDefault(Realm.java:339)
	at org.eclipse.ui.internal.Workbench.createAndRunWorkbench(Workbench.java:583)
	at org.eclipse.ui.PlatformUI.createAndRunWorkbench(PlatformUI.java:173)
	at org.eclipse.ui.internal.ide.application.IDEApplication.start(IDEApplication.java:193)
	at org.eclipse.equinox.internal.app.EclipseAppHandle.run(EclipseAppHandle.java:219)
	at org.eclipse.core.runtime.internal.adaptor.EclipseAppLauncher.runApplication(EclipseAppLauncher.java:149)
	at org.eclipse.core.runtime.internal.adaptor.EclipseAppLauncher.start(EclipseAppLauncher.java:115)
	at org.eclipse.core.runtime.adaptor.EclipseStarter.run(EclipseStarter.java:467)
	at org.eclipse.core.runtime.adaptor.EclipseStarter.run(EclipseStarter.java:298)
	at java.base/jdk.internal.reflect.DirectMethodHandleAccessor.invoke(DirectMethodHandleAccessor.java:104)
	at java.base/java.lang.reflect.Method.invoke(Method.java:565)
	at org.eclipse.equinox.launcher.Main.invokeFramework(Main.java:615)
	at org.eclipse.equinox.launcher.Main.basicRun(Main.java:563)
	at org.eclipse.equinox.launcher.Main.run(Main.java:1415)
	at org.eclipse.equinox.launcher.Main.main(Main.java:1387)
2026-10-06 10:35:25,741 [main] ERROR o.e.m.j.i.l.MavenLaunchConfigurationListener - Launch configuration New_configuration (1) references non-existing project ForLoop.
org.eclipse.core.runtime.CoreException: Launch configuration New_configuration (1) references non-existing project ForLoop.
	at org.eclipse.jdt.launching.JavaRuntime.abort(JavaRuntime.java:1915)
	at org.eclipse.jdt.launching.JavaRuntime.getJavaProject(JavaRuntime.java:1792)
	at org.eclipse.m2e.jdt.internal.launch.MavenLaunchConfigurationListener.updateLaunchConfiguration(MavenLaunchConfigurationListener.java:66)
	at org.eclipse.m2e.jdt.internal.launch.MavenLaunchConfigurationListener.launchConfigurationChanged(MavenLaunchConfigurationListener.java:52)
	at org.eclipse.debug.internal.core.LaunchManager$ConfigurationNotifier.run(LaunchManager.java:220)
	at org.eclipse.core.runtime.SafeRunner.run(SafeRunner.java:47)
	at org.eclipse.debug.internal.core.LaunchManager$ConfigurationNotifier.notify(LaunchManager.java:204)
	at org.eclipse.debug.internal.core.LaunchConfigurationWorkingCopy.setDirty(LaunchConfigurationWorkingCopy.java:527)
	at org.eclipse.debug.internal.core.LaunchConfigurationWorkingCopy.setAttribute(LaunchConfigurationWorkingCopy.java:415)
	at org.eclipse.debug.ui.AbstractLaunchConfigurationTab.setAttribute(AbstractLaunchConfigurationTab.java:398)
	at org.eclipse.debug.ui.CommonTab.performApply(CommonTab.java:1045)
	at org.eclipse.debug.ui.AbstractLaunchConfigurationTabGroup.performApply(AbstractLaunchConfigurationTabGroup.java:106)
	at org.eclipse.debug.internal.ui.launchConfigurations.LaunchConfigurationTabGroupWrapper.performApply(LaunchConfigurationTabGroupWrapper.java:205)
	at org.eclipse.debug.internal.ui.launchConfigurations.LaunchConfigurationTabGroupViewer.handleApplyPressed(LaunchConfigurationTabGroupViewer.java:1524)
	at org.eclipse.debug.internal.ui.launchConfigurations.LaunchConfigurationsDialog.handleLaunchConfigurationSelectionChanged(LaunchConfigurationsDialog.java:1069)
	at org.eclipse.debug.internal.ui.launchConfigurations.LaunchConfigurationsDialog.lambda$1(LaunchConfigurationsDialog.java:612)
	at org.eclipse.jface.viewers.StructuredViewer$3.run(StructuredViewer.java:822)
	at org.eclipse.core.runtime.SafeRunner.run(SafeRunner.java:47)
	at org.eclipse.jface.util.SafeRunnable.run(SafeRunnable.java:169)
	at org.eclipse.jface.viewers.StructuredViewer.firePostSelectionChanged(StructuredViewer.java:819)
	at org.eclipse.jface.viewers.ColumnViewer.firePostSelectionChanged(ColumnViewer.java:1054)
	at org.eclipse.jface.viewers.StructuredViewer.handlePostSelect(StructuredViewer.java:1189)
	at org.eclipse.swt.events.SelectionListener$1.widgetSelected(SelectionListener.java:83)
	at org.eclipse.jface.util.OpenStrategy.firePostSelectionEvent(OpenStrategy.java:283)
	at org.eclipse.jface.util.OpenStrategy$1.lambda$1(OpenStrategy.java:437)
	at org.eclipse.swt.widgets.RunnableLock.run(RunnableLock.java:40)
	at org.eclipse.swt.widgets.Synchronizer.runAsyncMessages(Synchronizer.java:131)
	at org.eclipse.swt.widgets.Display.runAsyncMessages(Display.java:4136)
	at org.eclipse.swt.widgets.Display.readAndDispatch(Display.java:3752)
	at org.eclipse.jface.window.Window.runEventLoop(Window.java:819)
	at org.eclipse.jface.window.Window.open(Window.java:799)
	at org.eclipse.debug.internal.ui.launchConfigurations.LaunchConfigurationsDialog.open(LaunchConfigurationsDialog.java:1253)
	at org.eclipse.debug.ui.DebugUITools.lambda$1(DebugUITools.java:631)
	at org.eclipse.swt.custom.BusyIndicator.showWhile(BusyIndicator.java:69)
	at org.eclipse.debug.ui.DebugUITools.openLaunchConfigurationDialogOnGroup(DebugUITools.java:637)
	at org.eclipse.debug.ui.DebugUITools.openLaunchConfigurationDialogOnGroup(DebugUITools.java:575)
	at org.eclipse.debug.ui.actions.OpenLaunchDialogAction.run(OpenLaunchDialogAction.java:85)
	at org.eclipse.jface.action.Action.runWithEvent(Action.java:474)
	at org.eclipse.jface.action.ActionContributionItem.handleWidgetSelection(ActionContributionItem.java:581)
	at org.eclipse.jface.action.ActionContributionItem.lambda$4(ActionContributionItem.java:415)
	at org.eclipse.swt.widgets.EventTable.sendEvent(EventTable.java:91)
	at org.eclipse.swt.widgets.Display.sendEvent(Display.java:4363)
	at org.eclipse.swt.widgets.Widget.sendEvent(Widget.java:1217)
	at org.eclipse.swt.widgets.Widget.sendEvent(Widget.java:1241)
	at org.eclipse.swt.widgets.Widget.sendEvent(Widget.java:1226)
	at org.eclipse.swt.widgets.Widget.notifyListeners(Widget.java:863)
	at org.eclipse.jface.action.ActionContributionItem.lambda$8(ActionContributionItem.java:1204)
	at org.eclipse.swt.widgets.EventTable.sendEvent(EventTable.java:91)
	at org.eclipse.swt.widgets.Display.sendEvent(Display.java:4363)
	at org.eclipse.swt.widgets.Widget.sendEvent(Widget.java:1217)
	at org.eclipse.swt.widgets.Display.runDeferredEvents(Display.java:4161)
	at org.eclipse.swt.widgets.Display.readAndDispatch(Display.java:3749)
	at org.eclipse.e4.ui.internal.workbench.swt.PartRenderingEngine$5.run(PartRenderingEngine.java:1160)
	at org.eclipse.core.databinding.observable.Realm.runWithDefault(Realm.java:339)
	at org.eclipse.e4.ui.internal.workbench.swt.PartRenderingEngine.run(PartRenderingEngine.java:1051)
	at org.eclipse.e4.ui.internal.workbench.E4Workbench.createAndRunUI(E4Workbench.java:153)
	at org.eclipse.ui.internal.Workbench.lambda$3(Workbench.java:680)
	at org.eclipse.core.databinding.observable.Realm.runWithDefault(Realm.java:339)
	at org.eclipse.ui.internal.Workbench.createAndRunWorkbench(Workbench.java:583)
	at org.eclipse.ui.PlatformUI.createAndRunWorkbench(PlatformUI.java:173)
	at org.eclipse.ui.internal.ide.application.IDEApplication.start(IDEApplication.java:193)
	at org.eclipse.equinox.internal.app.EclipseAppHandle.run(EclipseAppHandle.java:219)
	at org.eclipse.core.runtime.internal.adaptor.EclipseAppLauncher.runApplication(EclipseAppLauncher.java:149)
	at org.eclipse.core.runtime.internal.adaptor.EclipseAppLauncher.start(EclipseAppLauncher.java:115)
	at org.eclipse.core.runtime.adaptor.EclipseStarter.run(EclipseStarter.java:467)
	at org.eclipse.core.runtime.adaptor.EclipseStarter.run(EclipseStarter.java:298)
	at java.base/jdk.internal.reflect.DirectMethodHandleAccessor.invoke(DirectMethodHandleAccessor.java:104)
	at java.base/java.lang.reflect.Method.invoke(Method.java:565)
	at org.eclipse.equinox.launcher.Main.invokeFramework(Main.java:615)
	at org.eclipse.equinox.launcher.Main.basicRun(Main.java:563)
	at org.eclipse.equinox.launcher.Main.run(Main.java:1415)
	at org.eclipse.equinox.launcher.Main.main(Main.java:1387)
2026-10-06 10:35:25,743 [main] ERROR o.e.m.j.i.l.MavenLaunchConfigurationListener - Launch configuration New_configuration (1) references non-existing project ForLoop.
org.eclipse.core.runtime.CoreException: Launch configuration New_configuration (1) references non-existing project ForLoop.
	at org.eclipse.jdt.launching.JavaRuntime.abort(JavaRuntime.java:1915)
	at org.eclipse.jdt.launching.JavaRuntime.getJavaProject(JavaRuntime.java:1792)
	at org.eclipse.m2e.jdt.internal.launch.MavenLaunchConfigurationListener.updateLaunchConfiguration(MavenLaunchConfigurationListener.java:66)
	at org.eclipse.m2e.jdt.internal.launch.MavenLaunchConfigurationListener.launchConfigurationChanged(MavenLaunchConfigurationListener.java:52)
	at org.eclipse.debug.internal.core.LaunchManager$ConfigurationNotifier.run(LaunchManager.java:220)
	at org.eclipse.core.runtime.SafeRunner.run(SafeRunner.java:47)
	at org.eclipse.debug.internal.core.LaunchManager$ConfigurationNotifier.notify(LaunchManager.java:204)
	at org.eclipse.debug.internal.core.LaunchConfigurationWorkingCopy.setDirty(LaunchConfigurationWorkingCopy.java:527)
	at org.eclipse.debug.internal.core.LaunchConfigurationWorkingCopy.setAttribute(LaunchConfigurationWorkingCopy.java:415)
	at org.eclipse.debug.ui.AbstractLaunchConfigurationTab.setAttribute(AbstractLaunchConfigurationTab.java:398)
	at org.eclipse.debug.ui.CommonTab.performApply(CommonTab.java:1048)
	at org.eclipse.debug.ui.AbstractLaunchConfigurationTabGroup.performApply(AbstractLaunchConfigurationTabGroup.java:106)
	at org.eclipse.debug.internal.ui.launchConfigurations.LaunchConfigurationTabGroupWrapper.performApply(LaunchConfigurationTabGroupWrapper.java:205)
	at org.eclipse.debug.internal.ui.launchConfigurations.LaunchConfigurationTabGroupViewer.handleApplyPressed(LaunchConfigurationTabGroupViewer.java:1524)
	at org.eclipse.debug.internal.ui.launchConfigurations.LaunchConfigurationsDialog.handleLaunchConfigurationSelectionChanged(LaunchConfigurationsDialog.java:1069)
	at org.eclipse.debug.internal.ui.launchConfigurations.LaunchConfigurationsDialog.lambda$1(LaunchConfigurationsDialog.java:612)
	at org.eclipse.jface.viewers.StructuredViewer$3.run(StructuredViewer.java:822)
	at org.eclipse.core.runtime.SafeRunner.run(SafeRunner.java:47)
	at org.eclipse.jface.util.SafeRunnable.run(SafeRunnable.java:169)
	at org.eclipse.jface.viewers.StructuredViewer.firePostSelectionChanged(StructuredViewer.java:819)
	at org.eclipse.jface.viewers.ColumnViewer.firePostSelectionChanged(ColumnViewer.java:1054)
	at org.eclipse.jface.viewers.StructuredViewer.handlePostSelect(StructuredViewer.java:1189)
	at org.eclipse.swt.events.SelectionListener$1.widgetSelected(SelectionListener.java:83)
	at org.eclipse.jface.util.OpenStrategy.firePostSelectionEvent(OpenStrategy.java:283)
	at org.eclipse.jface.util.OpenStrategy$1.lambda$1(OpenStrategy.java:437)
	at org.eclipse.swt.widgets.RunnableLock.run(RunnableLock.java:40)
	at org.eclipse.swt.widgets.Synchronizer.runAsyncMessages(Synchronizer.java:131)
	at org.eclipse.swt.widgets.Display.runAsyncMessages(Display.java:4136)
	at org.eclipse.swt.widgets.Display.readAndDispatch(Display.java:3752)
	at org.eclipse.jface.window.Window.runEventLoop(Window.java:819)
	at org.eclipse.jface.window.Window.open(Window.java:799)
	at org.eclipse.debug.internal.ui.launchConfigurations.LaunchConfigurationsDialog.open(LaunchConfigurationsDialog.java:1253)
	at org.eclipse.debug.ui.DebugUITools.lambda$1(DebugUITools.java:631)
	at org.eclipse.swt.custom.BusyIndicator.showWhile(BusyIndicator.java:69)
	at org.eclipse.debug.ui.DebugUITools.openLaunchConfigurationDialogOnGroup(DebugUITools.java:637)
	at org.eclipse.debug.ui.DebugUITools.openLaunchConfigurationDialogOnGroup(DebugUITools.java:575)
	at org.eclipse.debug.ui.actions.OpenLaunchDialogAction.run(OpenLaunchDialogAction.java:85)
	at org.eclipse.jface.action.Action.runWithEvent(Action.java:474)
	at org.eclipse.jface.action.ActionContributionItem.handleWidgetSelection(ActionContributionItem.java:581)
	at org.eclipse.jface.action.ActionContributionItem.lambda$4(ActionContributionItem.java:415)
	at org.eclipse.swt.widgets.EventTable.sendEvent(EventTable.java:91)
	at org.eclipse.swt.widgets.Display.sendEvent(Display.java:4363)
	at org.eclipse.swt.widgets.Widget.sendEvent(Widget.java:1217)
	at org.eclipse.swt.widgets.Widget.sendEvent(Widget.java:1241)
	at org.eclipse.swt.widgets.Widget.sendEvent(Widget.java:1226)
	at org.eclipse.swt.widgets.Widget.notifyListeners(Widget.java:863)
	at org.eclipse.jface.action.ActionContributionItem.lambda$8(ActionContributionItem.java:1204)
	at org.eclipse.swt.widgets.EventTable.sendEvent(EventTable.java:91)
	at org.eclipse.swt.widgets.Display.sendEvent(Display.java:4363)
	at org.eclipse.swt.widgets.Widget.sendEvent(Widget.java:1217)
	at org.eclipse.swt.widgets.Display.runDeferredEvents(Display.java:4161)
	at org.eclipse.swt.widgets.Display.readAndDispatch(Display.java:3749)
	at org.eclipse.e4.ui.internal.workbench.swt.PartRenderingEngine$5.run(PartRenderingEngine.java:1160)
	at org.eclipse.core.databinding.observable.Realm.runWithDefault(Realm.java:339)
	at org.eclipse.e4.ui.internal.workbench.swt.PartRenderingEngine.run(PartRenderingEngine.java:1051)
	at org.eclipse.e4.ui.internal.workbench.E4Workbench.createAndRunUI(E4Workbench.java:153)
	at org.eclipse.ui.internal.Workbench.lambda$3(Workbench.java:680)
	at org.eclipse.core.databinding.observable.Realm.runWithDefault(Realm.java:339)
	at org.eclipse.ui.internal.Workbench.createAndRunWorkbench(Workbench.java:583)
	at org.eclipse.ui.PlatformUI.createAndRunWorkbench(PlatformUI.java:173)
	at org.eclipse.ui.internal.ide.application.IDEApplication.start(IDEApplication.java:193)
	at org.eclipse.equinox.internal.app.EclipseAppHandle.run(EclipseAppHandle.java:219)
	at org.eclipse.core.runtime.internal.adaptor.EclipseAppLauncher.runApplication(EclipseAppLauncher.java:149)
	at org.eclipse.core.runtime.internal.adaptor.EclipseAppLauncher.start(EclipseAppLauncher.java:115)
	at org.eclipse.core.runtime.adaptor.EclipseStarter.run(EclipseStarter.java:467)
	at org.eclipse.core.runtime.adaptor.EclipseStarter.run(EclipseStarter.java:298)
	at java.base/jdk.internal.reflect.DirectMethodHandleAccessor.invoke(DirectMethodHandleAccessor.java:104)
	at java.base/java.lang.reflect.Method.invoke(Method.java:565)
	at org.eclipse.equinox.launcher.Main.invokeFramework(Main.java:615)
	at org.eclipse.equinox.launcher.Main.basicRun(Main.java:563)
	at org.eclipse.equinox.launcher.Main.run(Main.java:1415)
	at org.eclipse.equinox.launcher.Main.main(Main.java:1387)
2026-10-06 10:35:25,744 [main] ERROR o.e.m.j.i.l.MavenLaunchConfigurationListener - Launch configuration New_configuration (1) references non-existing project ForLoop.
org.eclipse.core.runtime.CoreException: Launch configuration New_configuration (1) references non-existing project ForLoop.
	at org.eclipse.jdt.launching.JavaRuntime.abort(JavaRuntime.java:1915)
	at org.eclipse.jdt.launching.JavaRuntime.getJavaProject(JavaRuntime.java:1792)
	at org.eclipse.m2e.jdt.internal.launch.MavenLaunchConfigurationListener.updateLaunchConfiguration(MavenLaunchConfigurationListener.java:66)
	at org.eclipse.m2e.jdt.internal.launch.MavenLaunchConfigurationListener.launchConfigurationChanged(MavenLaunchConfigurationListener.java:52)
	at org.eclipse.debug.internal.core.LaunchManager$ConfigurationNotifier.run(LaunchManager.java:220)
	at org.eclipse.core.runtime.SafeRunner.run(SafeRunner.java:47)
	at org.eclipse.debug.internal.core.LaunchManager$ConfigurationNotifier.notify(LaunchManager.java:204)
	at org.eclipse.debug.internal.core.LaunchConfigurationWorkingCopy.setDirty(LaunchConfigurationWorkingCopy.java:527)
	at org.eclipse.debug.internal.core.LaunchConfigurationWorkingCopy.setAttribute(LaunchConfigurationWorkingCopy.java:421)
	at org.eclipse.debug.ui.CommonTab.performApply(CommonTab.java:1050)
	at org.eclipse.debug.ui.AbstractLaunchConfigurationTabGroup.performApply(AbstractLaunchConfigurationTabGroup.java:106)
	at org.eclipse.debug.internal.ui.launchConfigurations.LaunchConfigurationTabGroupWrapper.performApply(LaunchConfigurationTabGroupWrapper.java:205)
	at org.eclipse.debug.internal.ui.launchConfigurations.LaunchConfigurationTabGroupViewer.handleApplyPressed(LaunchConfigurationTabGroupViewer.java:1524)
	at org.eclipse.debug.internal.ui.launchConfigurations.LaunchConfigurationsDialog.handleLaunchConfigurationSelectionChanged(LaunchConfigurationsDialog.java:1069)
	at org.eclipse.debug.internal.ui.launchConfigurations.LaunchConfigurationsDialog.lambda$1(LaunchConfigurationsDialog.java:612)
	at org.eclipse.jface.viewers.StructuredViewer$3.run(StructuredViewer.java:822)
	at org.eclipse.core.runtime.SafeRunner.run(SafeRunner.java:47)
	at org.eclipse.jface.util.SafeRunnable.run(SafeRunnable.java:169)
	at org.eclipse.jface.viewers.StructuredViewer.firePostSelectionChanged(StructuredViewer.java:819)
	at org.eclipse.jface.viewers.ColumnViewer.firePostSelectionChanged(ColumnViewer.java:1054)
	at org.eclipse.jface.viewers.StructuredViewer.handlePostSelect(StructuredViewer.java:1189)
	at org.eclipse.swt.events.SelectionListener$1.widgetSelected(SelectionListener.java:83)
	at org.eclipse.jface.util.OpenStrategy.firePostSelectionEvent(OpenStrategy.java:283)
	at org.eclipse.jface.util.OpenStrategy$1.lambda$1(OpenStrategy.java:437)
	at org.eclipse.swt.widgets.RunnableLock.run(RunnableLock.java:40)
	at org.eclipse.swt.widgets.Synchronizer.runAsyncMessages(Synchronizer.java:131)
	at org.eclipse.swt.widgets.Display.runAsyncMessages(Display.java:4136)
	at org.eclipse.swt.widgets.Display.readAndDispatch(Display.java:3752)
	at org.eclipse.jface.window.Window.runEventLoop(Window.java:819)
	at org.eclipse.jface.window.Window.open(Window.java:799)
	at org.eclipse.debug.internal.ui.launchConfigurations.LaunchConfigurationsDialog.open(LaunchConfigurationsDialog.java:1253)
	at org.eclipse.debug.ui.DebugUITools.lambda$1(DebugUITools.java:631)
	at org.eclipse.swt.custom.BusyIndicator.showWhile(BusyIndicator.java:69)
	at org.eclipse.debug.ui.DebugUITools.openLaunchConfigurationDialogOnGroup(DebugUITools.java:637)
	at org.eclipse.debug.ui.DebugUITools.openLaunchConfigurationDialogOnGroup(DebugUITools.java:575)
	at org.eclipse.debug.ui.actions.OpenLaunchDialogAction.run(OpenLaunchDialogAction.java:85)
	at org.eclipse.jface.action.Action.runWithEvent(Action.java:474)
	at org.eclipse.jface.action.ActionContributionItem.handleWidgetSelection(ActionContributionItem.java:581)
	at org.eclipse.jface.action.ActionContributionItem.lambda$4(ActionContributionItem.java:415)
	at org.eclipse.swt.widgets.EventTable.sendEvent(EventTable.java:91)
	at org.eclipse.swt.widgets.Display.sendEvent(Display.java:4363)
	at org.eclipse.swt.widgets.Widget.sendEvent(Widget.java:1217)
	at org.eclipse.swt.widgets.Widget.sendEvent(Widget.java:1241)
	at org.eclipse.swt.widgets.Widget.sendEvent(Widget.java:1226)
	at org.eclipse.swt.widgets.Widget.notifyListeners(Widget.java:863)
	at org.eclipse.jface.action.ActionContributionItem.lambda$8(ActionContributionItem.java:1204)
	at org.eclipse.swt.widgets.EventTable.sendEvent(EventTable.java:91)
	at org.eclipse.swt.widgets.Display.sendEvent(Display.java:4363)
	at org.eclipse.swt.widgets.Widget.sendEvent(Widget.java:1217)
	at org.eclipse.swt.widgets.Display.runDeferredEvents(Display.java:4161)
	at org.eclipse.swt.widgets.Display.readAndDispatch(Display.java:3749)
	at org.eclipse.e4.ui.internal.workbench.swt.PartRenderingEngine$5.run(PartRenderingEngine.java:1160)
	at org.eclipse.core.databinding.observable.Realm.runWithDefault(Realm.java:339)
	at org.eclipse.e4.ui.internal.workbench.swt.PartRenderingEngine.run(PartRenderingEngine.java:1051)
	at org.eclipse.e4.ui.internal.workbench.E4Workbench.createAndRunUI(E4Workbench.java:153)
	at org.eclipse.ui.internal.Workbench.lambda$3(Workbench.java:680)
	at org.eclipse.core.databinding.observable.Realm.runWithDefault(Realm.java:339)
	at org.eclipse.ui.internal.Workbench.createAndRunWorkbench(Workbench.java:583)
	at org.eclipse.ui.PlatformUI.createAndRunWorkbench(PlatformUI.java:173)
	at org.eclipse.ui.internal.ide.application.IDEApplication.start(IDEApplication.java:193)
	at org.eclipse.equinox.internal.app.EclipseAppHandle.run(EclipseAppHandle.java:219)
	at org.eclipse.core.runtime.internal.adaptor.EclipseAppLauncher.runApplication(EclipseAppLauncher.java:149)
	at org.eclipse.core.runtime.internal.adaptor.EclipseAppLauncher.start(EclipseAppLauncher.java:115)
	at org.eclipse.core.runtime.adaptor.EclipseStarter.run(EclipseStarter.java:467)
	at org.eclipse.core.runtime.adaptor.EclipseStarter.run(EclipseStarter.java:298)
	at java.base/jdk.internal.reflect.DirectMethodHandleAccessor.invoke(DirectMethodHandleAccessor.java:104)
	at java.base/java.lang.reflect.Method.invoke(Method.java:565)
	at org.eclipse.equinox.launcher.Main.invokeFramework(Main.java:615)
	at org.eclipse.equinox.launcher.Main.basicRun(Main.java:563)
	at org.eclipse.equinox.launcher.Main.run(Main.java:1415)
	at org.eclipse.equinox.launcher.Main.main(Main.java:1387)
2026-10-06 10:35:25,745 [main] ERROR o.e.m.j.i.l.MavenLaunchConfigurationListener - Launch configuration New_configuration (1) references non-existing project ForLoop.
org.eclipse.core.runtime.CoreException: Launch configuration New_configuration (1) references non-existing project ForLoop.
	at org.eclipse.jdt.launching.JavaRuntime.abort(JavaRuntime.java:1915)
	at org.eclipse.jdt.launching.JavaRuntime.getJavaProject(JavaRuntime.java:1792)
	at org.eclipse.m2e.jdt.internal.launch.MavenLaunchConfigurationListener.updateLaunchConfiguration(MavenLaunchConfigurationListener.java:66)
	at org.eclipse.m2e.jdt.internal.launch.MavenLaunchConfigurationListener.launchConfigurationChanged(MavenLaunchConfigurationListener.java:52)
	at org.eclipse.debug.internal.core.LaunchManager$ConfigurationNotifier.run(LaunchManager.java:220)
	at org.eclipse.core.runtime.SafeRunner.run(SafeRunner.java:47)
	at org.eclipse.debug.internal.core.LaunchManager$ConfigurationNotifier.notify(LaunchManager.java:204)
	at org.eclipse.debug.internal.core.LaunchConfigurationWorkingCopy.setDirty(LaunchConfigurationWorkingCopy.java:527)
	at org.eclipse.debug.internal.core.LaunchConfigurationWorkingCopy.setAttribute(LaunchConfigurationWorkingCopy.java:415)
	at org.eclipse.debug.ui.CommonTab.performApply(CommonTab.java:1056)
	at org.eclipse.debug.ui.AbstractLaunchConfigurationTabGroup.performApply(AbstractLaunchConfigurationTabGroup.java:106)
	at org.eclipse.debug.internal.ui.launchConfigurations.LaunchConfigurationTabGroupWrapper.performApply(LaunchConfigurationTabGroupWrapper.java:205)
	at org.eclipse.debug.internal.ui.launchConfigurations.LaunchConfigurationTabGroupViewer.handleApplyPressed(LaunchConfigurationTabGroupViewer.java:1524)
	at org.eclipse.debug.internal.ui.launchConfigurations.LaunchConfigurationsDialog.handleLaunchConfigurationSelectionChanged(LaunchConfigurationsDialog.java:1069)
	at org.eclipse.debug.internal.ui.launchConfigurations.LaunchConfigurationsDialog.lambda$1(LaunchConfigurationsDialog.java:612)
	at org.eclipse.jface.viewers.StructuredViewer$3.run(StructuredViewer.java:822)
	at org.eclipse.core.runtime.SafeRunner.run(SafeRunner.java:47)
	at org.eclipse.jface.util.SafeRunnable.run(SafeRunnable.java:169)
	at org.eclipse.jface.viewers.StructuredViewer.firePostSelectionChanged(StructuredViewer.java:819)
	at org.eclipse.jface.viewers.ColumnViewer.firePostSelectionChanged(ColumnViewer.java:1054)
	at org.eclipse.jface.viewers.StructuredViewer.handlePostSelect(StructuredViewer.java:1189)
	at org.eclipse.swt.events.SelectionListener$1.widgetSelected(SelectionListener.java:83)
	at org.eclipse.jface.util.OpenStrategy.firePostSelectionEvent(OpenStrategy.java:283)
	at org.eclipse.jface.util.OpenStrategy$1.lambda$1(OpenStrategy.java:437)
	at org.eclipse.swt.widgets.RunnableLock.run(RunnableLock.java:40)
	at org.eclipse.swt.widgets.Synchronizer.runAsyncMessages(Synchronizer.java:131)
	at org.eclipse.swt.widgets.Display.runAsyncMessages(Display.java:4136)
	at org.eclipse.swt.widgets.Display.readAndDispatch(Display.java:3752)
	at org.eclipse.jface.window.Window.runEventLoop(Window.java:819)
	at org.eclipse.jface.window.Window.open(Window.java:799)
	at org.eclipse.debug.internal.ui.launchConfigurations.LaunchConfigurationsDialog.open(LaunchConfigurationsDialog.java:1253)
	at org.eclipse.debug.ui.DebugUITools.lambda$1(DebugUITools.java:631)
	at org.eclipse.swt.custom.BusyIndicator.showWhile(BusyIndicator.java:69)
	at org.eclipse.debug.ui.DebugUITools.openLaunchConfigurationDialogOnGroup(DebugUITools.java:637)
	at org.eclipse.debug.ui.DebugUITools.openLaunchConfigurationDialogOnGroup(DebugUITools.java:575)
	at org.eclipse.debug.ui.actions.OpenLaunchDialogAction.run(OpenLaunchDialogAction.java:85)
	at org.eclipse.jface.action.Action.runWithEvent(Action.java:474)
	at org.eclipse.jface.action.ActionContributionItem.handleWidgetSelection(ActionContributionItem.java:581)
	at org.eclipse.jface.action.ActionContributionItem.lambda$4(ActionContributionItem.java:415)
	at org.eclipse.swt.widgets.EventTable.sendEvent(EventTable.java:91)
	at org.eclipse.swt.widgets.Display.sendEvent(Display.java:4363)
	at org.eclipse.swt.widgets.Widget.sendEvent(Widget.java:1217)
	at org.eclipse.swt.widgets.Widget.sendEvent(Widget.java:1241)
	at org.eclipse.swt.widgets.Widget.sendEvent(Widget.java:1226)
	at org.eclipse.swt.widgets.Widget.notifyListeners(Widget.java:863)
	at org.eclipse.jface.action.ActionContributionItem.lambda$8(ActionContributionItem.java:1204)
	at org.eclipse.swt.widgets.EventTable.sendEvent(EventTable.java:91)
	at org.eclipse.swt.widgets.Display.sendEvent(Display.java:4363)
	at org.eclipse.swt.widgets.Widget.sendEvent(Widget.java:1217)
	at org.eclipse.swt.widgets.Display.runDeferredEvents(Display.java:4161)
	at org.eclipse.swt.widgets.Display.readAndDispatch(Display.java:3749)
	at org.eclipse.e4.ui.internal.workbench.swt.PartRenderingEngine$5.run(PartRenderingEngine.java:1160)
	at org.eclipse.core.databinding.observable.Realm.runWithDefault(Realm.java:339)
	at org.eclipse.e4.ui.internal.workbench.swt.PartRenderingEngine.run(PartRenderingEngine.java:1051)
	at org.eclipse.e4.ui.internal.workbench.E4Workbench.createAndRunUI(E4Workbench.java:153)
	at org.eclipse.ui.internal.Workbench.lambda$3(Workbench.java:680)
	at org.eclipse.core.databinding.observable.Realm.runWithDefault(Realm.java:339)
	at org.eclipse.ui.internal.Workbench.createAndRunWorkbench(Workbench.java:583)
	at org.eclipse.ui.PlatformUI.createAndRunWorkbench(PlatformUI.java:173)
	at org.eclipse.ui.internal.ide.application.IDEApplication.start(IDEApplication.java:193)
	at org.eclipse.equinox.internal.app.EclipseAppHandle.run(EclipseAppHandle.java:219)
	at org.eclipse.core.runtime.internal.adaptor.EclipseAppLauncher.runApplication(EclipseAppLauncher.java:149)
	at org.eclipse.core.runtime.internal.adaptor.EclipseAppLauncher.start(EclipseAppLauncher.java:115)
	at org.eclipse.core.runtime.adaptor.EclipseStarter.run(EclipseStarter.java:467)
	at org.eclipse.core.runtime.adaptor.EclipseStarter.run(EclipseStarter.java:298)
	at java.base/jdk.internal.reflect.DirectMethodHandleAccessor.invoke(DirectMethodHandleAccessor.java:104)
	at java.base/java.lang.reflect.Method.invoke(Method.java:565)
	at org.eclipse.equinox.launcher.Main.invokeFramework(Main.java:615)
	at org.eclipse.equinox.launcher.Main.basicRun(Main.java:563)
	at org.eclipse.equinox.launcher.Main.run(Main.java:1415)
	at org.eclipse.equinox.launcher.Main.main(Main.java:1387)
2026-10-06 10:35:25,746 [main] ERROR o.e.m.j.i.l.MavenLaunchConfigurationListener - Launch configuration New_configuration (1) references non-existing project ForLoop.
org.eclipse.core.runtime.CoreException: Launch configuration New_configuration (1) references non-existing project ForLoop.
	at org.eclipse.jdt.launching.JavaRuntime.abort(JavaRuntime.java:1915)
	at org.eclipse.jdt.launching.JavaRuntime.getJavaProject(JavaRuntime.java:1792)
	at org.eclipse.m2e.jdt.internal.launch.MavenLaunchConfigurationListener.updateLaunchConfiguration(MavenLaunchConfigurationListener.java:66)
	at org.eclipse.m2e.jdt.internal.launch.MavenLaunchConfigurationListener.launchConfigurationChanged(MavenLaunchConfigurationListener.java:52)
	at org.eclipse.debug.internal.core.LaunchManager$ConfigurationNotifier.run(LaunchManager.java:220)
	at org.eclipse.core.runtime.SafeRunner.run(SafeRunner.java:47)
	at org.eclipse.debug.internal.core.LaunchManager$ConfigurationNotifier.notify(LaunchManager.java:204)
	at org.eclipse.debug.internal.core.LaunchConfigurationWorkingCopy.setDirty(LaunchConfigurationWorkingCopy.java:527)
	at org.eclipse.debug.internal.core.LaunchConfigurationWorkingCopy.setAttribute(LaunchConfigurationWorkingCopy.java:415)
	at org.eclipse.debug.ui.CommonTab.performApply(CommonTab.java:1073)
	at org.eclipse.debug.ui.AbstractLaunchConfigurationTabGroup.performApply(AbstractLaunchConfigurationTabGroup.java:106)
	at org.eclipse.debug.internal.ui.launchConfigurations.LaunchConfigurationTabGroupWrapper.performApply(LaunchConfigurationTabGroupWrapper.java:205)
	at org.eclipse.debug.internal.ui.launchConfigurations.LaunchConfigurationTabGroupViewer.handleApplyPressed(LaunchConfigurationTabGroupViewer.java:1524)
	at org.eclipse.debug.internal.ui.launchConfigurations.LaunchConfigurationsDialog.handleLaunchConfigurationSelectionChanged(LaunchConfigurationsDialog.java:1069)
	at org.eclipse.debug.internal.ui.launchConfigurations.LaunchConfigurationsDialog.lambda$1(LaunchConfigurationsDialog.java:612)
	at org.eclipse.jface.viewers.StructuredViewer$3.run(StructuredViewer.java:822)
	at org.eclipse.core.runtime.SafeRunner.run(SafeRunner.java:47)
	at org.eclipse.jface.util.SafeRunnable.run(SafeRunnable.java:169)
	at org.eclipse.jface.viewers.StructuredViewer.firePostSelectionChanged(StructuredViewer.java:819)
	at org.eclipse.jface.viewers.ColumnViewer.firePostSelectionChanged(ColumnViewer.java:1054)
	at org.eclipse.jface.viewers.StructuredViewer.handlePostSelect(StructuredViewer.java:1189)
	at org.eclipse.swt.events.SelectionListener$1.widgetSelected(SelectionListener.java:83)
	at org.eclipse.jface.util.OpenStrategy.firePostSelectionEvent(OpenStrategy.java:283)
	at org.eclipse.jface.util.OpenStrategy$1.lambda$1(OpenStrategy.java:437)
	at org.eclipse.swt.widgets.RunnableLock.run(RunnableLock.java:40)
	at org.eclipse.swt.widgets.Synchronizer.runAsyncMessages(Synchronizer.java:131)
	at org.eclipse.swt.widgets.Display.runAsyncMessages(Display.java:4136)
	at org.eclipse.swt.widgets.Display.readAndDispatch(Display.java:3752)
	at org.eclipse.jface.window.Window.runEventLoop(Window.java:819)
	at org.eclipse.jface.window.Window.open(Window.java:799)
	at org.eclipse.debug.internal.ui.launchConfigurations.LaunchConfigurationsDialog.open(LaunchConfigurationsDialog.java:1253)
	at org.eclipse.debug.ui.DebugUITools.lambda$1(DebugUITools.java:631)
	at org.eclipse.swt.custom.BusyIndicator.showWhile(BusyIndicator.java:69)
	at org.eclipse.debug.ui.DebugUITools.openLaunchConfigurationDialogOnGroup(DebugUITools.java:637)
	at org.eclipse.debug.ui.DebugUITools.openLaunchConfigurationDialogOnGroup(DebugUITools.java:575)
	at org.eclipse.debug.ui.actions.OpenLaunchDialogAction.run(OpenLaunchDialogAction.java:85)
	at org.eclipse.jface.action.Action.runWithEvent(Action.java:474)
	at org.eclipse.jface.action.ActionContributionItem.handleWidgetSelection(ActionContributionItem.java:581)
	at org.eclipse.jface.action.ActionContributionItem.lambda$4(ActionContributionItem.java:415)
	at org.eclipse.swt.widgets.EventTable.sendEvent(EventTable.java:91)
	at org.eclipse.swt.widgets.Display.sendEvent(Display.java:4363)
	at org.eclipse.swt.widgets.Widget.sendEvent(Widget.java:1217)
	at org.eclipse.swt.widgets.Widget.sendEvent(Widget.java:1241)
	at org.eclipse.swt.widgets.Widget.sendEvent(Widget.java:1226)
	at org.eclipse.swt.widgets.Widget.notifyListeners(Widget.java:863)
	at org.eclipse.jface.action.ActionContributionItem.lambda$8(ActionContributionItem.java:1204)
	at org.eclipse.swt.widgets.EventTable.sendEvent(EventTable.java:91)
	at org.eclipse.swt.widgets.Display.sendEvent(Display.java:4363)
	at org.eclipse.swt.widgets.Widget.sendEvent(Widget.java:1217)
	at org.eclipse.swt.widgets.Display.runDeferredEvents(Display.java:4161)
	at org.eclipse.swt.widgets.Display.readAndDispatch(Display.java:3749)
	at org.eclipse.e4.ui.internal.workbench.swt.PartRenderingEngine$5.run(PartRenderingEngine.java:1160)
	at org.eclipse.core.databinding.observable.Realm.runWithDefault(Realm.java:339)
	at org.eclipse.e4.ui.internal.workbench.swt.PartRenderingEngine.run(PartRenderingEngine.java:1051)
	at org.eclipse.e4.ui.internal.workbench.E4Workbench.createAndRunUI(E4Workbench.java:153)
	at org.eclipse.ui.internal.Workbench.lambda$3(Workbench.java:680)
	at org.eclipse.core.databinding.observable.Realm.runWithDefault(Realm.java:339)
	at org.eclipse.ui.internal.Workbench.createAndRunWorkbench(Workbench.java:583)
	at org.eclipse.ui.PlatformUI.createAndRunWorkbench(PlatformUI.java:173)
	at org.eclipse.ui.internal.ide.application.IDEApplication.start(IDEApplication.java:193)
	at org.eclipse.equinox.internal.app.EclipseAppHandle.run(EclipseAppHandle.java:219)
	at org.eclipse.core.runtime.internal.adaptor.EclipseAppLauncher.runApplication(EclipseAppLauncher.java:149)
	at org.eclipse.core.runtime.internal.adaptor.EclipseAppLauncher.start(EclipseAppLauncher.java:115)
	at org.eclipse.core.runtime.adaptor.EclipseStarter.run(EclipseStarter.java:467)
	at org.eclipse.core.runtime.adaptor.EclipseStarter.run(EclipseStarter.java:298)
	at java.base/jdk.internal.reflect.DirectMethodHandleAccessor.invoke(DirectMethodHandleAccessor.java:104)
	at java.base/java.lang.reflect.Method.invoke(Method.java:565)
	at org.eclipse.equinox.launcher.Main.invokeFramework(Main.java:615)
	at org.eclipse.equinox.launcher.Main.basicRun(Main.java:563)
	at org.eclipse.equinox.launcher.Main.run(Main.java:1415)
	at org.eclipse.equinox.launcher.Main.main(Main.java:1387)
2026-10-06 10:35:25,747 [main] ERROR o.e.m.j.i.l.MavenLaunchConfigurationListener - Launch configuration New_configuration (1) references non-existing project ForLoop.
org.eclipse.core.runtime.CoreException: Launch configuration New_configuration (1) references non-existing project ForLoop.
	at org.eclipse.jdt.launching.JavaRuntime.abort(JavaRuntime.java:1915)
	at org.eclipse.jdt.launching.JavaRuntime.getJavaProject(JavaRuntime.java:1792)
	at org.eclipse.m2e.jdt.internal.launch.MavenLaunchConfigurationListener.updateLaunchConfiguration(MavenLaunchConfigurationListener.java:66)
	at org.eclipse.m2e.jdt.internal.launch.MavenLaunchConfigurationListener.launchConfigurationChanged(MavenLaunchConfigurationListener.java:52)
	at org.eclipse.debug.internal.core.LaunchManager$ConfigurationNotifier.run(LaunchManager.java:220)
	at org.eclipse.core.runtime.SafeRunner.run(SafeRunner.java:47)
	at org.eclipse.debug.internal.core.LaunchManager$ConfigurationNotifier.notify(LaunchManager.java:204)
	at org.eclipse.debug.internal.core.LaunchConfigurationWorkingCopy.setDirty(LaunchConfigurationWorkingCopy.java:527)
	at org.eclipse.debug.internal.core.LaunchConfigurationWorkingCopy.setAttribute(LaunchConfigurationWorkingCopy.java:415)
	at org.eclipse.debug.ui.CommonTab.performApply(CommonTab.java:1081)
	at org.eclipse.debug.ui.AbstractLaunchConfigurationTabGroup.performApply(AbstractLaunchConfigurationTabGroup.java:106)
	at org.eclipse.debug.internal.ui.launchConfigurations.LaunchConfigurationTabGroupWrapper.performApply(LaunchConfigurationTabGroupWrapper.java:205)
	at org.eclipse.debug.internal.ui.launchConfigurations.LaunchConfigurationTabGroupViewer.handleApplyPressed(LaunchConfigurationTabGroupViewer.java:1524)
	at org.eclipse.debug.internal.ui.launchConfigurations.LaunchConfigurationsDialog.handleLaunchConfigurationSelectionChanged(LaunchConfigurationsDialog.java:1069)
	at org.eclipse.debug.internal.ui.launchConfigurations.LaunchConfigurationsDialog.lambda$1(LaunchConfigurationsDialog.java:612)
	at org.eclipse.jface.viewers.StructuredViewer$3.run(StructuredViewer.java:822)
	at org.eclipse.core.runtime.SafeRunner.run(SafeRunner.java:47)
	at org.eclipse.jface.util.SafeRunnable.run(SafeRunnable.java:169)
	at org.eclipse.jface.viewers.StructuredViewer.firePostSelectionChanged(StructuredViewer.java:819)
	at org.eclipse.jface.viewers.ColumnViewer.firePostSelectionChanged(ColumnViewer.java:1054)
	at org.eclipse.jface.viewers.StructuredViewer.handlePostSelect(StructuredViewer.java:1189)
	at org.eclipse.swt.events.SelectionListener$1.widgetSelected(SelectionListener.java:83)
	at org.eclipse.jface.util.OpenStrategy.firePostSelectionEvent(OpenStrategy.java:283)
	at org.eclipse.jface.util.OpenStrategy$1.lambda$1(OpenStrategy.java:437)
	at org.eclipse.swt.widgets.RunnableLock.run(RunnableLock.java:40)
	at org.eclipse.swt.widgets.Synchronizer.runAsyncMessages(Synchronizer.java:131)
	at org.eclipse.swt.widgets.Display.runAsyncMessages(Display.java:4136)
	at org.eclipse.swt.widgets.Display.readAndDispatch(Display.java:3752)
	at org.eclipse.jface.window.Window.runEventLoop(Window.java:819)
	at org.eclipse.jface.window.Window.open(Window.java:799)
	at org.eclipse.debug.internal.ui.launchConfigurations.LaunchConfigurationsDialog.open(LaunchConfigurationsDialog.java:1253)
	at org.eclipse.debug.ui.DebugUITools.lambda$1(DebugUITools.java:631)
	at org.eclipse.swt.custom.BusyIndicator.showWhile(BusyIndicator.java:69)
	at org.eclipse.debug.ui.DebugUITools.openLaunchConfigurationDialogOnGroup(DebugUITools.java:637)
	at org.eclipse.debug.ui.DebugUITools.openLaunchConfigurationDialogOnGroup(DebugUITools.java:575)
	at org.eclipse.debug.ui.actions.OpenLaunchDialogAction.run(OpenLaunchDialogAction.java:85)
	at org.eclipse.jface.action.Action.runWithEvent(Action.java:474)
	at org.eclipse.jface.action.ActionContributionItem.handleWidgetSelection(ActionContributionItem.java:581)
	at org.eclipse.jface.action.ActionContributionItem.lambda$4(ActionContributionItem.java:415)
	at org.eclipse.swt.widgets.EventTable.sendEvent(EventTable.java:91)
	at org.eclipse.swt.widgets.Display.sendEvent(Display.java:4363)
	at org.eclipse.swt.widgets.Widget.sendEvent(Widget.java:1217)
	at org.eclipse.swt.widgets.Widget.sendEvent(Widget.java:1241)
	at org.eclipse.swt.widgets.Widget.sendEvent(Widget.java:1226)
	at org.eclipse.swt.widgets.Widget.notifyListeners(Widget.java:863)
	at org.eclipse.jface.action.ActionContributionItem.lambda$8(ActionContributionItem.java:1204)
	at org.eclipse.swt.widgets.EventTable.sendEvent(EventTable.java:91)
	at org.eclipse.swt.widgets.Display.sendEvent(Display.java:4363)
	at org.eclipse.swt.widgets.Widget.sendEvent(Widget.java:1217)
	at org.eclipse.swt.widgets.Display.runDeferredEvents(Display.java:4161)
	at org.eclipse.swt.widgets.Display.readAndDispatch(Display.java:3749)
	at org.eclipse.e4.ui.internal.workbench.swt.PartRenderingEngine$5.run(PartRenderingEngine.java:1160)
	at org.eclipse.core.databinding.observable.Realm.runWithDefault(Realm.java:339)
	at org.eclipse.e4.ui.internal.workbench.swt.PartRenderingEngine.run(PartRenderingEngine.java:1051)
	at org.eclipse.e4.ui.internal.workbench.E4Workbench.createAndRunUI(E4Workbench.java:153)
	at org.eclipse.ui.internal.Workbench.lambda$3(Workbench.java:680)
	at org.eclipse.core.databinding.observable.Realm.runWithDefault(Realm.java:339)
	at org.eclipse.ui.internal.Workbench.createAndRunWorkbench(Workbench.java:583)
	at org.eclipse.ui.PlatformUI.createAndRunWorkbench(PlatformUI.java:173)
	at org.eclipse.ui.internal.ide.application.IDEApplication.start(IDEApplication.java:193)
	at org.eclipse.equinox.internal.app.EclipseAppHandle.run(EclipseAppHandle.java:219)
	at org.eclipse.core.runtime.internal.adaptor.EclipseAppLauncher.runApplication(EclipseAppLauncher.java:149)
	at org.eclipse.core.runtime.internal.adaptor.EclipseAppLauncher.start(EclipseAppLauncher.java:115)
	at org.eclipse.core.runtime.adaptor.EclipseStarter.run(EclipseStarter.java:467)
	at org.eclipse.core.runtime.adaptor.EclipseStarter.run(EclipseStarter.java:298)
	at java.base/jdk.internal.reflect.DirectMethodHandleAccessor.invoke(DirectMethodHandleAccessor.java:104)
	at java.base/java.lang.reflect.Method.invoke(Method.java:565)
	at org.eclipse.equinox.launcher.Main.invokeFramework(Main.java:615)
	at org.eclipse.equinox.launcher.Main.basicRun(Main.java:563)
	at org.eclipse.equinox.launcher.Main.run(Main.java:1415)
	at org.eclipse.equinox.launcher.Main.main(Main.java:1387)
2026-10-06 10:35:25,750 [main] ERROR o.e.m.j.i.l.MavenLaunchConfigurationListener - Launch configuration New_configuration (1) references non-existing project ForLoop.
org.eclipse.core.runtime.CoreException: Launch configuration New_configuration (1) references non-existing project ForLoop.
	at org.eclipse.jdt.launching.JavaRuntime.abort(JavaRuntime.java:1915)
	at org.eclipse.jdt.launching.JavaRuntime.getJavaProject(JavaRuntime.java:1792)
	at org.eclipse.m2e.jdt.internal.launch.MavenLaunchConfigurationListener.updateLaunchConfiguration(MavenLaunchConfigurationListener.java:66)
	at org.eclipse.m2e.jdt.internal.launch.MavenLaunchConfigurationListener.launchConfigurationChanged(MavenLaunchConfigurationListener.java:52)
	at org.eclipse.debug.internal.core.LaunchManager$ConfigurationNotifier.run(LaunchManager.java:220)
	at org.eclipse.core.runtime.SafeRunner.run(SafeRunner.java:47)
	at org.eclipse.debug.internal.core.LaunchManager$ConfigurationNotifier.notify(LaunchManager.java:204)
	at org.eclipse.debug.internal.core.LaunchConfigurationWorkingCopy.setDirty(LaunchConfigurationWorkingCopy.java:527)
	at org.eclipse.debug.internal.core.LaunchConfigurationWorkingCopy.setAttribute(LaunchConfigurationWorkingCopy.java:415)
	at org.eclipse.debug.ui.CommonTab.performApply(CommonTab.java:1093)
	at org.eclipse.debug.ui.AbstractLaunchConfigurationTabGroup.performApply(AbstractLaunchConfigurationTabGroup.java:106)
	at org.eclipse.debug.internal.ui.launchConfigurations.LaunchConfigurationTabGroupWrapper.performApply(LaunchConfigurationTabGroupWrapper.java:205)
	at org.eclipse.debug.internal.ui.launchConfigurations.LaunchConfigurationTabGroupViewer.handleApplyPressed(LaunchConfigurationTabGroupViewer.java:1524)
	at org.eclipse.debug.internal.ui.launchConfigurations.LaunchConfigurationsDialog.handleLaunchConfigurationSelectionChanged(LaunchConfigurationsDialog.java:1069)
	at org.eclipse.debug.internal.ui.launchConfigurations.LaunchConfigurationsDialog.lambda$1(LaunchConfigurationsDialog.java:612)
	at org.eclipse.jface.viewers.StructuredViewer$3.run(StructuredViewer.java:822)
	at org.eclipse.core.runtime.SafeRunner.run(SafeRunner.java:47)
	at org.eclipse.jface.util.SafeRunnable.run(SafeRunnable.java:169)
	at org.eclipse.jface.viewers.StructuredViewer.firePostSelectionChanged(StructuredViewer.java:819)
	at org.eclipse.jface.viewers.ColumnViewer.firePostSelectionChanged(ColumnViewer.java:1054)
	at org.eclipse.jface.viewers.StructuredViewer.handlePostSelect(StructuredViewer.java:1189)
	at org.eclipse.swt.events.SelectionListener$1.widgetSelected(SelectionListener.java:83)
	at org.eclipse.jface.util.OpenStrategy.firePostSelectionEvent(OpenStrategy.java:283)
	at org.eclipse.jface.util.OpenStrategy$1.lambda$1(OpenStrategy.java:437)
	at org.eclipse.swt.widgets.RunnableLock.run(RunnableLock.java:40)
	at org.eclipse.swt.widgets.Synchronizer.runAsyncMessages(Synchronizer.java:131)
	at org.eclipse.swt.widgets.Display.runAsyncMessages(Display.java:4136)
	at org.eclipse.swt.widgets.Display.readAndDispatch(Display.java:3752)
	at org.eclipse.jface.window.Window.runEventLoop(Window.java:819)
	at org.eclipse.jface.window.Window.open(Window.java:799)
	at org.eclipse.debug.internal.ui.launchConfigurations.LaunchConfigurationsDialog.open(LaunchConfigurationsDialog.java:1253)
	at org.eclipse.debug.ui.DebugUITools.lambda$1(DebugUITools.java:631)
	at org.eclipse.swt.custom.BusyIndicator.showWhile(BusyIndicator.java:69)
	at org.eclipse.debug.ui.DebugUITools.openLaunchConfigurationDialogOnGroup(DebugUITools.java:637)
	at org.eclipse.debug.ui.DebugUITools.openLaunchConfigurationDialogOnGroup(DebugUITools.java:575)
	at org.eclipse.debug.ui.actions.OpenLaunchDialogAction.run(OpenLaunchDialogAction.java:85)
	at org.eclipse.jface.action.Action.runWithEvent(Action.java:474)
	at org.eclipse.jface.action.ActionContributionItem.handleWidgetSelection(ActionContributionItem.java:581)
	at org.eclipse.jface.action.ActionContributionItem.lambda$4(ActionContributionItem.java:415)
	at org.eclipse.swt.widgets.EventTable.sendEvent(EventTable.java:91)
	at org.eclipse.swt.widgets.Display.sendEvent(Display.java:4363)
	at org.eclipse.swt.widgets.Widget.sendEvent(Widget.java:1217)
	at org.eclipse.swt.widgets.Widget.sendEvent(Widget.java:1241)
	at org.eclipse.swt.widgets.Widget.sendEvent(Widget.java:1226)
	at org.eclipse.swt.widgets.Widget.notifyListeners(Widget.java:863)
	at org.eclipse.jface.action.ActionContributionItem.lambda$8(ActionContributionItem.java:1204)
	at org.eclipse.swt.widgets.EventTable.sendEvent(EventTable.java:91)
	at org.eclipse.swt.widgets.Display.sendEvent(Display.java:4363)
	at org.eclipse.swt.widgets.Widget.sendEvent(Widget.java:1217)
	at org.eclipse.swt.widgets.Display.runDeferredEvents(Display.java:4161)
	at org.eclipse.swt.widgets.Display.readAndDispatch(Display.java:3749)
	at org.eclipse.e4.ui.internal.workbench.swt.PartRenderingEngine$5.run(PartRenderingEngine.java:1160)
	at org.eclipse.core.databinding.observable.Realm.runWithDefault(Realm.java:339)
	at org.eclipse.e4.ui.internal.workbench.swt.PartRenderingEngine.run(PartRenderingEngine.java:1051)
	at org.eclipse.e4.ui.internal.workbench.E4Workbench.createAndRunUI(E4Workbench.java:153)
	at org.eclipse.ui.internal.Workbench.lambda$3(Workbench.java:680)
	at org.eclipse.core.databinding.observable.Realm.runWithDefault(Realm.java:339)
	at org.eclipse.ui.internal.Workbench.createAndRunWorkbench(Workbench.java:583)
	at org.eclipse.ui.PlatformUI.createAndRunWorkbench(PlatformUI.java:173)
	at org.eclipse.ui.internal.ide.application.IDEApplication.start(IDEApplication.java:193)
	at org.eclipse.equinox.internal.app.EclipseAppHandle.run(EclipseAppHandle.java:219)
	at org.eclipse.core.runtime.internal.adaptor.EclipseAppLauncher.runApplication(EclipseAppLauncher.java:149)
	at org.eclipse.core.runtime.internal.adaptor.EclipseAppLauncher.start(EclipseAppLauncher.java:115)
	at org.eclipse.core.runtime.adaptor.EclipseStarter.run(EclipseStarter.java:467)
	at org.eclipse.core.runtime.adaptor.EclipseStarter.run(EclipseStarter.java:298)
	at java.base/jdk.internal.reflect.DirectMethodHandleAccessor.invoke(DirectMethodHandleAccessor.java:104)
	at java.base/java.lang.reflect.Method.invoke(Method.java:565)
	at org.eclipse.equinox.launcher.Main.invokeFramework(Main.java:615)
	at org.eclipse.equinox.launcher.Main.basicRun(Main.java:563)
	at org.eclipse.equinox.launcher.Main.run(Main.java:1415)
	at org.eclipse.equinox.launcher.Main.main(Main.java:1387)
2026-10-06 10:35:25,752 [main] ERROR o.e.m.j.i.l.MavenLaunchConfigurationListener - Launch configuration New_configuration (1) references non-existing project ForLoop.
org.eclipse.core.runtime.CoreException: Launch configuration New_configuration (1) references non-existing project ForLoop.
	at org.eclipse.jdt.launching.JavaRuntime.abort(JavaRuntime.java:1915)
	at org.eclipse.jdt.launching.JavaRuntime.getJavaProject(JavaRuntime.java:1792)
	at org.eclipse.m2e.jdt.internal.launch.MavenLaunchConfigurationListener.updateLaunchConfiguration(MavenLaunchConfigurationListener.java:66)
	at org.eclipse.m2e.jdt.internal.launch.MavenLaunchConfigurationListener.launchConfigurationChanged(MavenLaunchConfigurationListener.java:52)
	at org.eclipse.debug.internal.core.LaunchManager$ConfigurationNotifier.run(LaunchManager.java:220)
	at org.eclipse.core.runtime.SafeRunner.run(SafeRunner.java:47)
	at org.eclipse.debug.internal.core.LaunchManager$ConfigurationNotifier.notify(LaunchManager.java:204)
	at org.eclipse.debug.internal.core.LaunchConfigurationWorkingCopy.setDirty(LaunchConfigurationWorkingCopy.java:527)
	at org.eclipse.debug.internal.core.LaunchConfigurationWorkingCopy.setAttribute(LaunchConfigurationWorkingCopy.java:415)
	at org.eclipse.debug.ui.CommonTab.performApply(CommonTab.java:1099)
	at org.eclipse.debug.ui.AbstractLaunchConfigurationTabGroup.performApply(AbstractLaunchConfigurationTabGroup.java:106)
	at org.eclipse.debug.internal.ui.launchConfigurations.LaunchConfigurationTabGroupWrapper.performApply(LaunchConfigurationTabGroupWrapper.java:205)
	at org.eclipse.debug.internal.ui.launchConfigurations.LaunchConfigurationTabGroupViewer.handleApplyPressed(LaunchConfigurationTabGroupViewer.java:1524)
	at org.eclipse.debug.internal.ui.launchConfigurations.LaunchConfigurationsDialog.handleLaunchConfigurationSelectionChanged(LaunchConfigurationsDialog.java:1069)
	at org.eclipse.debug.internal.ui.launchConfigurations.LaunchConfigurationsDialog.lambda$1(LaunchConfigurationsDialog.java:612)
	at org.eclipse.jface.viewers.StructuredViewer$3.run(StructuredViewer.java:822)
	at org.eclipse.core.runtime.SafeRunner.run(SafeRunner.java:47)
	at org.eclipse.jface.util.SafeRunnable.run(SafeRunnable.java:169)
	at org.eclipse.jface.viewers.StructuredViewer.firePostSelectionChanged(StructuredViewer.java:819)
	at org.eclipse.jface.viewers.ColumnViewer.firePostSelectionChanged(ColumnViewer.java:1054)
	at org.eclipse.jface.viewers.StructuredViewer.handlePostSelect(StructuredViewer.java:1189)
	at org.eclipse.swt.events.SelectionListener$1.widgetSelected(SelectionListener.java:83)
	at org.eclipse.jface.util.OpenStrategy.firePostSelectionEvent(OpenStrategy.java:283)
	at org.eclipse.jface.util.OpenStrategy$1.lambda$1(OpenStrategy.java:437)
	at org.eclipse.swt.widgets.RunnableLock.run(RunnableLock.java:40)
	at org.eclipse.swt.widgets.Synchronizer.runAsyncMessages(Synchronizer.java:131)
	at org.eclipse.swt.widgets.Display.runAsyncMessages(Display.java:4136)
	at org.eclipse.swt.widgets.Display.readAndDispatch(Display.java:3752)
	at org.eclipse.jface.window.Window.runEventLoop(Window.java:819)
	at org.eclipse.jface.window.Window.open(Window.java:799)
	at org.eclipse.debug.internal.ui.launchConfigurations.LaunchConfigurationsDialog.open(LaunchConfigurationsDialog.java:1253)
	at org.eclipse.debug.ui.DebugUITools.lambda$1(DebugUITools.java:631)
	at org.eclipse.swt.custom.BusyIndicator.showWhile(BusyIndicator.java:69)
	at org.eclipse.debug.ui.DebugUITools.openLaunchConfigurationDialogOnGroup(DebugUITools.java:637)
	at org.eclipse.debug.ui.DebugUITools.openLaunchConfigurationDialogOnGroup(DebugUITools.java:575)
	at org.eclipse.debug.ui.actions.OpenLaunchDialogAction.run(OpenLaunchDialogAction.java:85)
	at org.eclipse.jface.action.Action.runWithEvent(Action.java:474)
	at org.eclipse.jface.action.ActionContributionItem.handleWidgetSelection(ActionContributionItem.java:581)
	at org.eclipse.jface.action.ActionContributionItem.lambda$4(ActionContributionItem.java:415)
	at org.eclipse.swt.widgets.EventTable.sendEvent(EventTable.java:91)
	at org.eclipse.swt.widgets.Display.sendEvent(Display.java:4363)
	at org.eclipse.swt.widgets.Widget.sendEvent(Widget.java:1217)
	at org.eclipse.swt.widgets.Widget.sendEvent(Widget.java:1241)
	at org.eclipse.swt.widgets.Widget.sendEvent(Widget.java:1226)
	at org.eclipse.swt.widgets.Widget.notifyListeners(Widget.java:863)
	at org.eclipse.jface.action.ActionContributionItem.lambda$8(ActionContributionItem.java:1204)
	at org.eclipse.swt.widgets.EventTable.sendEvent(EventTable.java:91)
	at org.eclipse.swt.widgets.Display.sendEvent(Display.java:4363)
	at org.eclipse.swt.widgets.Widget.sendEvent(Widget.java:1217)
	at org.eclipse.swt.widgets.Display.runDeferredEvents(Display.java:4161)
	at org.eclipse.swt.widgets.Display.readAndDispatch(Display.java:3749)
	at org.eclipse.e4.ui.internal.workbench.swt.PartRenderingEngine$5.run(PartRenderingEngine.java:1160)
	at org.eclipse.core.databinding.observable.Realm.runWithDefault(Realm.java:339)
	at org.eclipse.e4.ui.internal.workbench.swt.PartRenderingEngine.run(PartRenderingEngine.java:1051)
	at org.eclipse.e4.ui.internal.workbench.E4Workbench.createAndRunUI(E4Workbench.java:153)
	at org.eclipse.ui.internal.Workbench.lambda$3(Workbench.java:680)
	at org.eclipse.core.databinding.observable.Realm.runWithDefault(Realm.java:339)
	at org.eclipse.ui.internal.Workbench.createAndRunWorkbench(Workbench.java:583)
	at org.eclipse.ui.PlatformUI.createAndRunWorkbench(PlatformUI.java:173)
	at org.eclipse.ui.internal.ide.application.IDEApplication.start(IDEApplication.java:193)
	at org.eclipse.equinox.internal.app.EclipseAppHandle.run(EclipseAppHandle.java:219)
	at org.eclipse.core.runtime.internal.adaptor.EclipseAppLauncher.runApplication(EclipseAppLauncher.java:149)
	at org.eclipse.core.runtime.internal.adaptor.EclipseAppLauncher.start(EclipseAppLauncher.java:115)
	at org.eclipse.core.runtime.adaptor.EclipseStarter.run(EclipseStarter.java:467)
	at org.eclipse.core.runtime.adaptor.EclipseStarter.run(EclipseStarter.java:298)
	at java.base/jdk.internal.reflect.DirectMethodHandleAccessor.invoke(DirectMethodHandleAccessor.java:104)
	at java.base/java.lang.reflect.Method.invoke(Method.java:565)
	at org.eclipse.equinox.launcher.Main.invokeFramework(Main.java:615)
	at org.eclipse.equinox.launcher.Main.basicRun(Main.java:563)
	at org.eclipse.equinox.launcher.Main.run(Main.java:1415)
	at org.eclipse.equinox.launcher.Main.main(Main.java:1387)
2026-10-06 10:35:25,753 [main] ERROR o.e.m.j.i.l.MavenLaunchConfigurationListener - Launch configuration New_configuration (1) references non-existing project ForLoop.
org.eclipse.core.runtime.CoreException: Launch configuration New_configuration (1) references non-existing project ForLoop.
	at org.eclipse.jdt.launching.JavaRuntime.abort(JavaRuntime.java:1915)
	at org.eclipse.jdt.launching.JavaRuntime.getJavaProject(JavaRuntime.java:1792)
	at org.eclipse.m2e.jdt.internal.launch.MavenLaunchConfigurationListener.updateLaunchConfiguration(MavenLaunchConfigurationListener.java:66)
	at org.eclipse.m2e.jdt.internal.launch.MavenLaunchConfigurationListener.launchConfigurationChanged(MavenLaunchConfigurationListener.java:52)
	at org.eclipse.debug.internal.core.LaunchManager$ConfigurationNotifier.run(LaunchManager.java:220)
	at org.eclipse.core.runtime.SafeRunner.run(SafeRunner.java:47)
	at org.eclipse.debug.internal.core.LaunchManager$ConfigurationNotifier.notify(LaunchManager.java:204)
	at org.eclipse.debug.internal.core.LaunchConfigurationWorkingCopy.setDirty(LaunchConfigurationWorkingCopy.java:527)
	at org.eclipse.debug.internal.core.LaunchConfigurationWorkingCopy.setAttribute(LaunchConfigurationWorkingCopy.java:415)
	at org.eclipse.debug.ui.CommonTab.performApply(CommonTab.java:1106)
	at org.eclipse.debug.ui.AbstractLaunchConfigurationTabGroup.performApply(AbstractLaunchConfigurationTabGroup.java:106)
	at org.eclipse.debug.internal.ui.launchConfigurations.LaunchConfigurationTabGroupWrapper.performApply(LaunchConfigurationTabGroupWrapper.java:205)
	at org.eclipse.debug.internal.ui.launchConfigurations.LaunchConfigurationTabGroupViewer.handleApplyPressed(LaunchConfigurationTabGroupViewer.java:1524)
	at org.eclipse.debug.internal.ui.launchConfigurations.LaunchConfigurationsDialog.handleLaunchConfigurationSelectionChanged(LaunchConfigurationsDialog.java:1069)
	at org.eclipse.debug.internal.ui.launchConfigurations.LaunchConfigurationsDialog.lambda$1(LaunchConfigurationsDialog.java:612)
	at org.eclipse.jface.viewers.StructuredViewer$3.run(StructuredViewer.java:822)
	at org.eclipse.core.runtime.SafeRunner.run(SafeRunner.java:47)
	at org.eclipse.jface.util.SafeRunnable.run(SafeRunnable.java:169)
	at org.eclipse.jface.viewers.StructuredViewer.firePostSelectionChanged(StructuredViewer.java:819)
	at org.eclipse.jface.viewers.ColumnViewer.firePostSelectionChanged(ColumnViewer.java:1054)
	at org.eclipse.jface.viewers.StructuredViewer.handlePostSelect(StructuredViewer.java:1189)
	at org.eclipse.swt.events.SelectionListener$1.widgetSelected(SelectionListener.java:83)
	at org.eclipse.jface.util.OpenStrategy.firePostSelectionEvent(OpenStrategy.java:283)
	at org.eclipse.jface.util.OpenStrategy$1.lambda$1(OpenStrategy.java:437)
	at org.eclipse.swt.widgets.RunnableLock.run(RunnableLock.java:40)
	at org.eclipse.swt.widgets.Synchronizer.runAsyncMessages(Synchronizer.java:131)
	at org.eclipse.swt.widgets.Display.runAsyncMessages(Display.java:4136)
	at org.eclipse.swt.widgets.Display.readAndDispatch(Display.java:3752)
	at org.eclipse.jface.window.Window.runEventLoop(Window.java:819)
	at org.eclipse.jface.window.Window.open(Window.java:799)
	at org.eclipse.debug.internal.ui.launchConfigurations.LaunchConfigurationsDialog.open(LaunchConfigurationsDialog.java:1253)
	at org.eclipse.debug.ui.DebugUITools.lambda$1(DebugUITools.java:631)
	at org.eclipse.swt.custom.BusyIndicator.showWhile(BusyIndicator.java:69)
	at org.eclipse.debug.ui.DebugUITools.openLaunchConfigurationDialogOnGroup(DebugUITools.java:637)
	at org.eclipse.debug.ui.DebugUITools.openLaunchConfigurationDialogOnGroup(DebugUITools.java:575)
	at org.eclipse.debug.ui.actions.OpenLaunchDialogAction.run(OpenLaunchDialogAction.java:85)
	at org.eclipse.jface.action.Action.runWithEvent(Action.java:474)
	at org.eclipse.jface.action.ActionContributionItem.handleWidgetSelection(ActionContributionItem.java:581)
	at org.eclipse.jface.action.ActionContributionItem.lambda$4(ActionContributionItem.java:415)
	at org.eclipse.swt.widgets.EventTable.sendEvent(EventTable.java:91)
	at org.eclipse.swt.widgets.Display.sendEvent(Display.java:4363)
	at org.eclipse.swt.widgets.Widget.sendEvent(Widget.java:1217)
	at org.eclipse.swt.widgets.Widget.sendEvent(Widget.java:1241)
	at org.eclipse.swt.widgets.Widget.sendEvent(Widget.java:1226)
	at org.eclipse.swt.widgets.Widget.notifyListeners(Widget.java:863)
	at org.eclipse.jface.action.ActionContributionItem.lambda$8(ActionContributionItem.java:1204)
	at org.eclipse.swt.widgets.EventTable.sendEvent(EventTable.java:91)
	at org.eclipse.swt.widgets.Display.sendEvent(Display.java:4363)
	at org.eclipse.swt.widgets.Widget.sendEvent(Widget.java:1217)
	at org.eclipse.swt.widgets.Display.runDeferredEvents(Display.java:4161)
	at org.eclipse.swt.widgets.Display.readAndDispatch(Display.java:3749)
	at org.eclipse.e4.ui.internal.workbench.swt.PartRenderingEngine$5.run(PartRenderingEngine.java:1160)
	at org.eclipse.core.databinding.observable.Realm.runWithDefault(Realm.java:339)
	at org.eclipse.e4.ui.internal.workbench.swt.PartRenderingEngine.run(PartRenderingEngine.java:1051)
	at org.eclipse.e4.ui.internal.workbench.E4Workbench.createAndRunUI(E4Workbench.java:153)
	at org.eclipse.ui.internal.Workbench.lambda$3(Workbench.java:680)
	at org.eclipse.core.databinding.observable.Realm.runWithDefault(Realm.java:339)
	at org.eclipse.ui.internal.Workbench.createAndRunWorkbench(Workbench.java:583)
	at org.eclipse.ui.PlatformUI.createAndRunWorkbench(PlatformUI.java:173)
	at org.eclipse.ui.internal.ide.application.IDEApplication.start(IDEApplication.java:193)
	at org.eclipse.equinox.internal.app.EclipseAppHandle.run(EclipseAppHandle.java:219)
	at org.eclipse.core.runtime.internal.adaptor.EclipseAppLauncher.runApplication(EclipseAppLauncher.java:149)
	at org.eclipse.core.runtime.internal.adaptor.EclipseAppLauncher.start(EclipseAppLauncher.java:115)
	at org.eclipse.core.runtime.adaptor.EclipseStarter.run(EclipseStarter.java:467)
	at org.eclipse.core.runtime.adaptor.EclipseStarter.run(EclipseStarter.java:298)
	at java.base/jdk.internal.reflect.DirectMethodHandleAccessor.invoke(DirectMethodHandleAccessor.java:104)
	at java.base/java.lang.reflect.Method.invoke(Method.java:565)
	at org.eclipse.equinox.launcher.Main.invokeFramework(Main.java:615)
	at org.eclipse.equinox.launcher.Main.basicRun(Main.java:563)
	at org.eclipse.equinox.launcher.Main.run(Main.java:1415)
	at org.eclipse.equinox.launcher.Main.main(Main.java:1387)
2026-10-06 10:35:25,758 [main] ERROR o.e.m.j.i.l.MavenLaunchConfigurationListener - Launch configuration New_configuration (1) references non-existing project ForLoop.
org.eclipse.core.runtime.CoreException: Launch configuration New_configuration (1) references non-existing project ForLoop.
	at org.eclipse.jdt.launching.JavaRuntime.abort(JavaRuntime.java:1915)
	at org.eclipse.jdt.launching.JavaRuntime.getJavaProject(JavaRuntime.java:1792)
	at org.eclipse.m2e.jdt.internal.launch.MavenLaunchConfigurationListener.updateLaunchConfiguration(MavenLaunchConfigurationListener.java:66)
	at org.eclipse.m2e.jdt.internal.launch.MavenLaunchConfigurationListener.launchConfigurationChanged(MavenLaunchConfigurationListener.java:52)
	at org.eclipse.debug.internal.core.LaunchManager$ConfigurationNotifier.run(LaunchManager.java:220)
	at org.eclipse.core.runtime.SafeRunner.run(SafeRunner.java:47)
	at org.eclipse.debug.internal.core.LaunchManager$ConfigurationNotifier.notify(LaunchManager.java:204)
	at org.eclipse.debug.internal.core.LaunchManager.launchConfigurationChanged(LaunchManager.java:2007)
	at org.eclipse.debug.internal.core.LaunchConfigurationWorkingCopy.writeNewFile(LaunchConfigurationWorkingCopy.java:380)
	at org.eclipse.debug.internal.core.LaunchConfigurationWorkingCopy.doSave0(LaunchConfigurationWorkingCopy.java:259)
	at org.eclipse.debug.internal.core.LaunchConfigurationWorkingCopy.doSave(LaunchConfigurationWorkingCopy.java:229)
	at org.eclipse.debug.internal.core.LaunchConfigurationWorkingCopy.doSave(LaunchConfigurationWorkingCopy.java:187)
	at org.eclipse.debug.internal.core.LaunchConfigurationWorkingCopy.doSave(LaunchConfigurationWorkingCopy.java:765)
	at org.eclipse.debug.internal.ui.launchConfigurations.LaunchConfigurationTabGroupViewer.handleApplyPressed(LaunchConfigurationTabGroupViewer.java:1538)
	at org.eclipse.debug.internal.ui.launchConfigurations.LaunchConfigurationsDialog.handleLaunchConfigurationSelectionChanged(LaunchConfigurationsDialog.java:1069)
	at org.eclipse.debug.internal.ui.launchConfigurations.LaunchConfigurationsDialog.lambda$1(LaunchConfigurationsDialog.java:612)
	at org.eclipse.jface.viewers.StructuredViewer$3.run(StructuredViewer.java:822)
	at org.eclipse.core.runtime.SafeRunner.run(SafeRunner.java:47)
	at org.eclipse.jface.util.SafeRunnable.run(SafeRunnable.java:169)
	at org.eclipse.jface.viewers.StructuredViewer.firePostSelectionChanged(StructuredViewer.java:819)
	at org.eclipse.jface.viewers.ColumnViewer.firePostSelectionChanged(ColumnViewer.java:1054)
	at org.eclipse.jface.viewers.StructuredViewer.handlePostSelect(StructuredViewer.java:1189)
	at org.eclipse.swt.events.SelectionListener$1.widgetSelected(SelectionListener.java:83)
	at org.eclipse.jface.util.OpenStrategy.firePostSelectionEvent(OpenStrategy.java:283)
	at org.eclipse.jface.util.OpenStrategy$1.lambda$1(OpenStrategy.java:437)
	at org.eclipse.swt.widgets.RunnableLock.run(RunnableLock.java:40)
	at org.eclipse.swt.widgets.Synchronizer.runAsyncMessages(Synchronizer.java:131)
	at org.eclipse.swt.widgets.Display.runAsyncMessages(Display.java:4136)
	at org.eclipse.swt.widgets.Display.readAndDispatch(Display.java:3752)
	at org.eclipse.jface.window.Window.runEventLoop(Window.java:819)
	at org.eclipse.jface.window.Window.open(Window.java:799)
	at org.eclipse.debug.internal.ui.launchConfigurations.LaunchConfigurationsDialog.open(LaunchConfigurationsDialog.java:1253)
	at org.eclipse.debug.ui.DebugUITools.lambda$1(DebugUITools.java:631)
	at org.eclipse.swt.custom.BusyIndicator.showWhile(BusyIndicator.java:69)
	at org.eclipse.debug.ui.DebugUITools.openLaunchConfigurationDialogOnGroup(DebugUITools.java:637)
	at org.eclipse.debug.ui.DebugUITools.openLaunchConfigurationDialogOnGroup(DebugUITools.java:575)
	at org.eclipse.debug.ui.actions.OpenLaunchDialogAction.run(OpenLaunchDialogAction.java:85)
	at org.eclipse.jface.action.Action.runWithEvent(Action.java:474)
	at org.eclipse.jface.action.ActionContributionItem.handleWidgetSelection(ActionContributionItem.java:581)
	at org.eclipse.jface.action.ActionContributionItem.lambda$4(ActionContributionItem.java:415)
	at org.eclipse.swt.widgets.EventTable.sendEvent(EventTable.java:91)
	at org.eclipse.swt.widgets.Display.sendEvent(Display.java:4363)
	at org.eclipse.swt.widgets.Widget.sendEvent(Widget.java:1217)
	at org.eclipse.swt.widgets.Widget.sendEvent(Widget.java:1241)
	at org.eclipse.swt.widgets.Widget.sendEvent(Widget.java:1226)
	at org.eclipse.swt.widgets.Widget.notifyListeners(Widget.java:863)
	at org.eclipse.jface.action.ActionContributionItem.lambda$8(ActionContributionItem.java:1204)
	at org.eclipse.swt.widgets.EventTable.sendEvent(EventTable.java:91)
	at org.eclipse.swt.widgets.Display.sendEvent(Display.java:4363)
	at org.eclipse.swt.widgets.Widget.sendEvent(Widget.java:1217)
	at org.eclipse.swt.widgets.Display.runDeferredEvents(Display.java:4161)
	at org.eclipse.swt.widgets.Display.readAndDispatch(Display.java:3749)
	at org.eclipse.e4.ui.internal.workbench.swt.PartRenderingEngine$5.run(PartRenderingEngine.java:1160)
	at org.eclipse.core.databinding.observable.Realm.runWithDefault(Realm.java:339)
	at org.eclipse.e4.ui.internal.workbench.swt.PartRenderingEngine.run(PartRenderingEngine.java:1051)
	at org.eclipse.e4.ui.internal.workbench.E4Workbench.createAndRunUI(E4Workbench.java:153)
	at org.eclipse.ui.internal.Workbench.lambda$3(Workbench.java:680)
	at org.eclipse.core.databinding.observable.Realm.runWithDefault(Realm.java:339)
	at org.eclipse.ui.internal.Workbench.createAndRunWorkbench(Workbench.java:583)
	at org.eclipse.ui.PlatformUI.createAndRunWorkbench(PlatformUI.java:173)
	at org.eclipse.ui.internal.ide.application.IDEApplication.start(IDEApplication.java:193)
	at org.eclipse.equinox.internal.app.EclipseAppHandle.run(EclipseAppHandle.java:219)
	at org.eclipse.core.runtime.internal.adaptor.EclipseAppLauncher.runApplication(EclipseAppLauncher.java:149)
	at org.eclipse.core.runtime.internal.adaptor.EclipseAppLauncher.start(EclipseAppLauncher.java:115)
	at org.eclipse.core.runtime.adaptor.EclipseStarter.run(EclipseStarter.java:467)
	at org.eclipse.core.runtime.adaptor.EclipseStarter.run(EclipseStarter.java:298)
	at java.base/jdk.internal.reflect.DirectMethodHandleAccessor.invoke(DirectMethodHandleAccessor.java:104)
	at java.base/java.lang.reflect.Method.invoke(Method.java:565)
	at org.eclipse.equinox.launcher.Main.invokeFramework(Main.java:615)
	at org.eclipse.equinox.launcher.Main.basicRun(Main.java:563)
	at org.eclipse.equinox.launcher.Main.run(Main.java:1415)
	at org.eclipse.equinox.launcher.Main.main(Main.java:1387)
2026-10-06 10:35:25,761 [main] ERROR o.e.m.j.i.l.MavenLaunchConfigurationListener - Launch configuration New_configuration (1) references non-existing project ForLoop.
org.eclipse.core.runtime.CoreException: Launch configuration New_configuration (1) references non-existing project ForLoop.
	at org.eclipse.jdt.launching.JavaRuntime.abort(JavaRuntime.java:1915)
	at org.eclipse.jdt.launching.JavaRuntime.getJavaProject(JavaRuntime.java:1792)
	at org.eclipse.m2e.jdt.internal.launch.MavenLaunchConfigurationListener.updateLaunchConfiguration(MavenLaunchConfigurationListener.java:66)
	at org.eclipse.m2e.jdt.internal.launch.MavenLaunchConfigurationListener.launchConfigurationChanged(MavenLaunchConfigurationListener.java:52)
	at org.eclipse.debug.internal.core.LaunchManager$ConfigurationNotifier.run(LaunchManager.java:220)
	at org.eclipse.core.runtime.SafeRunner.run(SafeRunner.java:47)
	at org.eclipse.debug.internal.core.LaunchManager$ConfigurationNotifier.notify(LaunchManager.java:204)
	at org.eclipse.debug.internal.core.LaunchConfigurationWorkingCopy.setDirty(LaunchConfigurationWorkingCopy.java:527)
	at org.eclipse.debug.internal.core.LaunchConfigurationWorkingCopy.setAttribute(LaunchConfigurationWorkingCopy.java:415)
	at org.eclipse.jdt.debug.ui.launchConfigurations.JavaMainTab.performApply(JavaMainTab.java:233)
	at org.eclipse.debug.internal.ui.launchConfigurations.LaunchConfigurationTabGroupViewer.refresh(LaunchConfigurationTabGroupViewer.java:531)
	at org.eclipse.debug.internal.ui.launchConfigurations.LaunchConfigurationsDialog.updateButtons(LaunchConfigurationsDialog.java:1663)
	at org.eclipse.debug.internal.ui.launchConfigurations.LaunchConfigurationsDialog.handleLaunchConfigurationSelectionChanged(LaunchConfigurationsDialog.java:1074)
	at org.eclipse.debug.internal.ui.launchConfigurations.LaunchConfigurationsDialog.lambda$1(LaunchConfigurationsDialog.java:612)
	at org.eclipse.jface.viewers.StructuredViewer$3.run(StructuredViewer.java:822)
	at org.eclipse.core.runtime.SafeRunner.run(SafeRunner.java:47)
	at org.eclipse.jface.util.SafeRunnable.run(SafeRunnable.java:169)
	at org.eclipse.jface.viewers.StructuredViewer.firePostSelectionChanged(StructuredViewer.java:819)
	at org.eclipse.jface.viewers.ColumnViewer.firePostSelectionChanged(ColumnViewer.java:1054)
	at org.eclipse.jface.viewers.StructuredViewer.handlePostSelect(StructuredViewer.java:1189)
	at org.eclipse.swt.events.SelectionListener$1.widgetSelected(SelectionListener.java:83)
	at org.eclipse.jface.util.OpenStrategy.firePostSelectionEvent(OpenStrategy.java:283)
	at org.eclipse.jface.util.OpenStrategy$1.lambda$1(OpenStrategy.java:437)
	at org.eclipse.swt.widgets.RunnableLock.run(RunnableLock.java:40)
	at org.eclipse.swt.widgets.Synchronizer.runAsyncMessages(Synchronizer.java:131)
	at org.eclipse.swt.widgets.Display.runAsyncMessages(Display.java:4136)
	at org.eclipse.swt.widgets.Display.readAndDispatch(Display.java:3752)
	at org.eclipse.jface.window.Window.runEventLoop(Window.java:819)
	at org.eclipse.jface.window.Window.open(Window.java:799)
	at org.eclipse.debug.internal.ui.launchConfigurations.LaunchConfigurationsDialog.open(LaunchConfigurationsDialog.java:1253)
	at org.eclipse.debug.ui.DebugUITools.lambda$1(DebugUITools.java:631)
	at org.eclipse.swt.custom.BusyIndicator.showWhile(BusyIndicator.java:69)
	at org.eclipse.debug.ui.DebugUITools.openLaunchConfigurationDialogOnGroup(DebugUITools.java:637)
	at org.eclipse.debug.ui.DebugUITools.openLaunchConfigurationDialogOnGroup(DebugUITools.java:575)
	at org.eclipse.debug.ui.actions.OpenLaunchDialogAction.run(OpenLaunchDialogAction.java:85)
	at org.eclipse.jface.action.Action.runWithEvent(Action.java:474)
	at org.eclipse.jface.action.ActionContributionItem.handleWidgetSelection(ActionContributionItem.java:581)
	at org.eclipse.jface.action.ActionContributionItem.lambda$4(ActionContributionItem.java:415)
	at org.eclipse.swt.widgets.EventTable.sendEvent(EventTable.java:91)
	at org.eclipse.swt.widgets.Display.sendEvent(Display.java:4363)
	at org.eclipse.swt.widgets.Widget.sendEvent(Widget.java:1217)
	at org.eclipse.swt.widgets.Widget.sendEvent(Widget.java:1241)
	at org.eclipse.swt.widgets.Widget.sendEvent(Widget.java:1226)
	at org.eclipse.swt.widgets.Widget.notifyListeners(Widget.java:863)
	at org.eclipse.jface.action.ActionContributionItem.lambda$8(ActionContributionItem.java:1204)
	at org.eclipse.swt.widgets.EventTable.sendEvent(EventTable.java:91)
	at org.eclipse.swt.widgets.Display.sendEvent(Display.java:4363)
	at org.eclipse.swt.widgets.Widget.sendEvent(Widget.java:1217)
	at org.eclipse.swt.widgets.Display.runDeferredEvents(Display.java:4161)
	at org.eclipse.swt.widgets.Display.readAndDispatch(Display.java:3749)
	at org.eclipse.e4.ui.internal.workbench.swt.PartRenderingEngine$5.run(PartRenderingEngine.java:1160)
	at org.eclipse.core.databinding.observable.Realm.runWithDefault(Realm.java:339)
	at org.eclipse.e4.ui.internal.workbench.swt.PartRenderingEngine.run(PartRenderingEngine.java:1051)
	at org.eclipse.e4.ui.internal.workbench.E4Workbench.createAndRunUI(E4Workbench.java:153)
	at org.eclipse.ui.internal.Workbench.lambda$3(Workbench.java:680)
	at org.eclipse.core.databinding.observable.Realm.runWithDefault(Realm.java:339)
	at org.eclipse.ui.internal.Workbench.createAndRunWorkbench(Workbench.java:583)
	at org.eclipse.ui.PlatformUI.createAndRunWorkbench(PlatformUI.java:173)
	at org.eclipse.ui.internal.ide.application.IDEApplication.start(IDEApplication.java:193)
	at org.eclipse.equinox.internal.app.EclipseAppHandle.run(EclipseAppHandle.java:219)
	at org.eclipse.core.runtime.internal.adaptor.EclipseAppLauncher.runApplication(EclipseAppLauncher.java:149)
	at org.eclipse.core.runtime.internal.adaptor.EclipseAppLauncher.start(EclipseAppLauncher.java:115)
	at org.eclipse.core.runtime.adaptor.EclipseStarter.run(EclipseStarter.java:467)
	at org.eclipse.core.runtime.adaptor.EclipseStarter.run(EclipseStarter.java:298)
	at java.base/jdk.internal.reflect.DirectMethodHandleAccessor.invoke(DirectMethodHandleAccessor.java:104)
	at java.base/java.lang.reflect.Method.invoke(Method.java:565)
	at org.eclipse.equinox.launcher.Main.invokeFramework(Main.java:615)
	at org.eclipse.equinox.launcher.Main.basicRun(Main.java:563)
	at org.eclipse.equinox.launcher.Main.run(Main.java:1415)
	at org.eclipse.equinox.launcher.Main.main(Main.java:1387)
2026-10-06 10:35:25,763 [main] ERROR o.e.m.j.i.l.MavenLaunchConfigurationListener - Launch configuration New_configuration (1) references non-existing project ForLoop.
org.eclipse.core.runtime.CoreException: Launch configuration New_configuration (1) references non-existing project ForLoop.
	at org.eclipse.jdt.launching.JavaRuntime.abort(JavaRuntime.java:1915)
	at org.eclipse.jdt.launching.JavaRuntime.getJavaProject(JavaRuntime.java:1792)
	at org.eclipse.m2e.jdt.internal.launch.MavenLaunchConfigurationListener.updateLaunchConfiguration(MavenLaunchConfigurationListener.java:66)
	at org.eclipse.m2e.jdt.internal.launch.MavenLaunchConfigurationListener.launchConfigurationChanged(MavenLaunchConfigurationListener.java:52)
	at org.eclipse.debug.internal.core.LaunchManager$ConfigurationNotifier.run(LaunchManager.java:220)
	at org.eclipse.core.runtime.SafeRunner.run(SafeRunner.java:47)
	at org.eclipse.debug.internal.core.LaunchManager$ConfigurationNotifier.notify(LaunchManager.java:204)
	at org.eclipse.debug.internal.core.LaunchConfigurationWorkingCopy.setDirty(LaunchConfigurationWorkingCopy.java:527)
	at org.eclipse.debug.internal.core.LaunchConfigurationWorkingCopy.setAttribute(LaunchConfigurationWorkingCopy.java:415)
	at org.eclipse.jdt.debug.ui.launchConfigurations.JavaMainTab.performApply(JavaMainTab.java:234)
	at org.eclipse.debug.internal.ui.launchConfigurations.LaunchConfigurationTabGroupViewer.refresh(LaunchConfigurationTabGroupViewer.java:531)
	at org.eclipse.debug.internal.ui.launchConfigurations.LaunchConfigurationsDialog.updateButtons(LaunchConfigurationsDialog.java:1663)
	at org.eclipse.debug.internal.ui.launchConfigurations.LaunchConfigurationsDialog.handleLaunchConfigurationSelectionChanged(LaunchConfigurationsDialog.java:1074)
	at org.eclipse.debug.internal.ui.launchConfigurations.LaunchConfigurationsDialog.lambda$1(LaunchConfigurationsDialog.java:612)
	at org.eclipse.jface.viewers.StructuredViewer$3.run(StructuredViewer.java:822)
	at org.eclipse.core.runtime.SafeRunner.run(SafeRunner.java:47)
	at org.eclipse.jface.util.SafeRunnable.run(SafeRunnable.java:169)
	at org.eclipse.jface.viewers.StructuredViewer.firePostSelectionChanged(StructuredViewer.java:819)
	at org.eclipse.jface.viewers.ColumnViewer.firePostSelectionChanged(ColumnViewer.java:1054)
	at org.eclipse.jface.viewers.StructuredViewer.handlePostSelect(StructuredViewer.java:1189)
	at org.eclipse.swt.events.SelectionListener$1.widgetSelected(SelectionListener.java:83)
	at org.eclipse.jface.util.OpenStrategy.firePostSelectionEvent(OpenStrategy.java:283)
	at org.eclipse.jface.util.OpenStrategy$1.lambda$1(OpenStrategy.java:437)
	at org.eclipse.swt.widgets.RunnableLock.run(RunnableLock.java:40)
	at org.eclipse.swt.widgets.Synchronizer.runAsyncMessages(Synchronizer.java:131)
	at org.eclipse.swt.widgets.Display.runAsyncMessages(Display.java:4136)
	at org.eclipse.swt.widgets.Display.readAndDispatch(Display.java:3752)
	at org.eclipse.jface.window.Window.runEventLoop(Window.java:819)
	at org.eclipse.jface.window.Window.open(Window.java:799)
	at org.eclipse.debug.internal.ui.launchConfigurations.LaunchConfigurationsDialog.open(LaunchConfigurationsDialog.java:1253)
	at org.eclipse.debug.ui.DebugUITools.lambda$1(DebugUITools.java:631)
	at org.eclipse.swt.custom.BusyIndicator.showWhile(BusyIndicator.java:69)
	at org.eclipse.debug.ui.DebugUITools.openLaunchConfigurationDialogOnGroup(DebugUITools.java:637)
	at org.eclipse.debug.ui.DebugUITools.openLaunchConfigurationDialogOnGroup(DebugUITools.java:575)
	at org.eclipse.debug.ui.actions.OpenLaunchDialogAction.run(OpenLaunchDialogAction.java:85)
	at org.eclipse.jface.action.Action.runWithEvent(Action.java:474)
	at org.eclipse.jface.action.ActionContributionItem.handleWidgetSelection(ActionContributionItem.java:581)
	at org.eclipse.jface.action.ActionContributionItem.lambda$4(ActionContributionItem.java:415)
	at org.eclipse.swt.widgets.EventTable.sendEvent(EventTable.java:91)
	at org.eclipse.swt.widgets.Display.sendEvent(Display.java:4363)
	at org.eclipse.swt.widgets.Widget.sendEvent(Widget.java:1217)
	at org.eclipse.swt.widgets.Widget.sendEvent(Widget.java:1241)
	at org.eclipse.swt.widgets.Widget.sendEvent(Widget.java:1226)
	at org.eclipse.swt.widgets.Widget.notifyListeners(Widget.java:863)
	at org.eclipse.jface.action.ActionContributionItem.lambda$8(ActionContributionItem.java:1204)
	at org.eclipse.swt.widgets.EventTable.sendEvent(EventTable.java:91)
	at org.eclipse.swt.widgets.Display.sendEvent(Display.java:4363)
	at org.eclipse.swt.widgets.Widget.sendEvent(Widget.java:1217)
	at org.eclipse.swt.widgets.Display.runDeferredEvents(Display.java:4161)
	at org.eclipse.swt.widgets.Display.readAndDispatch(Display.java:3749)
	at org.eclipse.e4.ui.internal.workbench.swt.PartRenderingEngine$5.run(PartRenderingEngine.java:1160)
	at org.eclipse.core.databinding.observable.Realm.runWithDefault(Realm.java:339)
	at org.eclipse.e4.ui.internal.workbench.swt.PartRenderingEngine.run(PartRenderingEngine.java:1051)
	at org.eclipse.e4.ui.internal.workbench.E4Workbench.createAndRunUI(E4Workbench.java:153)
	at org.eclipse.ui.internal.Workbench.lambda$3(Workbench.java:680)
	at org.eclipse.core.databinding.observable.Realm.runWithDefault(Realm.java:339)
	at org.eclipse.ui.internal.Workbench.createAndRunWorkbench(Workbench.java:583)
	at org.eclipse.ui.PlatformUI.createAndRunWorkbench(PlatformUI.java:173)
	at org.eclipse.ui.internal.ide.application.IDEApplication.start(IDEApplication.java:193)
	at org.eclipse.equinox.internal.app.EclipseAppHandle.run(EclipseAppHandle.java:219)
	at org.eclipse.core.runtime.internal.adaptor.EclipseAppLauncher.runApplication(EclipseAppLauncher.java:149)
	at org.eclipse.core.runtime.internal.adaptor.EclipseAppLauncher.start(EclipseAppLauncher.java:115)
	at org.eclipse.core.runtime.adaptor.EclipseStarter.run(EclipseStarter.java:467)
	at org.eclipse.core.runtime.adaptor.EclipseStarter.run(EclipseStarter.java:298)
	at java.base/jdk.internal.reflect.DirectMethodHandleAccessor.invoke(DirectMethodHandleAccessor.java:104)
	at java.base/java.lang.reflect.Method.invoke(Method.java:565)
	at org.eclipse.equinox.launcher.Main.invokeFramework(Main.java:615)
	at org.eclipse.equinox.launcher.Main.basicRun(Main.java:563)
	at org.eclipse.equinox.launcher.Main.run(Main.java:1415)
	at org.eclipse.equinox.launcher.Main.main(Main.java:1387)
2026-10-06 10:35:25,765 [main] ERROR o.e.m.j.i.l.MavenLaunchConfigurationListener - Launch configuration New_configuration (1) references non-existing project ForLoop.
org.eclipse.core.runtime.CoreException: Launch configuration New_configuration (1) references non-existing project ForLoop.
	at org.eclipse.jdt.launching.JavaRuntime.abort(JavaRuntime.java:1915)
	at org.eclipse.jdt.launching.JavaRuntime.getJavaProject(JavaRuntime.java:1792)
	at org.eclipse.m2e.jdt.internal.launch.MavenLaunchConfigurationListener.updateLaunchConfiguration(MavenLaunchConfigurationListener.java:66)
	at org.eclipse.m2e.jdt.internal.launch.MavenLaunchConfigurationListener.launchConfigurationChanged(MavenLaunchConfigurationListener.java:52)
	at org.eclipse.debug.internal.core.LaunchManager$ConfigurationNotifier.run(LaunchManager.java:220)
	at org.eclipse.core.runtime.SafeRunner.run(SafeRunner.java:47)
	at org.eclipse.debug.internal.core.LaunchManager$ConfigurationNotifier.notify(LaunchManager.java:204)
	at org.eclipse.debug.internal.core.LaunchConfigurationWorkingCopy.setDirty(LaunchConfigurationWorkingCopy.java:527)
	at org.eclipse.debug.internal.core.LaunchConfigurationWorkingCopy.setAttribute(LaunchConfigurationWorkingCopy.java:415)
	at org.eclipse.jdt.debug.ui.launchConfigurations.JavaMainTab.performApply(JavaMainTab.java:235)
	at org.eclipse.debug.internal.ui.launchConfigurations.LaunchConfigurationTabGroupViewer.refresh(LaunchConfigurationTabGroupViewer.java:531)
	at org.eclipse.debug.internal.ui.launchConfigurations.LaunchConfigurationsDialog.updateButtons(LaunchConfigurationsDialog.java:1663)
	at org.eclipse.debug.internal.ui.launchConfigurations.LaunchConfigurationsDialog.handleLaunchConfigurationSelectionChanged(LaunchConfigurationsDialog.java:1074)
	at org.eclipse.debug.internal.ui.launchConfigurations.LaunchConfigurationsDialog.lambda$1(LaunchConfigurationsDialog.java:612)
	at org.eclipse.jface.viewers.StructuredViewer$3.run(StructuredViewer.java:822)
	at org.eclipse.core.runtime.SafeRunner.run(SafeRunner.java:47)
	at org.eclipse.jface.util.SafeRunnable.run(SafeRunnable.java:169)
	at org.eclipse.jface.viewers.StructuredViewer.firePostSelectionChanged(StructuredViewer.java:819)
	at org.eclipse.jface.viewers.ColumnViewer.firePostSelectionChanged(ColumnViewer.java:1054)
	at org.eclipse.jface.viewers.StructuredViewer.handlePostSelect(StructuredViewer.java:1189)
	at org.eclipse.swt.events.SelectionListener$1.widgetSelected(SelectionListener.java:83)
	at org.eclipse.jface.util.OpenStrategy.firePostSelectionEvent(OpenStrategy.java:283)
	at org.eclipse.jface.util.OpenStrategy$1.lambda$1(OpenStrategy.java:437)
	at org.eclipse.swt.widgets.RunnableLock.run(RunnableLock.java:40)
	at org.eclipse.swt.widgets.Synchronizer.runAsyncMessages(Synchronizer.java:131)
	at org.eclipse.swt.widgets.Display.runAsyncMessages(Display.java:4136)
	at org.eclipse.swt.widgets.Display.readAndDispatch(Display.java:3752)
	at org.eclipse.jface.window.Window.runEventLoop(Window.java:819)
	at org.eclipse.jface.window.Window.open(Window.java:799)
	at org.eclipse.debug.internal.ui.launchConfigurations.LaunchConfigurationsDialog.open(LaunchConfigurationsDialog.java:1253)
	at org.eclipse.debug.ui.DebugUITools.lambda$1(DebugUITools.java:631)
	at org.eclipse.swt.custom.BusyIndicator.showWhile(BusyIndicator.java:69)
	at org.eclipse.debug.ui.DebugUITools.openLaunchConfigurationDialogOnGroup(DebugUITools.java:637)
	at org.eclipse.debug.ui.DebugUITools.openLaunchConfigurationDialogOnGroup(DebugUITools.java:575)
	at org.eclipse.debug.ui.actions.OpenLaunchDialogAction.run(OpenLaunchDialogAction.java:85)
	at org.eclipse.jface.action.Action.runWithEvent(Action.java:474)
	at org.eclipse.jface.action.ActionContributionItem.handleWidgetSelection(ActionContributionItem.java:581)
	at org.eclipse.jface.action.ActionContributionItem.lambda$4(ActionContributionItem.java:415)
	at org.eclipse.swt.widgets.EventTable.sendEvent(EventTable.java:91)
	at org.eclipse.swt.widgets.Display.sendEvent(Display.java:4363)
	at org.eclipse.swt.widgets.Widget.sendEvent(Widget.java:1217)
	at org.eclipse.swt.widgets.Widget.sendEvent(Widget.java:1241)
	at org.eclipse.swt.widgets.Widget.sendEvent(Widget.java:1226)
	at org.eclipse.swt.widgets.Widget.notifyListeners(Widget.java:863)
	at org.eclipse.jface.action.ActionContributionItem.lambda$8(ActionContributionItem.java:1204)
	at org.eclipse.swt.widgets.EventTable.sendEvent(EventTable.java:91)
	at org.eclipse.swt.widgets.Display.sendEvent(Display.java:4363)
	at org.eclipse.swt.widgets.Widget.sendEvent(Widget.java:1217)
	at org.eclipse.swt.widgets.Display.runDeferredEvents(Display.java:4161)
	at org.eclipse.swt.widgets.Display.readAndDispatch(Display.java:3749)
	at org.eclipse.e4.ui.internal.workbench.swt.PartRenderingEngine$5.run(PartRenderingEngine.java:1160)
	at org.eclipse.core.databinding.observable.Realm.runWithDefault(Realm.java:339)
	at org.eclipse.e4.ui.internal.workbench.swt.PartRenderingEngine.run(PartRenderingEngine.java:1051)
	at org.eclipse.e4.ui.internal.workbench.E4Workbench.createAndRunUI(E4Workbench.java:153)
	at org.eclipse.ui.internal.Workbench.lambda$3(Workbench.java:680)
	at org.eclipse.core.databinding.observable.Realm.runWithDefault(Realm.java:339)
	at org.eclipse.ui.internal.Workbench.createAndRunWorkbench(Workbench.java:583)
	at org.eclipse.ui.PlatformUI.createAndRunWorkbench(PlatformUI.java:173)
	at org.eclipse.ui.internal.ide.application.IDEApplication.start(IDEApplication.java:193)
	at org.eclipse.equinox.internal.app.EclipseAppHandle.run(EclipseAppHandle.java:219)
	at org.eclipse.core.runtime.internal.adaptor.EclipseAppLauncher.runApplication(EclipseAppLauncher.java:149)
	at org.eclipse.core.runtime.internal.adaptor.EclipseAppLauncher.start(EclipseAppLauncher.java:115)
	at org.eclipse.core.runtime.adaptor.EclipseStarter.run(EclipseStarter.java:467)
	at org.eclipse.core.runtime.adaptor.EclipseStarter.run(EclipseStarter.java:298)
	at java.base/jdk.internal.reflect.DirectMethodHandleAccessor.invoke(DirectMethodHandleAccessor.java:104)
	at java.base/java.lang.reflect.Method.invoke(Method.java:565)
	at org.eclipse.equinox.launcher.Main.invokeFramework(Main.java:615)
	at org.eclipse.equinox.launcher.Main.basicRun(Main.java:563)
	at org.eclipse.equinox.launcher.Main.run(Main.java:1415)
	at org.eclipse.equinox.launcher.Main.main(Main.java:1387)
2026-10-06 10:35:25,767 [main] ERROR o.e.m.j.i.l.MavenLaunchConfigurationListener - Launch configuration New_configuration (1) references non-existing project ForLoop.
org.eclipse.core.runtime.CoreException: Launch configuration New_configuration (1) references non-existing project ForLoop.
	at org.eclipse.jdt.launching.JavaRuntime.abort(JavaRuntime.java:1915)
	at org.eclipse.jdt.launching.JavaRuntime.getJavaProject(JavaRuntime.java:1792)
	at org.eclipse.m2e.jdt.internal.launch.MavenLaunchConfigurationListener.updateLaunchConfiguration(MavenLaunchConfigurationListener.java:66)
	at org.eclipse.m2e.jdt.internal.launch.MavenLaunchConfigurationListener.launchConfigurationChanged(MavenLaunchConfigurationListener.java:52)
	at org.eclipse.debug.internal.core.LaunchManager$ConfigurationNotifier.run(LaunchManager.java:220)
	at org.eclipse.core.runtime.SafeRunner.run(SafeRunner.java:47)
	at org.eclipse.debug.internal.core.LaunchManager$ConfigurationNotifier.notify(LaunchManager.java:204)
	at org.eclipse.debug.internal.core.LaunchConfigurationWorkingCopy.setDirty(LaunchConfigurationWorkingCopy.java:527)
	at org.eclipse.debug.internal.core.LaunchConfigurationWorkingCopy.setAttribute(LaunchConfigurationWorkingCopy.java:415)
	at org.eclipse.jdt.debug.ui.launchConfigurations.JavaMainTab.performApply(JavaMainTab.java:243)
	at org.eclipse.debug.internal.ui.launchConfigurations.LaunchConfigurationTabGroupViewer.refresh(LaunchConfigurationTabGroupViewer.java:531)
	at org.eclipse.debug.internal.ui.launchConfigurations.LaunchConfigurationsDialog.updateButtons(LaunchConfigurationsDialog.java:1663)
	at org.eclipse.debug.internal.ui.launchConfigurations.LaunchConfigurationsDialog.handleLaunchConfigurationSelectionChanged(LaunchConfigurationsDialog.java:1074)
	at org.eclipse.debug.internal.ui.launchConfigurations.LaunchConfigurationsDialog.lambda$1(LaunchConfigurationsDialog.java:612)
	at org.eclipse.jface.viewers.StructuredViewer$3.run(StructuredViewer.java:822)
	at org.eclipse.core.runtime.SafeRunner.run(SafeRunner.java:47)
	at org.eclipse.jface.util.SafeRunnable.run(SafeRunnable.java:169)
	at org.eclipse.jface.viewers.StructuredViewer.firePostSelectionChanged(StructuredViewer.java:819)
	at org.eclipse.jface.viewers.ColumnViewer.firePostSelectionChanged(ColumnViewer.java:1054)
	at org.eclipse.jface.viewers.StructuredViewer.handlePostSelect(StructuredViewer.java:1189)
	at org.eclipse.swt.events.SelectionListener$1.widgetSelected(SelectionListener.java:83)
	at org.eclipse.jface.util.OpenStrategy.firePostSelectionEvent(OpenStrategy.java:283)
	at org.eclipse.jface.util.OpenStrategy$1.lambda$1(OpenStrategy.java:437)
	at org.eclipse.swt.widgets.RunnableLock.run(RunnableLock.java:40)
	at org.eclipse.swt.widgets.Synchronizer.runAsyncMessages(Synchronizer.java:131)
	at org.eclipse.swt.widgets.Display.runAsyncMessages(Display.java:4136)
	at org.eclipse.swt.widgets.Display.readAndDispatch(Display.java:3752)
	at org.eclipse.jface.window.Window.runEventLoop(Window.java:819)
	at org.eclipse.jface.window.Window.open(Window.java:799)
	at org.eclipse.debug.internal.ui.launchConfigurations.LaunchConfigurationsDialog.open(LaunchConfigurationsDialog.java:1253)
	at org.eclipse.debug.ui.DebugUITools.lambda$1(DebugUITools.java:631)
	at org.eclipse.swt.custom.BusyIndicator.showWhile(BusyIndicator.java:69)
	at org.eclipse.debug.ui.DebugUITools.openLaunchConfigurationDialogOnGroup(DebugUITools.java:637)
	at org.eclipse.debug.ui.DebugUITools.openLaunchConfigurationDialogOnGroup(DebugUITools.java:575)
	at org.eclipse.debug.ui.actions.OpenLaunchDialogAction.run(OpenLaunchDialogAction.java:85)
	at org.eclipse.jface.action.Action.runWithEvent(Action.java:474)
	at org.eclipse.jface.action.ActionContributionItem.handleWidgetSelection(ActionContributionItem.java:581)
	at org.eclipse.jface.action.ActionContributionItem.lambda$4(ActionContributionItem.java:415)
	at org.eclipse.swt.widgets.EventTable.sendEvent(EventTable.java:91)
	at org.eclipse.swt.widgets.Display.sendEvent(Display.java:4363)
	at org.eclipse.swt.widgets.Widget.sendEvent(Widget.java:1217)
	at org.eclipse.swt.widgets.Widget.sendEvent(Widget.java:1241)
	at org.eclipse.swt.widgets.Widget.sendEvent(Widget.java:1226)
	at org.eclipse.swt.widgets.Widget.notifyListeners(Widget.java:863)
	at org.eclipse.jface.action.ActionContributionItem.lambda$8(ActionContributionItem.java:1204)
	at org.eclipse.swt.widgets.EventTable.sendEvent(EventTable.java:91)
	at org.eclipse.swt.widgets.Display.sendEvent(Display.java:4363)
	at org.eclipse.swt.widgets.Widget.sendEvent(Widget.java:1217)
	at org.eclipse.swt.widgets.Display.runDeferredEvents(Display.java:4161)
	at org.eclipse.swt.widgets.Display.readAndDispatch(Display.java:3749)
	at org.eclipse.e4.ui.internal.workbench.swt.PartRenderingEngine$5.run(PartRenderingEngine.java:1160)
	at org.eclipse.core.databinding.observable.Realm.runWithDefault(Realm.java:339)
	at org.eclipse.e4.ui.internal.workbench.swt.PartRenderingEngine.run(PartRenderingEngine.java:1051)
	at org.eclipse.e4.ui.internal.workbench.E4Workbench.createAndRunUI(E4Workbench.java:153)
	at org.eclipse.ui.internal.Workbench.lambda$3(Workbench.java:680)
	at org.eclipse.core.databinding.observable.Realm.runWithDefault(Realm.java:339)
	at org.eclipse.ui.internal.Workbench.createAndRunWorkbench(Workbench.java:583)
	at org.eclipse.ui.PlatformUI.createAndRunWorkbench(PlatformUI.java:173)
	at org.eclipse.ui.internal.ide.application.IDEApplication.start(IDEApplication.java:193)
	at org.eclipse.equinox.internal.app.EclipseAppHandle.run(EclipseAppHandle.java:219)
	at org.eclipse.core.runtime.internal.adaptor.EclipseAppLauncher.runApplication(EclipseAppLauncher.java:149)
	at org.eclipse.core.runtime.internal.adaptor.EclipseAppLauncher.start(EclipseAppLauncher.java:115)
	at org.eclipse.core.runtime.adaptor.EclipseStarter.run(EclipseStarter.java:467)
	at org.eclipse.core.runtime.adaptor.EclipseStarter.run(EclipseStarter.java:298)
	at java.base/jdk.internal.reflect.DirectMethodHandleAccessor.invoke(DirectMethodHandleAccessor.java:104)
	at java.base/java.lang.reflect.Method.invoke(Method.java:565)
	at org.eclipse.equinox.launcher.Main.invokeFramework(Main.java:615)
	at org.eclipse.equinox.launcher.Main.basicRun(Main.java:563)
	at org.eclipse.equinox.launcher.Main.run(Main.java:1415)
	at org.eclipse.equinox.launcher.Main.main(Main.java:1387)
2026-10-06 10:35:25,768 [main] ERROR o.e.m.j.i.l.MavenLaunchConfigurationListener - Launch configuration New_configuration (1) references non-existing project ForLoop.
org.eclipse.core.runtime.CoreException: Launch configuration New_configuration (1) references non-existing project ForLoop.
	at org.eclipse.jdt.launching.JavaRuntime.abort(JavaRuntime.java:1915)
	at org.eclipse.jdt.launching.JavaRuntime.getJavaProject(JavaRuntime.java:1792)
	at org.eclipse.m2e.jdt.internal.launch.MavenLaunchConfigurationListener.updateLaunchConfiguration(MavenLaunchConfigurationListener.java:66)
	at org.eclipse.m2e.jdt.internal.launch.MavenLaunchConfigurationListener.launchConfigurationChanged(MavenLaunchConfigurationListener.java:52)
	at org.eclipse.debug.internal.core.LaunchManager$ConfigurationNotifier.run(LaunchManager.java:220)
	at org.eclipse.core.runtime.SafeRunner.run(SafeRunner.java:47)
	at org.eclipse.debug.internal.core.LaunchManager$ConfigurationNotifier.notify(LaunchManager.java:204)
	at org.eclipse.debug.internal.core.LaunchConfigurationWorkingCopy.setDirty(LaunchConfigurationWorkingCopy.java:527)
	at org.eclipse.debug.internal.core.LaunchConfigurationWorkingCopy.setAttribute(LaunchConfigurationWorkingCopy.java:415)
	at org.eclipse.jdt.debug.ui.launchConfigurations.JavaMainTab.performApply(JavaMainTab.java:251)
	at org.eclipse.debug.internal.ui.launchConfigurations.LaunchConfigurationTabGroupViewer.refresh(LaunchConfigurationTabGroupViewer.java:531)
	at org.eclipse.debug.internal.ui.launchConfigurations.LaunchConfigurationsDialog.updateButtons(LaunchConfigurationsDialog.java:1663)
	at org.eclipse.debug.internal.ui.launchConfigurations.LaunchConfigurationsDialog.handleLaunchConfigurationSelectionChanged(LaunchConfigurationsDialog.java:1074)
	at org.eclipse.debug.internal.ui.launchConfigurations.LaunchConfigurationsDialog.lambda$1(LaunchConfigurationsDialog.java:612)
	at org.eclipse.jface.viewers.StructuredViewer$3.run(StructuredViewer.java:822)
	at org.eclipse.core.runtime.SafeRunner.run(SafeRunner.java:47)
	at org.eclipse.jface.util.SafeRunnable.run(SafeRunnable.java:169)
	at org.eclipse.jface.viewers.StructuredViewer.firePostSelectionChanged(StructuredViewer.java:819)
	at org.eclipse.jface.viewers.ColumnViewer.firePostSelectionChanged(ColumnViewer.java:1054)
	at org.eclipse.jface.viewers.StructuredViewer.handlePostSelect(StructuredViewer.java:1189)
	at org.eclipse.swt.events.SelectionListener$1.widgetSelected(SelectionListener.java:83)
	at org.eclipse.jface.util.OpenStrategy.firePostSelectionEvent(OpenStrategy.java:283)
	at org.eclipse.jface.util.OpenStrategy$1.lambda$1(OpenStrategy.java:437)
	at org.eclipse.swt.widgets.RunnableLock.run(RunnableLock.java:40)
	at org.eclipse.swt.widgets.Synchronizer.runAsyncMessages(Synchronizer.java:131)
	at org.eclipse.swt.widgets.Display.runAsyncMessages(Display.java:4136)
	at org.eclipse.swt.widgets.Display.readAndDispatch(Display.java:3752)
	at org.eclipse.jface.window.Window.runEventLoop(Window.java:819)
	at org.eclipse.jface.window.Window.open(Window.java:799)
	at org.eclipse.debug.internal.ui.launchConfigurations.LaunchConfigurationsDialog.open(LaunchConfigurationsDialog.java:1253)
	at org.eclipse.debug.ui.DebugUITools.lambda$1(DebugUITools.java:631)
	at org.eclipse.swt.custom.BusyIndicator.showWhile(BusyIndicator.java:69)
	at org.eclipse.debug.ui.DebugUITools.openLaunchConfigurationDialogOnGroup(DebugUITools.java:637)
	at org.eclipse.debug.ui.DebugUITools.openLaunchConfigurationDialogOnGroup(DebugUITools.java:575)
	at org.eclipse.debug.ui.actions.OpenLaunchDialogAction.run(OpenLaunchDialogAction.java:85)
	at org.eclipse.jface.action.Action.runWithEvent(Action.java:474)
	at org.eclipse.jface.action.ActionContributionItem.handleWidgetSelection(ActionContributionItem.java:581)
	at org.eclipse.jface.action.ActionContributionItem.lambda$4(ActionContributionItem.java:415)
	at org.eclipse.swt.widgets.EventTable.sendEvent(EventTable.java:91)
	at org.eclipse.swt.widgets.Display.sendEvent(Display.java:4363)
	at org.eclipse.swt.widgets.Widget.sendEvent(Widget.java:1217)
	at org.eclipse.swt.widgets.Widget.sendEvent(Widget.java:1241)
	at org.eclipse.swt.widgets.Widget.sendEvent(Widget.java:1226)
	at org.eclipse.swt.widgets.Widget.notifyListeners(Widget.java:863)
	at org.eclipse.jface.action.ActionContributionItem.lambda$8(ActionContributionItem.java:1204)
	at org.eclipse.swt.widgets.EventTable.sendEvent(EventTable.java:91)
	at org.eclipse.swt.widgets.Display.sendEvent(Display.java:4363)
	at org.eclipse.swt.widgets.Widget.sendEvent(Widget.java:1217)
	at org.eclipse.swt.widgets.Display.runDeferredEvents(Display.java:4161)
	at org.eclipse.swt.widgets.Display.readAndDispatch(Display.java:3749)
	at org.eclipse.e4.ui.internal.workbench.swt.PartRenderingEngine$5.run(PartRenderingEngine.java:1160)
	at org.eclipse.core.databinding.observable.Realm.runWithDefault(Realm.java:339)
	at org.eclipse.e4.ui.internal.workbench.swt.PartRenderingEngine.run(PartRenderingEngine.java:1051)
	at org.eclipse.e4.ui.internal.workbench.E4Workbench.createAndRunUI(E4Workbench.java:153)
	at org.eclipse.ui.internal.Workbench.lambda$3(Workbench.java:680)
	at org.eclipse.core.databinding.observable.Realm.runWithDefault(Realm.java:339)
	at org.eclipse.ui.internal.Workbench.createAndRunWorkbench(Workbench.java:583)
	at org.eclipse.ui.PlatformUI.createAndRunWorkbench(PlatformUI.java:173)
	at org.eclipse.ui.internal.ide.application.IDEApplication.start(IDEApplication.java:193)
	at org.eclipse.equinox.internal.app.EclipseAppHandle.run(EclipseAppHandle.java:219)
	at org.eclipse.core.runtime.internal.adaptor.EclipseAppLauncher.runApplication(EclipseAppLauncher.java:149)
	at org.eclipse.core.runtime.internal.adaptor.EclipseAppLauncher.start(EclipseAppLauncher.java:115)
	at org.eclipse.core.runtime.adaptor.EclipseStarter.run(EclipseStarter.java:467)
	at org.eclipse.core.runtime.adaptor.EclipseStarter.run(EclipseStarter.java:298)
	at java.base/jdk.internal.reflect.DirectMethodHandleAccessor.invoke(DirectMethodHandleAccessor.java:104)
	at java.base/java.lang.reflect.Method.invoke(Method.java:565)
	at org.eclipse.equinox.launcher.Main.invokeFramework(Main.java:615)
	at org.eclipse.equinox.launcher.Main.basicRun(Main.java:563)
	at org.eclipse.equinox.launcher.Main.run(Main.java:1415)
	at org.eclipse.equinox.launcher.Main.main(Main.java:1387)
2026-10-06 10:35:25,770 [main] ERROR o.e.m.j.i.l.MavenLaunchConfigurationListener - Launch configuration New_configuration (1) references non-existing project ForLoop.
org.eclipse.core.runtime.CoreException: Launch configuration New_configuration (1) references non-existing project ForLoop.
	at org.eclipse.jdt.launching.JavaRuntime.abort(JavaRuntime.java:1915)
	at org.eclipse.jdt.launching.JavaRuntime.getJavaProject(JavaRuntime.java:1792)
	at org.eclipse.m2e.jdt.internal.launch.MavenLaunchConfigurationListener.updateLaunchConfiguration(MavenLaunchConfigurationListener.java:66)
	at org.eclipse.m2e.jdt.internal.launch.MavenLaunchConfigurationListener.launchConfigurationChanged(MavenLaunchConfigurationListener.java:52)
	at org.eclipse.debug.internal.core.LaunchManager$ConfigurationNotifier.run(LaunchManager.java:220)
	at org.eclipse.core.runtime.SafeRunner.run(SafeRunner.java:47)
	at org.eclipse.debug.internal.core.LaunchManager$ConfigurationNotifier.notify(LaunchManager.java:204)
	at org.eclipse.debug.internal.core.LaunchConfigurationWorkingCopy.setDirty(LaunchConfigurationWorkingCopy.java:527)
	at org.eclipse.debug.internal.core.LaunchConfigurationWorkingCopy.setAttribute(LaunchConfigurationWorkingCopy.java:415)
	at org.eclipse.jdt.debug.ui.launchConfigurations.JavaMainTab.performApply(JavaMainTab.java:259)
	at org.eclipse.debug.internal.ui.launchConfigurations.LaunchConfigurationTabGroupViewer.refresh(LaunchConfigurationTabGroupViewer.java:531)
	at org.eclipse.debug.internal.ui.launchConfigurations.LaunchConfigurationsDialog.updateButtons(LaunchConfigurationsDialog.java:1663)
	at org.eclipse.debug.internal.ui.launchConfigurations.LaunchConfigurationsDialog.handleLaunchConfigurationSelectionChanged(LaunchConfigurationsDialog.java:1074)
	at org.eclipse.debug.internal.ui.launchConfigurations.LaunchConfigurationsDialog.lambda$1(LaunchConfigurationsDialog.java:612)
	at org.eclipse.jface.viewers.StructuredViewer$3.run(StructuredViewer.java:822)
	at org.eclipse.core.runtime.SafeRunner.run(SafeRunner.java:47)
	at org.eclipse.jface.util.SafeRunnable.run(SafeRunnable.java:169)
	at org.eclipse.jface.viewers.StructuredViewer.firePostSelectionChanged(StructuredViewer.java:819)
	at org.eclipse.jface.viewers.ColumnViewer.firePostSelectionChanged(ColumnViewer.java:1054)
	at org.eclipse.jface.viewers.StructuredViewer.handlePostSelect(StructuredViewer.java:1189)
	at org.eclipse.swt.events.SelectionListener$1.widgetSelected(SelectionListener.java:83)
	at org.eclipse.jface.util.OpenStrategy.firePostSelectionEvent(OpenStrategy.java:283)
	at org.eclipse.jface.util.OpenStrategy$1.lambda$1(OpenStrategy.java:437)
	at org.eclipse.swt.widgets.RunnableLock.run(RunnableLock.java:40)
	at org.eclipse.swt.widgets.Synchronizer.runAsyncMessages(Synchronizer.java:131)
	at org.eclipse.swt.widgets.Display.runAsyncMessages(Display.java:4136)
	at org.eclipse.swt.widgets.Display.readAndDispatch(Display.java:3752)
	at org.eclipse.jface.window.Window.runEventLoop(Window.java:819)
	at org.eclipse.jface.window.Window.open(Window.java:799)
	at org.eclipse.debug.internal.ui.launchConfigurations.LaunchConfigurationsDialog.open(LaunchConfigurationsDialog.java:1253)
	at org.eclipse.debug.ui.DebugUITools.lambda$1(DebugUITools.java:631)
	at org.eclipse.swt.custom.BusyIndicator.showWhile(BusyIndicator.java:69)
	at org.eclipse.debug.ui.DebugUITools.openLaunchConfigurationDialogOnGroup(DebugUITools.java:637)
	at org.eclipse.debug.ui.DebugUITools.openLaunchConfigurationDialogOnGroup(DebugUITools.java:575)
	at org.eclipse.debug.ui.actions.OpenLaunchDialogAction.run(OpenLaunchDialogAction.java:85)
	at org.eclipse.jface.action.Action.runWithEvent(Action.java:474)
	at org.eclipse.jface.action.ActionContributionItem.handleWidgetSelection(ActionContributionItem.java:581)
	at org.eclipse.jface.action.ActionContributionItem.lambda$4(ActionContributionItem.java:415)
	at org.eclipse.swt.widgets.EventTable.sendEvent(EventTable.java:91)
	at org.eclipse.swt.widgets.Display.sendEvent(Display.java:4363)
	at org.eclipse.swt.widgets.Widget.sendEvent(Widget.java:1217)
	at org.eclipse.swt.widgets.Widget.sendEvent(Widget.java:1241)
	at org.eclipse.swt.widgets.Widget.sendEvent(Widget.java:1226)
	at org.eclipse.swt.widgets.Widget.notifyListeners(Widget.java:863)
	at org.eclipse.jface.action.ActionContributionItem.lambda$8(ActionContributionItem.java:1204)
	at org.eclipse.swt.widgets.EventTable.sendEvent(EventTable.java:91)
	at org.eclipse.swt.widgets.Display.sendEvent(Display.java:4363)
	at org.eclipse.swt.widgets.Widget.sendEvent(Widget.java:1217)
	at org.eclipse.swt.widgets.Display.runDeferredEvents(Display.java:4161)
	at org.eclipse.swt.widgets.Display.readAndDispatch(Display.java:3749)
	at org.eclipse.e4.ui.internal.workbench.swt.PartRenderingEngine$5.run(PartRenderingEngine.java:1160)
	at org.eclipse.core.databinding.observable.Realm.runWithDefault(Realm.java:339)
	at org.eclipse.e4.ui.internal.workbench.swt.PartRenderingEngine.run(PartRenderingEngine.java:1051)
	at org.eclipse.e4.ui.internal.workbench.E4Workbench.createAndRunUI(E4Workbench.java:153)
	at org.eclipse.ui.internal.Workbench.lambda$3(Workbench.java:680)
	at org.eclipse.core.databinding.observable.Realm.runWithDefault(Realm.java:339)
	at org.eclipse.ui.internal.Workbench.createAndRunWorkbench(Workbench.java:583)
	at org.eclipse.ui.PlatformUI.createAndRunWorkbench(PlatformUI.java:173)
	at org.eclipse.ui.internal.ide.application.IDEApplication.start(IDEApplication.java:193)
	at org.eclipse.equinox.internal.app.EclipseAppHandle.run(EclipseAppHandle.java:219)
	at org.eclipse.core.runtime.internal.adaptor.EclipseAppLauncher.runApplication(EclipseAppLauncher.java:149)
	at org.eclipse.core.runtime.internal.adaptor.EclipseAppLauncher.start(EclipseAppLauncher.java:115)
	at org.eclipse.core.runtime.adaptor.EclipseStarter.run(EclipseStarter.java:467)
	at org.eclipse.core.runtime.adaptor.EclipseStarter.run(EclipseStarter.java:298)
	at java.base/jdk.internal.reflect.DirectMethodHandleAccessor.invoke(DirectMethodHandleAccessor.java:104)
	at java.base/java.lang.reflect.Method.invoke(Method.java:565)
	at org.eclipse.equinox.launcher.Main.invokeFramework(Main.java:615)
	at org.eclipse.equinox.launcher.Main.basicRun(Main.java:563)
	at org.eclipse.equinox.launcher.Main.run(Main.java:1415)
	at org.eclipse.equinox.launcher.Main.main(Main.java:1387)
2026-10-06 10:35:25,829 [main] ERROR o.e.m.j.i.l.MavenLaunchConfigurationListener - Launch configuration New_configuration (1) references non-existing project ForLoop.
org.eclipse.core.runtime.CoreException: Launch configuration New_configuration (1) references non-existing project ForLoop.
	at org.eclipse.jdt.launching.JavaRuntime.abort(JavaRuntime.java:1915)
	at org.eclipse.jdt.launching.JavaRuntime.getJavaProject(JavaRuntime.java:1792)
	at org.eclipse.m2e.jdt.internal.launch.MavenLaunchConfigurationListener.updateLaunchConfiguration(MavenLaunchConfigurationListener.java:66)
	at org.eclipse.m2e.jdt.internal.launch.MavenLaunchConfigurationListener.launchConfigurationChanged(MavenLaunchConfigurationListener.java:52)
	at org.eclipse.debug.internal.core.LaunchManager$ConfigurationNotifier.run(LaunchManager.java:220)
	at org.eclipse.core.runtime.SafeRunner.run(SafeRunner.java:47)
	at org.eclipse.debug.internal.core.LaunchManager$ConfigurationNotifier.notify(LaunchManager.java:204)
	at org.eclipse.debug.internal.core.LaunchConfigurationWorkingCopy.setDirty(LaunchConfigurationWorkingCopy.java:527)
	at org.eclipse.debug.internal.core.LaunchConfigurationWorkingCopy.setAttribute(LaunchConfigurationWorkingCopy.java:415)
	at org.eclipse.jdt.debug.ui.launchConfigurations.JavaMainTab.performApply(JavaMainTab.java:233)
	at org.eclipse.debug.internal.ui.launchConfigurations.LaunchConfigurationTabGroupViewer.refresh(LaunchConfigurationTabGroupViewer.java:531)
	at org.eclipse.debug.internal.ui.launchConfigurations.LaunchConfigurationsDialog.updateButtons(LaunchConfigurationsDialog.java:1663)
	at org.eclipse.debug.ui.AbstractLaunchConfigurationTab.updateLaunchConfigurationDialog(AbstractLaunchConfigurationTab.java:155)
	at org.eclipse.debug.ui.AbstractLaunchConfigurationTab$1.runInUIThread(AbstractLaunchConfigurationTab.java:513)
	at org.eclipse.ui.progress.UIJob.lambda$0(UIJob.java:148)
	at org.eclipse.swt.widgets.RunnableLock.run(RunnableLock.java:40)
	at org.eclipse.swt.widgets.Synchronizer.runAsyncMessages(Synchronizer.java:131)
	at org.eclipse.swt.widgets.Display.runAsyncMessages(Display.java:4136)
	at org.eclipse.swt.widgets.Display.readAndDispatch(Display.java:3752)
	at org.eclipse.jface.window.Window.runEventLoop(Window.java:819)
	at org.eclipse.jface.window.Window.open(Window.java:799)
	at org.eclipse.debug.internal.ui.launchConfigurations.LaunchConfigurationsDialog.open(LaunchConfigurationsDialog.java:1253)
	at org.eclipse.debug.ui.DebugUITools.lambda$1(DebugUITools.java:631)
	at org.eclipse.swt.custom.BusyIndicator.showWhile(BusyIndicator.java:69)
	at org.eclipse.debug.ui.DebugUITools.openLaunchConfigurationDialogOnGroup(DebugUITools.java:637)
	at org.eclipse.debug.ui.DebugUITools.openLaunchConfigurationDialogOnGroup(DebugUITools.java:575)
	at org.eclipse.debug.ui.actions.OpenLaunchDialogAction.run(OpenLaunchDialogAction.java:85)
	at org.eclipse.jface.action.Action.runWithEvent(Action.java:474)
	at org.eclipse.jface.action.ActionContributionItem.handleWidgetSelection(ActionContributionItem.java:581)
	at org.eclipse.jface.action.ActionContributionItem.lambda$4(ActionContributionItem.java:415)
	at org.eclipse.swt.widgets.EventTable.sendEvent(EventTable.java:91)
	at org.eclipse.swt.widgets.Display.sendEvent(Display.java:4363)
	at org.eclipse.swt.widgets.Widget.sendEvent(Widget.java:1217)
	at org.eclipse.swt.widgets.Widget.sendEvent(Widget.java:1241)
	at org.eclipse.swt.widgets.Widget.sendEvent(Widget.java:1226)
	at org.eclipse.swt.widgets.Widget.notifyListeners(Widget.java:863)
	at org.eclipse.jface.action.ActionContributionItem.lambda$8(ActionContributionItem.java:1204)
	at org.eclipse.swt.widgets.EventTable.sendEvent(EventTable.java:91)
	at org.eclipse.swt.widgets.Display.sendEvent(Display.java:4363)
	at org.eclipse.swt.widgets.Widget.sendEvent(Widget.java:1217)
	at org.eclipse.swt.widgets.Display.runDeferredEvents(Display.java:4161)
	at org.eclipse.swt.widgets.Display.readAndDispatch(Display.java:3749)
	at org.eclipse.e4.ui.internal.workbench.swt.PartRenderingEngine$5.run(PartRenderingEngine.java:1160)
	at org.eclipse.core.databinding.observable.Realm.runWithDefault(Realm.java:339)
	at org.eclipse.e4.ui.internal.workbench.swt.PartRenderingEngine.run(PartRenderingEngine.java:1051)
	at org.eclipse.e4.ui.internal.workbench.E4Workbench.createAndRunUI(E4Workbench.java:153)
	at org.eclipse.ui.internal.Workbench.lambda$3(Workbench.java:680)
	at org.eclipse.core.databinding.observable.Realm.runWithDefault(Realm.java:339)
	at org.eclipse.ui.internal.Workbench.createAndRunWorkbench(Workbench.java:583)
	at org.eclipse.ui.PlatformUI.createAndRunWorkbench(PlatformUI.java:173)
	at org.eclipse.ui.internal.ide.application.IDEApplication.start(IDEApplication.java:193)
	at org.eclipse.equinox.internal.app.EclipseAppHandle.run(EclipseAppHandle.java:219)
	at org.eclipse.core.runtime.internal.adaptor.EclipseAppLauncher.runApplication(EclipseAppLauncher.java:149)
	at org.eclipse.core.runtime.internal.adaptor.EclipseAppLauncher.start(EclipseAppLauncher.java:115)
	at org.eclipse.core.runtime.adaptor.EclipseStarter.run(EclipseStarter.java:467)
	at org.eclipse.core.runtime.adaptor.EclipseStarter.run(EclipseStarter.java:298)
	at java.base/jdk.internal.reflect.DirectMethodHandleAccessor.invoke(DirectMethodHandleAccessor.java:104)
	at java.base/java.lang.reflect.Method.invoke(Method.java:565)
	at org.eclipse.equinox.launcher.Main.invokeFramework(Main.java:615)
	at org.eclipse.equinox.launcher.Main.basicRun(Main.java:563)
	at org.eclipse.equinox.launcher.Main.run(Main.java:1415)
	at org.eclipse.equinox.launcher.Main.main(Main.java:1387)
2026-10-06 10:35:25,831 [main] ERROR o.e.m.j.i.l.MavenLaunchConfigurationListener - Launch configuration New_configuration (1) references non-existing project ForLoop.
org.eclipse.core.runtime.CoreException: Launch configuration New_configuration (1) references non-existing project ForLoop.
	at org.eclipse.jdt.launching.JavaRuntime.abort(JavaRuntime.java:1915)
	at org.eclipse.jdt.launching.JavaRuntime.getJavaProject(JavaRuntime.java:1792)
	at org.eclipse.m2e.jdt.internal.launch.MavenLaunchConfigurationListener.updateLaunchConfiguration(MavenLaunchConfigurationListener.java:66)
	at org.eclipse.m2e.jdt.internal.launch.MavenLaunchConfigurationListener.launchConfigurationChanged(MavenLaunchConfigurationListener.java:52)
	at org.eclipse.debug.internal.core.LaunchManager$ConfigurationNotifier.run(LaunchManager.java:220)
	at org.eclipse.core.runtime.SafeRunner.run(SafeRunner.java:47)
	at org.eclipse.debug.internal.core.LaunchManager$ConfigurationNotifier.notify(LaunchManager.java:204)
	at org.eclipse.debug.internal.core.LaunchConfigurationWorkingCopy.setDirty(LaunchConfigurationWorkingCopy.java:527)
	at org.eclipse.debug.internal.core.LaunchConfigurationWorkingCopy.setAttribute(LaunchConfigurationWorkingCopy.java:415)
	at org.eclipse.jdt.debug.ui.launchConfigurations.JavaMainTab.performApply(JavaMainTab.java:234)
	at org.eclipse.debug.internal.ui.launchConfigurations.LaunchConfigurationTabGroupViewer.refresh(LaunchConfigurationTabGroupViewer.java:531)
	at org.eclipse.debug.internal.ui.launchConfigurations.LaunchConfigurationsDialog.updateButtons(LaunchConfigurationsDialog.java:1663)
	at org.eclipse.debug.ui.AbstractLaunchConfigurationTab.updateLaunchConfigurationDialog(AbstractLaunchConfigurationTab.java:155)
	at org.eclipse.debug.ui.AbstractLaunchConfigurationTab$1.runInUIThread(AbstractLaunchConfigurationTab.java:513)
	at org.eclipse.ui.progress.UIJob.lambda$0(UIJob.java:148)
	at org.eclipse.swt.widgets.RunnableLock.run(RunnableLock.java:40)
	at org.eclipse.swt.widgets.Synchronizer.runAsyncMessages(Synchronizer.java:131)
	at org.eclipse.swt.widgets.Display.runAsyncMessages(Display.java:4136)
	at org.eclipse.swt.widgets.Display.readAndDispatch(Display.java:3752)
	at org.eclipse.jface.window.Window.runEventLoop(Window.java:819)
	at org.eclipse.jface.window.Window.open(Window.java:799)
	at org.eclipse.debug.internal.ui.launchConfigurations.LaunchConfigurationsDialog.open(LaunchConfigurationsDialog.java:1253)
	at org.eclipse.debug.ui.DebugUITools.lambda$1(DebugUITools.java:631)
	at org.eclipse.swt.custom.BusyIndicator.showWhile(BusyIndicator.java:69)
	at org.eclipse.debug.ui.DebugUITools.openLaunchConfigurationDialogOnGroup(DebugUITools.java:637)
	at org.eclipse.debug.ui.DebugUITools.openLaunchConfigurationDialogOnGroup(DebugUITools.java:575)
	at org.eclipse.debug.ui.actions.OpenLaunchDialogAction.run(OpenLaunchDialogAction.java:85)
	at org.eclipse.jface.action.Action.runWithEvent(Action.java:474)
	at org.eclipse.jface.action.ActionContributionItem.handleWidgetSelection(ActionContributionItem.java:581)
	at org.eclipse.jface.action.ActionContributionItem.lambda$4(ActionContributionItem.java:415)
	at org.eclipse.swt.widgets.EventTable.sendEvent(EventTable.java:91)
	at org.eclipse.swt.widgets.Display.sendEvent(Display.java:4363)
	at org.eclipse.swt.widgets.Widget.sendEvent(Widget.java:1217)
	at org.eclipse.swt.widgets.Widget.sendEvent(Widget.java:1241)
	at org.eclipse.swt.widgets.Widget.sendEvent(Widget.java:1226)
	at org.eclipse.swt.widgets.Widget.notifyListeners(Widget.java:863)
	at org.eclipse.jface.action.ActionContributionItem.lambda$8(ActionContributionItem.java:1204)
	at org.eclipse.swt.widgets.EventTable.sendEvent(EventTable.java:91)
	at org.eclipse.swt.widgets.Display.sendEvent(Display.java:4363)
	at org.eclipse.swt.widgets.Widget.sendEvent(Widget.java:1217)
	at org.eclipse.swt.widgets.Display.runDeferredEvents(Display.java:4161)
	at org.eclipse.swt.widgets.Display.readAndDispatch(Display.java:3749)
	at org.eclipse.e4.ui.internal.workbench.swt.PartRenderingEngine$5.run(PartRenderingEngine.java:1160)
	at org.eclipse.core.databinding.observable.Realm.runWithDefault(Realm.java:339)
	at org.eclipse.e4.ui.internal.workbench.swt.PartRenderingEngine.run(PartRenderingEngine.java:1051)
	at org.eclipse.e4.ui.internal.workbench.E4Workbench.createAndRunUI(E4Workbench.java:153)
	at org.eclipse.ui.internal.Workbench.lambda$3(Workbench.java:680)
	at org.eclipse.core.databinding.observable.Realm.runWithDefault(Realm.java:339)
	at org.eclipse.ui.internal.Workbench.createAndRunWorkbench(Workbench.java:583)
	at org.eclipse.ui.PlatformUI.createAndRunWorkbench(PlatformUI.java:173)
	at org.eclipse.ui.internal.ide.application.IDEApplication.start(IDEApplication.java:193)
	at org.eclipse.equinox.internal.app.EclipseAppHandle.run(EclipseAppHandle.java:219)
	at org.eclipse.core.runtime.internal.adaptor.EclipseAppLauncher.runApplication(EclipseAppLauncher.java:149)
	at org.eclipse.core.runtime.internal.adaptor.EclipseAppLauncher.start(EclipseAppLauncher.java:115)
	at org.eclipse.core.runtime.adaptor.EclipseStarter.run(EclipseStarter.java:467)
	at org.eclipse.core.runtime.adaptor.EclipseStarter.run(EclipseStarter.java:298)
	at java.base/jdk.internal.reflect.DirectMethodHandleAccessor.invoke(DirectMethodHandleAccessor.java:104)
	at java.base/java.lang.reflect.Method.invoke(Method.java:565)
	at org.eclipse.equinox.launcher.Main.invokeFramework(Main.java:615)
	at org.eclipse.equinox.launcher.Main.basicRun(Main.java:563)
	at org.eclipse.equinox.launcher.Main.run(Main.java:1415)
	at org.eclipse.equinox.launcher.Main.main(Main.java:1387)
2026-10-06 10:35:25,832 [main] ERROR o.e.m.j.i.l.MavenLaunchConfigurationListener - Launch configuration New_configuration (1) references non-existing project ForLoop.
org.eclipse.core.runtime.CoreException: Launch configuration New_configuration (1) references non-existing project ForLoop.
	at org.eclipse.jdt.launching.JavaRuntime.abort(JavaRuntime.java:1915)
	at org.eclipse.jdt.launching.JavaRuntime.getJavaProject(JavaRuntime.java:1792)
	at org.eclipse.m2e.jdt.internal.launch.MavenLaunchConfigurationListener.updateLaunchConfiguration(MavenLaunchConfigurationListener.java:66)
	at org.eclipse.m2e.jdt.internal.launch.MavenLaunchConfigurationListener.launchConfigurationChanged(MavenLaunchConfigurationListener.java:52)
	at org.eclipse.debug.internal.core.LaunchManager$ConfigurationNotifier.run(LaunchManager.java:220)
	at org.eclipse.core.runtime.SafeRunner.run(SafeRunner.java:47)
	at org.eclipse.debug.internal.core.LaunchManager$ConfigurationNotifier.notify(LaunchManager.java:204)
	at org.eclipse.debug.internal.core.LaunchConfigurationWorkingCopy.setDirty(LaunchConfigurationWorkingCopy.java:527)
	at org.eclipse.debug.internal.core.LaunchConfigurationWorkingCopy.setAttribute(LaunchConfigurationWorkingCopy.java:415)
	at org.eclipse.jdt.debug.ui.launchConfigurations.JavaMainTab.performApply(JavaMainTab.java:235)
	at org.eclipse.debug.internal.ui.launchConfigurations.LaunchConfigurationTabGroupViewer.refresh(LaunchConfigurationTabGroupViewer.java:531)
	at org.eclipse.debug.internal.ui.launchConfigurations.LaunchConfigurationsDialog.updateButtons(LaunchConfigurationsDialog.java:1663)
	at org.eclipse.debug.ui.AbstractLaunchConfigurationTab.updateLaunchConfigurationDialog(AbstractLaunchConfigurationTab.java:155)
	at org.eclipse.debug.ui.AbstractLaunchConfigurationTab$1.runInUIThread(AbstractLaunchConfigurationTab.java:513)
	at org.eclipse.ui.progress.UIJob.lambda$0(UIJob.java:148)
	at org.eclipse.swt.widgets.RunnableLock.run(RunnableLock.java:40)
	at org.eclipse.swt.widgets.Synchronizer.runAsyncMessages(Synchronizer.java:131)
	at org.eclipse.swt.widgets.Display.runAsyncMessages(Display.java:4136)
	at org.eclipse.swt.widgets.Display.readAndDispatch(Display.java:3752)
	at org.eclipse.jface.window.Window.runEventLoop(Window.java:819)
	at org.eclipse.jface.window.Window.open(Window.java:799)
	at org.eclipse.debug.internal.ui.launchConfigurations.LaunchConfigurationsDialog.open(LaunchConfigurationsDialog.java:1253)
	at org.eclipse.debug.ui.DebugUITools.lambda$1(DebugUITools.java:631)
	at org.eclipse.swt.custom.BusyIndicator.showWhile(BusyIndicator.java:69)
	at org.eclipse.debug.ui.DebugUITools.openLaunchConfigurationDialogOnGroup(DebugUITools.java:637)
	at org.eclipse.debug.ui.DebugUITools.openLaunchConfigurationDialogOnGroup(DebugUITools.java:575)
	at org.eclipse.debug.ui.actions.OpenLaunchDialogAction.run(OpenLaunchDialogAction.java:85)
	at org.eclipse.jface.action.Action.runWithEvent(Action.java:474)
	at org.eclipse.jface.action.ActionContributionItem.handleWidgetSelection(ActionContributionItem.java:581)
	at org.eclipse.jface.action.ActionContributionItem.lambda$4(ActionContributionItem.java:415)
	at org.eclipse.swt.widgets.EventTable.sendEvent(EventTable.java:91)
	at org.eclipse.swt.widgets.Display.sendEvent(Display.java:4363)
	at org.eclipse.swt.widgets.Widget.sendEvent(Widget.java:1217)
	at org.eclipse.swt.widgets.Widget.sendEvent(Widget.java:1241)
	at org.eclipse.swt.widgets.Widget.sendEvent(Widget.java:1226)
	at org.eclipse.swt.widgets.Widget.notifyListeners(Widget.java:863)
	at org.eclipse.jface.action.ActionContributionItem.lambda$8(ActionContributionItem.java:1204)
	at org.eclipse.swt.widgets.EventTable.sendEvent(EventTable.java:91)
	at org.eclipse.swt.widgets.Display.sendEvent(Display.java:4363)
	at org.eclipse.swt.widgets.Widget.sendEvent(Widget.java:1217)
	at org.eclipse.swt.widgets.Display.runDeferredEvents(Display.java:4161)
	at org.eclipse.swt.widgets.Display.readAndDispatch(Display.java:3749)
	at org.eclipse.e4.ui.internal.workbench.swt.PartRenderingEngine$5.run(PartRenderingEngine.java:1160)
	at org.eclipse.core.databinding.observable.Realm.runWithDefault(Realm.java:339)
	at org.eclipse.e4.ui.internal.workbench.swt.PartRenderingEngine.run(PartRenderingEngine.java:1051)
	at org.eclipse.e4.ui.internal.workbench.E4Workbench.createAndRunUI(E4Workbench.java:153)
	at org.eclipse.ui.internal.Workbench.lambda$3(Workbench.java:680)
	at org.eclipse.core.databinding.observable.Realm.runWithDefault(Realm.java:339)
	at org.eclipse.ui.internal.Workbench.createAndRunWorkbench(Workbench.java:583)
	at org.eclipse.ui.PlatformUI.createAndRunWorkbench(PlatformUI.java:173)
	at org.eclipse.ui.internal.ide.application.IDEApplication.start(IDEApplication.java:193)
	at org.eclipse.equinox.internal.app.EclipseAppHandle.run(EclipseAppHandle.java:219)
	at org.eclipse.core.runtime.internal.adaptor.EclipseAppLauncher.runApplication(EclipseAppLauncher.java:149)
	at org.eclipse.core.runtime.internal.adaptor.EclipseAppLauncher.start(EclipseAppLauncher.java:115)
	at org.eclipse.core.runtime.adaptor.EclipseStarter.run(EclipseStarter.java:467)
	at org.eclipse.core.runtime.adaptor.EclipseStarter.run(EclipseStarter.java:298)
	at java.base/jdk.internal.reflect.DirectMethodHandleAccessor.invoke(DirectMethodHandleAccessor.java:104)
	at java.base/java.lang.reflect.Method.invoke(Method.java:565)
	at org.eclipse.equinox.launcher.Main.invokeFramework(Main.java:615)
	at org.eclipse.equinox.launcher.Main.basicRun(Main.java:563)
	at org.eclipse.equinox.launcher.Main.run(Main.java:1415)
	at org.eclipse.equinox.launcher.Main.main(Main.java:1387)
2026-10-06 10:35:25,833 [main] ERROR o.e.m.j.i.l.MavenLaunchConfigurationListener - Launch configuration New_configuration (1) references non-existing project ForLoop.
org.eclipse.core.runtime.CoreException: Launch configuration New_configuration (1) references non-existing project ForLoop.
	at org.eclipse.jdt.launching.JavaRuntime.abort(JavaRuntime.java:1915)
	at org.eclipse.jdt.launching.JavaRuntime.getJavaProject(JavaRuntime.java:1792)
	at org.eclipse.m2e.jdt.internal.launch.MavenLaunchConfigurationListener.updateLaunchConfiguration(MavenLaunchConfigurationListener.java:66)
	at org.eclipse.m2e.jdt.internal.launch.MavenLaunchConfigurationListener.launchConfigurationChanged(MavenLaunchConfigurationListener.java:52)
	at org.eclipse.debug.internal.core.LaunchManager$ConfigurationNotifier.run(LaunchManager.java:220)
	at org.eclipse.core.runtime.SafeRunner.run(SafeRunner.java:47)
	at org.eclipse.debug.internal.core.LaunchManager$ConfigurationNotifier.notify(LaunchManager.java:204)
	at org.eclipse.debug.internal.core.LaunchConfigurationWorkingCopy.setDirty(LaunchConfigurationWorkingCopy.java:527)
	at org.eclipse.debug.internal.core.LaunchConfigurationWorkingCopy.setAttribute(LaunchConfigurationWorkingCopy.java:415)
	at org.eclipse.jdt.debug.ui.launchConfigurations.JavaMainTab.performApply(JavaMainTab.java:243)
	at org.eclipse.debug.internal.ui.launchConfigurations.LaunchConfigurationTabGroupViewer.refresh(LaunchConfigurationTabGroupViewer.java:531)
	at org.eclipse.debug.internal.ui.launchConfigurations.LaunchConfigurationsDialog.updateButtons(LaunchConfigurationsDialog.java:1663)
	at org.eclipse.debug.ui.AbstractLaunchConfigurationTab.updateLaunchConfigurationDialog(AbstractLaunchConfigurationTab.java:155)
	at org.eclipse.debug.ui.AbstractLaunchConfigurationTab$1.runInUIThread(AbstractLaunchConfigurationTab.java:513)
	at org.eclipse.ui.progress.UIJob.lambda$0(UIJob.java:148)
	at org.eclipse.swt.widgets.RunnableLock.run(RunnableLock.java:40)
	at org.eclipse.swt.widgets.Synchronizer.runAsyncMessages(Synchronizer.java:131)
	at org.eclipse.swt.widgets.Display.runAsyncMessages(Display.java:4136)
	at org.eclipse.swt.widgets.Display.readAndDispatch(Display.java:3752)
	at org.eclipse.jface.window.Window.runEventLoop(Window.java:819)
	at org.eclipse.jface.window.Window.open(Window.java:799)
	at org.eclipse.debug.internal.ui.launchConfigurations.LaunchConfigurationsDialog.open(LaunchConfigurationsDialog.java:1253)
	at org.eclipse.debug.ui.DebugUITools.lambda$1(DebugUITools.java:631)
	at org.eclipse.swt.custom.BusyIndicator.showWhile(BusyIndicator.java:69)
	at org.eclipse.debug.ui.DebugUITools.openLaunchConfigurationDialogOnGroup(DebugUITools.java:637)
	at org.eclipse.debug.ui.DebugUITools.openLaunchConfigurationDialogOnGroup(DebugUITools.java:575)
	at org.eclipse.debug.ui.actions.OpenLaunchDialogAction.run(OpenLaunchDialogAction.java:85)
	at org.eclipse.jface.action.Action.runWithEvent(Action.java:474)
	at org.eclipse.jface.action.ActionContributionItem.handleWidgetSelection(ActionContributionItem.java:581)
	at org.eclipse.jface.action.ActionContributionItem.lambda$4(ActionContributionItem.java:415)
	at org.eclipse.swt.widgets.EventTable.sendEvent(EventTable.java:91)
	at org.eclipse.swt.widgets.Display.sendEvent(Display.java:4363)
	at org.eclipse.swt.widgets.Widget.sendEvent(Widget.java:1217)
	at org.eclipse.swt.widgets.Widget.sendEvent(Widget.java:1241)
	at org.eclipse.swt.widgets.Widget.sendEvent(Widget.java:1226)
	at org.eclipse.swt.widgets.Widget.notifyListeners(Widget.java:863)
	at org.eclipse.jface.action.ActionContributionItem.lambda$8(ActionContributionItem.java:1204)
	at org.eclipse.swt.widgets.EventTable.sendEvent(EventTable.java:91)
	at org.eclipse.swt.widgets.Display.sendEvent(Display.java:4363)
	at org.eclipse.swt.widgets.Widget.sendEvent(Widget.java:1217)
	at org.eclipse.swt.widgets.Display.runDeferredEvents(Display.java:4161)
	at org.eclipse.swt.widgets.Display.readAndDispatch(Display.java:3749)
	at org.eclipse.e4.ui.internal.workbench.swt.PartRenderingEngine$5.run(PartRenderingEngine.java:1160)
	at org.eclipse.core.databinding.observable.Realm.runWithDefault(Realm.java:339)
	at org.eclipse.e4.ui.internal.workbench.swt.PartRenderingEngine.run(PartRenderingEngine.java:1051)
	at org.eclipse.e4.ui.internal.workbench.E4Workbench.createAndRunUI(E4Workbench.java:153)
	at org.eclipse.ui.internal.Workbench.lambda$3(Workbench.java:680)
	at org.eclipse.core.databinding.observable.Realm.runWithDefault(Realm.java:339)
	at org.eclipse.ui.internal.Workbench.createAndRunWorkbench(Workbench.java:583)
	at org.eclipse.ui.PlatformUI.createAndRunWorkbench(PlatformUI.java:173)
	at org.eclipse.ui.internal.ide.application.IDEApplication.start(IDEApplication.java:193)
	at org.eclipse.equinox.internal.app.EclipseAppHandle.run(EclipseAppHandle.java:219)
	at org.eclipse.core.runtime.internal.adaptor.EclipseAppLauncher.runApplication(EclipseAppLauncher.java:149)
	at org.eclipse.core.runtime.internal.adaptor.EclipseAppLauncher.start(EclipseAppLauncher.java:115)
	at org.eclipse.core.runtime.adaptor.EclipseStarter.run(EclipseStarter.java:467)
	at org.eclipse.core.runtime.adaptor.EclipseStarter.run(EclipseStarter.java:298)
	at java.base/jdk.internal.reflect.DirectMethodHandleAccessor.invoke(DirectMethodHandleAccessor.java:104)
	at java.base/java.lang.reflect.Method.invoke(Method.java:565)
	at org.eclipse.equinox.launcher.Main.invokeFramework(Main.java:615)
	at org.eclipse.equinox.launcher.Main.basicRun(Main.java:563)
	at org.eclipse.equinox.launcher.Main.run(Main.java:1415)
	at org.eclipse.equinox.launcher.Main.main(Main.java:1387)
2026-10-06 10:35:25,835 [main] ERROR o.e.m.j.i.l.MavenLaunchConfigurationListener - Launch configuration New_configuration (1) references non-existing project ForLoop.
org.eclipse.core.runtime.CoreException: Launch configuration New_configuration (1) references non-existing project ForLoop.
	at org.eclipse.jdt.launching.JavaRuntime.abort(JavaRuntime.java:1915)
	at org.eclipse.jdt.launching.JavaRuntime.getJavaProject(JavaRuntime.java:1792)
	at org.eclipse.m2e.jdt.internal.launch.MavenLaunchConfigurationListener.updateLaunchConfiguration(MavenLaunchConfigurationListener.java:66)
	at org.eclipse.m2e.jdt.internal.launch.MavenLaunchConfigurationListener.launchConfigurationChanged(MavenLaunchConfigurationListener.java:52)
	at org.eclipse.debug.internal.core.LaunchManager$ConfigurationNotifier.run(LaunchManager.java:220)
	at org.eclipse.core.runtime.SafeRunner.run(SafeRunner.java:47)
	at org.eclipse.debug.internal.core.LaunchManager$ConfigurationNotifier.notify(LaunchManager.java:204)
	at org.eclipse.debug.internal.core.LaunchConfigurationWorkingCopy.setDirty(LaunchConfigurationWorkingCopy.java:527)
	at org.eclipse.debug.internal.core.LaunchConfigurationWorkingCopy.setAttribute(LaunchConfigurationWorkingCopy.java:415)
	at org.eclipse.jdt.debug.ui.launchConfigurations.JavaMainTab.performApply(JavaMainTab.java:251)
	at org.eclipse.debug.internal.ui.launchConfigurations.LaunchConfigurationTabGroupViewer.refresh(LaunchConfigurationTabGroupViewer.java:531)
	at org.eclipse.debug.internal.ui.launchConfigurations.LaunchConfigurationsDialog.updateButtons(LaunchConfigurationsDialog.java:1663)
	at org.eclipse.debug.ui.AbstractLaunchConfigurationTab.updateLaunchConfigurationDialog(AbstractLaunchConfigurationTab.java:155)
	at org.eclipse.debug.ui.AbstractLaunchConfigurationTab$1.runInUIThread(AbstractLaunchConfigurationTab.java:513)
	at org.eclipse.ui.progress.UIJob.lambda$0(UIJob.java:148)
	at org.eclipse.swt.widgets.RunnableLock.run(RunnableLock.java:40)
	at org.eclipse.swt.widgets.Synchronizer.runAsyncMessages(Synchronizer.java:131)
	at org.eclipse.swt.widgets.Display.runAsyncMessages(Display.java:4136)
	at org.eclipse.swt.widgets.Display.readAndDispatch(Display.java:3752)
	at org.eclipse.jface.window.Window.runEventLoop(Window.java:819)
	at org.eclipse.jface.window.Window.open(Window.java:799)
	at org.eclipse.debug.internal.ui.launchConfigurations.LaunchConfigurationsDialog.open(LaunchConfigurationsDialog.java:1253)
	at org.eclipse.debug.ui.DebugUITools.lambda$1(DebugUITools.java:631)
	at org.eclipse.swt.custom.BusyIndicator.showWhile(BusyIndicator.java:69)
	at org.eclipse.debug.ui.DebugUITools.openLaunchConfigurationDialogOnGroup(DebugUITools.java:637)
	at org.eclipse.debug.ui.DebugUITools.openLaunchConfigurationDialogOnGroup(DebugUITools.java:575)
	at org.eclipse.debug.ui.actions.OpenLaunchDialogAction.run(OpenLaunchDialogAction.java:85)
	at org.eclipse.jface.action.Action.runWithEvent(Action.java:474)
	at org.eclipse.jface.action.ActionContributionItem.handleWidgetSelection(ActionContributionItem.java:581)
	at org.eclipse.jface.action.ActionContributionItem.lambda$4(ActionContributionItem.java:415)
	at org.eclipse.swt.widgets.EventTable.sendEvent(EventTable.java:91)
	at org.eclipse.swt.widgets.Display.sendEvent(Display.java:4363)
	at org.eclipse.swt.widgets.Widget.sendEvent(Widget.java:1217)
	at org.eclipse.swt.widgets.Widget.sendEvent(Widget.java:1241)
	at org.eclipse.swt.widgets.Widget.sendEvent(Widget.java:1226)
	at org.eclipse.swt.widgets.Widget.notifyListeners(Widget.java:863)
	at org.eclipse.jface.action.ActionContributionItem.lambda$8(ActionContributionItem.java:1204)
	at org.eclipse.swt.widgets.EventTable.sendEvent(EventTable.java:91)
	at org.eclipse.swt.widgets.Display.sendEvent(Display.java:4363)
	at org.eclipse.swt.widgets.Widget.sendEvent(Widget.java:1217)
	at org.eclipse.swt.widgets.Display.runDeferredEvents(Display.java:4161)
	at org.eclipse.swt.widgets.Display.readAndDispatch(Display.java:3749)
	at org.eclipse.e4.ui.internal.workbench.swt.PartRenderingEngine$5.run(PartRenderingEngine.java:1160)
	at org.eclipse.core.databinding.observable.Realm.runWithDefault(Realm.java:339)
	at org.eclipse.e4.ui.internal.workbench.swt.PartRenderingEngine.run(PartRenderingEngine.java:1051)
	at org.eclipse.e4.ui.internal.workbench.E4Workbench.createAndRunUI(E4Workbench.java:153)
	at org.eclipse.ui.internal.Workbench.lambda$3(Workbench.java:680)
	at org.eclipse.core.databinding.observable.Realm.runWithDefault(Realm.java:339)
	at org.eclipse.ui.internal.Workbench.createAndRunWorkbench(Workbench.java:583)
	at org.eclipse.ui.PlatformUI.createAndRunWorkbench(PlatformUI.java:173)
	at org.eclipse.ui.internal.ide.application.IDEApplication.start(IDEApplication.java:193)
	at org.eclipse.equinox.internal.app.EclipseAppHandle.run(EclipseAppHandle.java:219)
	at org.eclipse.core.runtime.internal.adaptor.EclipseAppLauncher.runApplication(EclipseAppLauncher.java:149)
	at org.eclipse.core.runtime.internal.adaptor.EclipseAppLauncher.start(EclipseAppLauncher.java:115)
	at org.eclipse.core.runtime.adaptor.EclipseStarter.run(EclipseStarter.java:467)
	at org.eclipse.core.runtime.adaptor.EclipseStarter.run(EclipseStarter.java:298)
	at java.base/jdk.internal.reflect.DirectMethodHandleAccessor.invoke(DirectMethodHandleAccessor.java:104)
	at java.base/java.lang.reflect.Method.invoke(Method.java:565)
	at org.eclipse.equinox.launcher.Main.invokeFramework(Main.java:615)
	at org.eclipse.equinox.launcher.Main.basicRun(Main.java:563)
	at org.eclipse.equinox.launcher.Main.run(Main.java:1415)
	at org.eclipse.equinox.launcher.Main.main(Main.java:1387)
2026-10-06 10:35:25,836 [main] ERROR o.e.m.j.i.l.MavenLaunchConfigurationListener - Launch configuration New_configuration (1) references non-existing project ForLoop.
org.eclipse.core.runtime.CoreException: Launch configuration New_configuration (1) references non-existing project ForLoop.
	at org.eclipse.jdt.launching.JavaRuntime.abort(JavaRuntime.java:1915)
	at org.eclipse.jdt.launching.JavaRuntime.getJavaProject(JavaRuntime.java:1792)
	at org.eclipse.m2e.jdt.internal.launch.MavenLaunchConfigurationListener.updateLaunchConfiguration(MavenLaunchConfigurationListener.java:66)
	at org.eclipse.m2e.jdt.internal.launch.MavenLaunchConfigurationListener.launchConfigurationChanged(MavenLaunchConfigurationListener.java:52)
	at org.eclipse.debug.internal.core.LaunchManager$ConfigurationNotifier.run(LaunchManager.java:220)
	at org.eclipse.core.runtime.SafeRunner.run(SafeRunner.java:47)
	at org.eclipse.debug.internal.core.LaunchManager$ConfigurationNotifier.notify(LaunchManager.java:204)
	at org.eclipse.debug.internal.core.LaunchConfigurationWorkingCopy.setDirty(LaunchConfigurationWorkingCopy.java:527)
	at org.eclipse.debug.internal.core.LaunchConfigurationWorkingCopy.setAttribute(LaunchConfigurationWorkingCopy.java:415)
	at org.eclipse.jdt.debug.ui.launchConfigurations.JavaMainTab.performApply(JavaMainTab.java:259)
	at org.eclipse.debug.internal.ui.launchConfigurations.LaunchConfigurationTabGroupViewer.refresh(LaunchConfigurationTabGroupViewer.java:531)
	at org.eclipse.debug.internal.ui.launchConfigurations.LaunchConfigurationsDialog.updateButtons(LaunchConfigurationsDialog.java:1663)
	at org.eclipse.debug.ui.AbstractLaunchConfigurationTab.updateLaunchConfigurationDialog(AbstractLaunchConfigurationTab.java:155)
	at org.eclipse.debug.ui.AbstractLaunchConfigurationTab$1.runInUIThread(AbstractLaunchConfigurationTab.java:513)
	at org.eclipse.ui.progress.UIJob.lambda$0(UIJob.java:148)
	at org.eclipse.swt.widgets.RunnableLock.run(RunnableLock.java:40)
	at org.eclipse.swt.widgets.Synchronizer.runAsyncMessages(Synchronizer.java:131)
	at org.eclipse.swt.widgets.Display.runAsyncMessages(Display.java:4136)
	at org.eclipse.swt.widgets.Display.readAndDispatch(Display.java:3752)
	at org.eclipse.jface.window.Window.runEventLoop(Window.java:819)
	at org.eclipse.jface.window.Window.open(Window.java:799)
	at org.eclipse.debug.internal.ui.launchConfigurations.LaunchConfigurationsDialog.open(LaunchConfigurationsDialog.java:1253)
	at org.eclipse.debug.ui.DebugUITools.lambda$1(DebugUITools.java:631)
	at org.eclipse.swt.custom.BusyIndicator.showWhile(BusyIndicator.java:69)
	at org.eclipse.debug.ui.DebugUITools.openLaunchConfigurationDialogOnGroup(DebugUITools.java:637)
	at org.eclipse.debug.ui.DebugUITools.openLaunchConfigurationDialogOnGroup(DebugUITools.java:575)
	at org.eclipse.debug.ui.actions.OpenLaunchDialogAction.run(OpenLaunchDialogAction.java:85)
	at org.eclipse.jface.action.Action.runWithEvent(Action.java:474)
	at org.eclipse.jface.action.ActionContributionItem.handleWidgetSelection(ActionContributionItem.java:581)
	at org.eclipse.jface.action.ActionContributionItem.lambda$4(ActionContributionItem.java:415)
	at org.eclipse.swt.widgets.EventTable.sendEvent(EventTable.java:91)
	at org.eclipse.swt.widgets.Display.sendEvent(Display.java:4363)
	at org.eclipse.swt.widgets.Widget.sendEvent(Widget.java:1217)
	at org.eclipse.swt.widgets.Widget.sendEvent(Widget.java:1241)
	at org.eclipse.swt.widgets.Widget.sendEvent(Widget.java:1226)
	at org.eclipse.swt.widgets.Widget.notifyListeners(Widget.java:863)
	at org.eclipse.jface.action.ActionContributionItem.lambda$8(ActionContributionItem.java:1204)
	at org.eclipse.swt.widgets.EventTable.sendEvent(EventTable.java:91)
	at org.eclipse.swt.widgets.Display.sendEvent(Display.java:4363)
	at org.eclipse.swt.widgets.Widget.sendEvent(Widget.java:1217)
	at org.eclipse.swt.widgets.Display.runDeferredEvents(Display.java:4161)
	at org.eclipse.swt.widgets.Display.readAndDispatch(Display.java:3749)
	at org.eclipse.e4.ui.internal.workbench.swt.PartRenderingEngine$5.run(PartRenderingEngine.java:1160)
	at org.eclipse.core.databinding.observable.Realm.runWithDefault(Realm.java:339)
	at org.eclipse.e4.ui.internal.workbench.swt.PartRenderingEngine.run(PartRenderingEngine.java:1051)
	at org.eclipse.e4.ui.internal.workbench.E4Workbench.createAndRunUI(E4Workbench.java:153)
	at org.eclipse.ui.internal.Workbench.lambda$3(Workbench.java:680)
	at org.eclipse.core.databinding.observable.Realm.runWithDefault(Realm.java:339)
	at org.eclipse.ui.internal.Workbench.createAndRunWorkbench(Workbench.java:583)
	at org.eclipse.ui.PlatformUI.createAndRunWorkbench(PlatformUI.java:173)
	at org.eclipse.ui.internal.ide.application.IDEApplication.start(IDEApplication.java:193)
	at org.eclipse.equinox.internal.app.EclipseAppHandle.run(EclipseAppHandle.java:219)
	at org.eclipse.core.runtime.internal.adaptor.EclipseAppLauncher.runApplication(EclipseAppLauncher.java:149)
	at org.eclipse.core.runtime.internal.adaptor.EclipseAppLauncher.start(EclipseAppLauncher.java:115)
	at org.eclipse.core.runtime.adaptor.EclipseStarter.run(EclipseStarter.java:467)
	at org.eclipse.core.runtime.adaptor.EclipseStarter.run(EclipseStarter.java:298)
	at java.base/jdk.internal.reflect.DirectMethodHandleAccessor.invoke(DirectMethodHandleAccessor.java:104)
	at java.base/java.lang.reflect.Method.invoke(Method.java:565)
	at org.eclipse.equinox.launcher.Main.invokeFramework(Main.java:615)
	at org.eclipse.equinox.launcher.Main.basicRun(Main.java:563)
	at org.eclipse.equinox.launcher.Main.run(Main.java:1415)
	at org.eclipse.equinox.launcher.Main.main(Main.java:1387)
2026-10-06 10:35:25,872 [main] ERROR o.e.m.j.i.l.MavenLaunchConfigurationListener - Launch configuration New_configuration (1) references non-existing project ForLoop.
org.eclipse.core.runtime.CoreException: Launch configuration New_configuration (1) references non-existing project ForLoop.
	at org.eclipse.jdt.launching.JavaRuntime.abort(JavaRuntime.java:1915)
	at org.eclipse.jdt.launching.JavaRuntime.getJavaProject(JavaRuntime.java:1792)
	at org.eclipse.m2e.jdt.internal.launch.MavenLaunchConfigurationListener.updateLaunchConfiguration(MavenLaunchConfigurationListener.java:66)
	at org.eclipse.m2e.jdt.internal.launch.MavenLaunchConfigurationListener.launchConfigurationChanged(MavenLaunchConfigurationListener.java:52)
	at org.eclipse.debug.internal.core.LaunchManager$ConfigurationNotifier.run(LaunchManager.java:220)
	at org.eclipse.core.runtime.SafeRunner.run(SafeRunner.java:47)
	at org.eclipse.debug.internal.core.LaunchManager$ConfigurationNotifier.notify(LaunchManager.java:204)
	at org.eclipse.debug.internal.core.LaunchConfigurationWorkingCopy.setDirty(LaunchConfigurationWorkingCopy.java:527)
	at org.eclipse.debug.internal.core.LaunchConfigurationWorkingCopy.setAttribute(LaunchConfigurationWorkingCopy.java:415)
	at org.eclipse.jdt.debug.ui.launchConfigurations.JavaMainTab.performApply(JavaMainTab.java:233)
	at org.eclipse.debug.internal.ui.launchConfigurations.LaunchConfigurationTabGroupViewer.refresh(LaunchConfigurationTabGroupViewer.java:531)
	at org.eclipse.debug.internal.ui.launchConfigurations.LaunchConfigurationsDialog.updateButtons(LaunchConfigurationsDialog.java:1663)
	at org.eclipse.debug.ui.AbstractLaunchConfigurationTab.updateLaunchConfigurationDialog(AbstractLaunchConfigurationTab.java:155)
	at org.eclipse.debug.ui.AbstractLaunchConfigurationTab$1.runInUIThread(AbstractLaunchConfigurationTab.java:513)
	at org.eclipse.ui.progress.UIJob.lambda$0(UIJob.java:148)
	at org.eclipse.swt.widgets.RunnableLock.run(RunnableLock.java:40)
	at org.eclipse.swt.widgets.Synchronizer.runAsyncMessages(Synchronizer.java:131)
	at org.eclipse.swt.widgets.Display.runAsyncMessages(Display.java:4136)
	at org.eclipse.swt.widgets.Display.readAndDispatch(Display.java:3752)
	at org.eclipse.jface.window.Window.runEventLoop(Window.java:819)
	at org.eclipse.jface.window.Window.open(Window.java:799)
	at org.eclipse.debug.internal.ui.launchConfigurations.LaunchConfigurationsDialog.open(LaunchConfigurationsDialog.java:1253)
	at org.eclipse.debug.ui.DebugUITools.lambda$1(DebugUITools.java:631)
	at org.eclipse.swt.custom.BusyIndicator.showWhile(BusyIndicator.java:69)
	at org.eclipse.debug.ui.DebugUITools.openLaunchConfigurationDialogOnGroup(DebugUITools.java:637)
	at org.eclipse.debug.ui.DebugUITools.openLaunchConfigurationDialogOnGroup(DebugUITools.java:575)
	at org.eclipse.debug.ui.actions.OpenLaunchDialogAction.run(OpenLaunchDialogAction.java:85)
	at org.eclipse.jface.action.Action.runWithEvent(Action.java:474)
	at org.eclipse.jface.action.ActionContributionItem.handleWidgetSelection(ActionContributionItem.java:581)
	at org.eclipse.jface.action.ActionContributionItem.lambda$4(ActionContributionItem.java:415)
	at org.eclipse.swt.widgets.EventTable.sendEvent(EventTable.java:91)
	at org.eclipse.swt.widgets.Display.sendEvent(Display.java:4363)
	at org.eclipse.swt.widgets.Widget.sendEvent(Widget.java:1217)
	at org.eclipse.swt.widgets.Widget.sendEvent(Widget.java:1241)
	at org.eclipse.swt.widgets.Widget.sendEvent(Widget.java:1226)
	at org.eclipse.swt.widgets.Widget.notifyListeners(Widget.java:863)
	at org.eclipse.jface.action.ActionContributionItem.lambda$8(ActionContributionItem.java:1204)
	at org.eclipse.swt.widgets.EventTable.sendEvent(EventTable.java:91)
	at org.eclipse.swt.widgets.Display.sendEvent(Display.java:4363)
	at org.eclipse.swt.widgets.Widget.sendEvent(Widget.java:1217)
	at org.eclipse.swt.widgets.Display.runDeferredEvents(Display.java:4161)
	at org.eclipse.swt.widgets.Display.readAndDispatch(Display.java:3749)
	at org.eclipse.e4.ui.internal.workbench.swt.PartRenderingEngine$5.run(PartRenderingEngine.java:1160)
	at org.eclipse.core.databinding.observable.Realm.runWithDefault(Realm.java:339)
	at org.eclipse.e4.ui.internal.workbench.swt.PartRenderingEngine.run(PartRenderingEngine.java:1051)
	at org.eclipse.e4.ui.internal.workbench.E4Workbench.createAndRunUI(E4Workbench.java:153)
	at org.eclipse.ui.internal.Workbench.lambda$3(Workbench.java:680)
	at org.eclipse.core.databinding.observable.Realm.runWithDefault(Realm.java:339)
	at org.eclipse.ui.internal.Workbench.createAndRunWorkbench(Workbench.java:583)
	at org.eclipse.ui.PlatformUI.createAndRunWorkbench(PlatformUI.java:173)
	at org.eclipse.ui.internal.ide.application.IDEApplication.start(IDEApplication.java:193)
	at org.eclipse.equinox.internal.app.EclipseAppHandle.run(EclipseAppHandle.java:219)
	at org.eclipse.core.runtime.internal.adaptor.EclipseAppLauncher.runApplication(EclipseAppLauncher.java:149)
	at org.eclipse.core.runtime.internal.adaptor.EclipseAppLauncher.start(EclipseAppLauncher.java:115)
	at org.eclipse.core.runtime.adaptor.EclipseStarter.run(EclipseStarter.java:467)
	at org.eclipse.core.runtime.adaptor.EclipseStarter.run(EclipseStarter.java:298)
	at java.base/jdk.internal.reflect.DirectMethodHandleAccessor.invoke(DirectMethodHandleAccessor.java:104)
	at java.base/java.lang.reflect.Method.invoke(Method.java:565)
	at org.eclipse.equinox.launcher.Main.invokeFramework(Main.java:615)
	at org.eclipse.equinox.launcher.Main.basicRun(Main.java:563)
	at org.eclipse.equinox.launcher.Main.run(Main.java:1415)
	at org.eclipse.equinox.launcher.Main.main(Main.java:1387)
2026-10-06 10:35:25,875 [main] ERROR o.e.m.j.i.l.MavenLaunchConfigurationListener - Launch configuration New_configuration (1) references non-existing project ForLoop.
org.eclipse.core.runtime.CoreException: Launch configuration New_configuration (1) references non-existing project ForLoop.
	at org.eclipse.jdt.launching.JavaRuntime.abort(JavaRuntime.java:1915)
	at org.eclipse.jdt.launching.JavaRuntime.getJavaProject(JavaRuntime.java:1792)
	at org.eclipse.m2e.jdt.internal.launch.MavenLaunchConfigurationListener.updateLaunchConfiguration(MavenLaunchConfigurationListener.java:66)
	at org.eclipse.m2e.jdt.internal.launch.MavenLaunchConfigurationListener.launchConfigurationChanged(MavenLaunchConfigurationListener.java:52)
	at org.eclipse.debug.internal.core.LaunchManager$ConfigurationNotifier.run(LaunchManager.java:220)
	at org.eclipse.core.runtime.SafeRunner.run(SafeRunner.java:47)
	at org.eclipse.debug.internal.core.LaunchManager$ConfigurationNotifier.notify(LaunchManager.java:204)
	at org.eclipse.debug.internal.core.LaunchConfigurationWorkingCopy.setDirty(LaunchConfigurationWorkingCopy.java:527)
	at org.eclipse.debug.internal.core.LaunchConfigurationWorkingCopy.setAttribute(LaunchConfigurationWorkingCopy.java:415)
	at org.eclipse.jdt.debug.ui.launchConfigurations.JavaMainTab.performApply(JavaMainTab.java:234)
	at org.eclipse.debug.internal.ui.launchConfigurations.LaunchConfigurationTabGroupViewer.refresh(LaunchConfigurationTabGroupViewer.java:531)
	at org.eclipse.debug.internal.ui.launchConfigurations.LaunchConfigurationsDialog.updateButtons(LaunchConfigurationsDialog.java:1663)
	at org.eclipse.debug.ui.AbstractLaunchConfigurationTab.updateLaunchConfigurationDialog(AbstractLaunchConfigurationTab.java:155)
	at org.eclipse.debug.ui.AbstractLaunchConfigurationTab$1.runInUIThread(AbstractLaunchConfigurationTab.java:513)
	at org.eclipse.ui.progress.UIJob.lambda$0(UIJob.java:148)
	at org.eclipse.swt.widgets.RunnableLock.run(RunnableLock.java:40)
	at org.eclipse.swt.widgets.Synchronizer.runAsyncMessages(Synchronizer.java:131)
	at org.eclipse.swt.widgets.Display.runAsyncMessages(Display.java:4136)
	at org.eclipse.swt.widgets.Display.readAndDispatch(Display.java:3752)
	at org.eclipse.jface.window.Window.runEventLoop(Window.java:819)
	at org.eclipse.jface.window.Window.open(Window.java:799)
	at org.eclipse.debug.internal.ui.launchConfigurations.LaunchConfigurationsDialog.open(LaunchConfigurationsDialog.java:1253)
	at org.eclipse.debug.ui.DebugUITools.lambda$1(DebugUITools.java:631)
	at org.eclipse.swt.custom.BusyIndicator.showWhile(BusyIndicator.java:69)
	at org.eclipse.debug.ui.DebugUITools.openLaunchConfigurationDialogOnGroup(DebugUITools.java:637)
	at org.eclipse.debug.ui.DebugUITools.openLaunchConfigurationDialogOnGroup(DebugUITools.java:575)
	at org.eclipse.debug.ui.actions.OpenLaunchDialogAction.run(OpenLaunchDialogAction.java:85)
	at org.eclipse.jface.action.Action.runWithEvent(Action.java:474)
	at org.eclipse.jface.action.ActionContributionItem.handleWidgetSelection(ActionContributionItem.java:581)
	at org.eclipse.jface.action.ActionContributionItem.lambda$4(ActionContributionItem.java:415)
	at org.eclipse.swt.widgets.EventTable.sendEvent(EventTable.java:91)
	at org.eclipse.swt.widgets.Display.sendEvent(Display.java:4363)
	at org.eclipse.swt.widgets.Widget.sendEvent(Widget.java:1217)
	at org.eclipse.swt.widgets.Widget.sendEvent(Widget.java:1241)
	at org.eclipse.swt.widgets.Widget.sendEvent(Widget.java:1226)
	at org.eclipse.swt.widgets.Widget.notifyListeners(Widget.java:863)
	at org.eclipse.jface.action.ActionContributionItem.lambda$8(ActionContributionItem.java:1204)
	at org.eclipse.swt.widgets.EventTable.sendEvent(EventTable.java:91)
	at org.eclipse.swt.widgets.Display.sendEvent(Display.java:4363)
	at org.eclipse.swt.widgets.Widget.sendEvent(Widget.java:1217)
	at org.eclipse.swt.widgets.Display.runDeferredEvents(Display.java:4161)
	at org.eclipse.swt.widgets.Display.readAndDispatch(Display.java:3749)
	at org.eclipse.e4.ui.internal.workbench.swt.PartRenderingEngine$5.run(PartRenderingEngine.java:1160)
	at org.eclipse.core.databinding.observable.Realm.runWithDefault(Realm.java:339)
	at org.eclipse.e4.ui.internal.workbench.swt.PartRenderingEngine.run(PartRenderingEngine.java:1051)
	at org.eclipse.e4.ui.internal.workbench.E4Workbench.createAndRunUI(E4Workbench.java:153)
	at org.eclipse.ui.internal.Workbench.lambda$3(Workbench.java:680)
	at org.eclipse.core.databinding.observable.Realm.runWithDefault(Realm.java:339)
	at org.eclipse.ui.internal.Workbench.createAndRunWorkbench(Workbench.java:583)
	at org.eclipse.ui.PlatformUI.createAndRunWorkbench(PlatformUI.java:173)
	at org.eclipse.ui.internal.ide.application.IDEApplication.start(IDEApplication.java:193)
	at org.eclipse.equinox.internal.app.EclipseAppHandle.run(EclipseAppHandle.java:219)
	at org.eclipse.core.runtime.internal.adaptor.EclipseAppLauncher.runApplication(EclipseAppLauncher.java:149)
	at org.eclipse.core.runtime.internal.adaptor.EclipseAppLauncher.start(EclipseAppLauncher.java:115)
	at org.eclipse.core.runtime.adaptor.EclipseStarter.run(EclipseStarter.java:467)
	at org.eclipse.core.runtime.adaptor.EclipseStarter.run(EclipseStarter.java:298)
	at java.base/jdk.internal.reflect.DirectMethodHandleAccessor.invoke(DirectMethodHandleAccessor.java:104)
	at java.base/java.lang.reflect.Method.invoke(Method.java:565)
	at org.eclipse.equinox.launcher.Main.invokeFramework(Main.java:615)
	at org.eclipse.equinox.launcher.Main.basicRun(Main.java:563)
	at org.eclipse.equinox.launcher.Main.run(Main.java:1415)
	at org.eclipse.equinox.launcher.Main.main(Main.java:1387)
2026-10-06 10:35:25,878 [main] ERROR o.e.m.j.i.l.MavenLaunchConfigurationListener - Launch configuration New_configuration (1) references non-existing project ForLoop.
org.eclipse.core.runtime.CoreException: Launch configuration New_configuration (1) references non-existing project ForLoop.
	at org.eclipse.jdt.launching.JavaRuntime.abort(JavaRuntime.java:1915)
	at org.eclipse.jdt.launching.JavaRuntime.getJavaProject(JavaRuntime.java:1792)
	at org.eclipse.m2e.jdt.internal.launch.MavenLaunchConfigurationListener.updateLaunchConfiguration(MavenLaunchConfigurationListener.java:66)
	at org.eclipse.m2e.jdt.internal.launch.MavenLaunchConfigurationListener.launchConfigurationChanged(MavenLaunchConfigurationListener.java:52)
	at org.eclipse.debug.internal.core.LaunchManager$ConfigurationNotifier.run(LaunchManager.java:220)
	at org.eclipse.core.runtime.SafeRunner.run(SafeRunner.java:47)
	at org.eclipse.debug.internal.core.LaunchManager$ConfigurationNotifier.notify(LaunchManager.java:204)
	at org.eclipse.debug.internal.core.LaunchConfigurationWorkingCopy.setDirty(LaunchConfigurationWorkingCopy.java:527)
	at org.eclipse.debug.internal.core.LaunchConfigurationWorkingCopy.setAttribute(LaunchConfigurationWorkingCopy.java:415)
	at org.eclipse.jdt.debug.ui.launchConfigurations.JavaMainTab.performApply(JavaMainTab.java:235)
	at org.eclipse.debug.internal.ui.launchConfigurations.LaunchConfigurationTabGroupViewer.refresh(LaunchConfigurationTabGroupViewer.java:531)
	at org.eclipse.debug.internal.ui.launchConfigurations.LaunchConfigurationsDialog.updateButtons(LaunchConfigurationsDialog.java:1663)
	at org.eclipse.debug.ui.AbstractLaunchConfigurationTab.updateLaunchConfigurationDialog(AbstractLaunchConfigurationTab.java:155)
	at org.eclipse.debug.ui.AbstractLaunchConfigurationTab$1.runInUIThread(AbstractLaunchConfigurationTab.java:513)
	at org.eclipse.ui.progress.UIJob.lambda$0(UIJob.java:148)
	at org.eclipse.swt.widgets.RunnableLock.run(RunnableLock.java:40)
	at org.eclipse.swt.widgets.Synchronizer.runAsyncMessages(Synchronizer.java:131)
	at org.eclipse.swt.widgets.Display.runAsyncMessages(Display.java:4136)
	at org.eclipse.swt.widgets.Display.readAndDispatch(Display.java:3752)
	at org.eclipse.jface.window.Window.runEventLoop(Window.java:819)
	at org.eclipse.jface.window.Window.open(Window.java:799)
	at org.eclipse.debug.internal.ui.launchConfigurations.LaunchConfigurationsDialog.open(LaunchConfigurationsDialog.java:1253)
	at org.eclipse.debug.ui.DebugUITools.lambda$1(DebugUITools.java:631)
	at org.eclipse.swt.custom.BusyIndicator.showWhile(BusyIndicator.java:69)
	at org.eclipse.debug.ui.DebugUITools.openLaunchConfigurationDialogOnGroup(DebugUITools.java:637)
	at org.eclipse.debug.ui.DebugUITools.openLaunchConfigurationDialogOnGroup(DebugUITools.java:575)
	at org.eclipse.debug.ui.actions.OpenLaunchDialogAction.run(OpenLaunchDialogAction.java:85)
	at org.eclipse.jface.action.Action.runWithEvent(Action.java:474)
	at org.eclipse.jface.action.ActionContributionItem.handleWidgetSelection(ActionContributionItem.java:581)
	at org.eclipse.jface.action.ActionContributionItem.lambda$4(ActionContributionItem.java:415)
	at org.eclipse.swt.widgets.EventTable.sendEvent(EventTable.java:91)
	at org.eclipse.swt.widgets.Display.sendEvent(Display.java:4363)
	at org.eclipse.swt.widgets.Widget.sendEvent(Widget.java:1217)
	at org.eclipse.swt.widgets.Widget.sendEvent(Widget.java:1241)
	at org.eclipse.swt.widgets.Widget.sendEvent(Widget.java:1226)
	at org.eclipse.swt.widgets.Widget.notifyListeners(Widget.java:863)
	at org.eclipse.jface.action.ActionContributionItem.lambda$8(ActionContributionItem.java:1204)
	at org.eclipse.swt.widgets.EventTable.sendEvent(EventTable.java:91)
	at org.eclipse.swt.widgets.Display.sendEvent(Display.java:4363)
	at org.eclipse.swt.widgets.Widget.sendEvent(Widget.java:1217)
	at org.eclipse.swt.widgets.Display.runDeferredEvents(Display.java:4161)
	at org.eclipse.swt.widgets.Display.readAndDispatch(Display.java:3749)
	at org.eclipse.e4.ui.internal.workbench.swt.PartRenderingEngine$5.run(PartRenderingEngine.java:1160)
	at org.eclipse.core.databinding.observable.Realm.runWithDefault(Realm.java:339)
	at org.eclipse.e4.ui.internal.workbench.swt.PartRenderingEngine.run(PartRenderingEngine.java:1051)
	at org.eclipse.e4.ui.internal.workbench.E4Workbench.createAndRunUI(E4Workbench.java:153)
	at org.eclipse.ui.internal.Workbench.lambda$3(Workbench.java:680)
	at org.eclipse.core.databinding.observable.Realm.runWithDefault(Realm.java:339)
	at org.eclipse.ui.internal.Workbench.createAndRunWorkbench(Workbench.java:583)
	at org.eclipse.ui.PlatformUI.createAndRunWorkbench(PlatformUI.java:173)
	at org.eclipse.ui.internal.ide.application.IDEApplication.start(IDEApplication.java:193)
	at org.eclipse.equinox.internal.app.EclipseAppHandle.run(EclipseAppHandle.java:219)
	at org.eclipse.core.runtime.internal.adaptor.EclipseAppLauncher.runApplication(EclipseAppLauncher.java:149)
	at org.eclipse.core.runtime.internal.adaptor.EclipseAppLauncher.start(EclipseAppLauncher.java:115)
	at org.eclipse.core.runtime.adaptor.EclipseStarter.run(EclipseStarter.java:467)
	at org.eclipse.core.runtime.adaptor.EclipseStarter.run(EclipseStarter.java:298)
	at java.base/jdk.internal.reflect.DirectMethodHandleAccessor.invoke(DirectMethodHandleAccessor.java:104)
	at java.base/java.lang.reflect.Method.invoke(Method.java:565)
	at org.eclipse.equinox.launcher.Main.invokeFramework(Main.java:615)
	at org.eclipse.equinox.launcher.Main.basicRun(Main.java:563)
	at org.eclipse.equinox.launcher.Main.run(Main.java:1415)
	at org.eclipse.equinox.launcher.Main.main(Main.java:1387)
2026-10-06 10:35:25,880 [main] ERROR o.e.m.j.i.l.MavenLaunchConfigurationListener - Launch configuration New_configuration (1) references non-existing project ForLoop.
org.eclipse.core.runtime.CoreException: Launch configuration New_configuration (1) references non-existing project ForLoop.
	at org.eclipse.jdt.launching.JavaRuntime.abort(JavaRuntime.java:1915)
	at org.eclipse.jdt.launching.JavaRuntime.getJavaProject(JavaRuntime.java:1792)
	at org.eclipse.m2e.jdt.internal.launch.MavenLaunchConfigurationListener.updateLaunchConfiguration(MavenLaunchConfigurationListener.java:66)
	at org.eclipse.m2e.jdt.internal.launch.MavenLaunchConfigurationListener.launchConfigurationChanged(MavenLaunchConfigurationListener.java:52)
	at org.eclipse.debug.internal.core.LaunchManager$ConfigurationNotifier.run(LaunchManager.java:220)
	at org.eclipse.core.runtime.SafeRunner.run(SafeRunner.java:47)
	at org.eclipse.debug.internal.core.LaunchManager$ConfigurationNotifier.notify(LaunchManager.java:204)
	at org.eclipse.debug.internal.core.LaunchConfigurationWorkingCopy.setDirty(LaunchConfigurationWorkingCopy.java:527)
	at org.eclipse.debug.internal.core.LaunchConfigurationWorkingCopy.setAttribute(LaunchConfigurationWorkingCopy.java:415)
	at org.eclipse.jdt.debug.ui.launchConfigurations.JavaMainTab.performApply(JavaMainTab.java:243)
	at org.eclipse.debug.internal.ui.launchConfigurations.LaunchConfigurationTabGroupViewer.refresh(LaunchConfigurationTabGroupViewer.java:531)
	at org.eclipse.debug.internal.ui.launchConfigurations.LaunchConfigurationsDialog.updateButtons(LaunchConfigurationsDialog.java:1663)
	at org.eclipse.debug.ui.AbstractLaunchConfigurationTab.updateLaunchConfigurationDialog(AbstractLaunchConfigurationTab.java:155)
	at org.eclipse.debug.ui.AbstractLaunchConfigurationTab$1.runInUIThread(AbstractLaunchConfigurationTab.java:513)
	at org.eclipse.ui.progress.UIJob.lambda$0(UIJob.java:148)
	at org.eclipse.swt.widgets.RunnableLock.run(RunnableLock.java:40)
	at org.eclipse.swt.widgets.Synchronizer.runAsyncMessages(Synchronizer.java:131)
	at org.eclipse.swt.widgets.Display.runAsyncMessages(Display.java:4136)
	at org.eclipse.swt.widgets.Display.readAndDispatch(Display.java:3752)
	at org.eclipse.jface.window.Window.runEventLoop(Window.java:819)
	at org.eclipse.jface.window.Window.open(Window.java:799)
	at org.eclipse.debug.internal.ui.launchConfigurations.LaunchConfigurationsDialog.open(LaunchConfigurationsDialog.java:1253)
	at org.eclipse.debug.ui.DebugUITools.lambda$1(DebugUITools.java:631)
	at org.eclipse.swt.custom.BusyIndicator.showWhile(BusyIndicator.java:69)
	at org.eclipse.debug.ui.DebugUITools.openLaunchConfigurationDialogOnGroup(DebugUITools.java:637)
	at org.eclipse.debug.ui.DebugUITools.openLaunchConfigurationDialogOnGroup(DebugUITools.java:575)
	at org.eclipse.debug.ui.actions.OpenLaunchDialogAction.run(OpenLaunchDialogAction.java:85)
	at org.eclipse.jface.action.Action.runWithEvent(Action.java:474)
	at org.eclipse.jface.action.ActionContributionItem.handleWidgetSelection(ActionContributionItem.java:581)
	at org.eclipse.jface.action.ActionContributionItem.lambda$4(ActionContributionItem.java:415)
	at org.eclipse.swt.widgets.EventTable.sendEvent(EventTable.java:91)
	at org.eclipse.swt.widgets.Display.sendEvent(Display.java:4363)
	at org.eclipse.swt.widgets.Widget.sendEvent(Widget.java:1217)
	at org.eclipse.swt.widgets.Widget.sendEvent(Widget.java:1241)
	at org.eclipse.swt.widgets.Widget.sendEvent(Widget.java:1226)
	at org.eclipse.swt.widgets.Widget.notifyListeners(Widget.java:863)
	at org.eclipse.jface.action.ActionContributionItem.lambda$8(ActionContributionItem.java:1204)
	at org.eclipse.swt.widgets.EventTable.sendEvent(EventTable.java:91)
	at org.eclipse.swt.widgets.Display.sendEvent(Display.java:4363)
	at org.eclipse.swt.widgets.Widget.sendEvent(Widget.java:1217)
	at org.eclipse.swt.widgets.Display.runDeferredEvents(Display.java:4161)
	at org.eclipse.swt.widgets.Display.readAndDispatch(Display.java:3749)
	at org.eclipse.e4.ui.internal.workbench.swt.PartRenderingEngine$5.run(PartRenderingEngine.java:1160)
	at org.eclipse.core.databinding.observable.Realm.runWithDefault(Realm.java:339)
	at org.eclipse.e4.ui.internal.workbench.swt.PartRenderingEngine.run(PartRenderingEngine.java:1051)
	at org.eclipse.e4.ui.internal.workbench.E4Workbench.createAndRunUI(E4Workbench.java:153)
	at org.eclipse.ui.internal.Workbench.lambda$3(Workbench.java:680)
	at org.eclipse.core.databinding.observable.Realm.runWithDefault(Realm.java:339)
	at org.eclipse.ui.internal.Workbench.createAndRunWorkbench(Workbench.java:583)
	at org.eclipse.ui.PlatformUI.createAndRunWorkbench(PlatformUI.java:173)
	at org.eclipse.ui.internal.ide.application.IDEApplication.start(IDEApplication.java:193)
	at org.eclipse.equinox.internal.app.EclipseAppHandle.run(EclipseAppHandle.java:219)
	at org.eclipse.core.runtime.internal.adaptor.EclipseAppLauncher.runApplication(EclipseAppLauncher.java:149)
	at org.eclipse.core.runtime.internal.adaptor.EclipseAppLauncher.start(EclipseAppLauncher.java:115)
	at org.eclipse.core.runtime.adaptor.EclipseStarter.run(EclipseStarter.java:467)
	at org.eclipse.core.runtime.adaptor.EclipseStarter.run(EclipseStarter.java:298)
	at java.base/jdk.internal.reflect.DirectMethodHandleAccessor.invoke(DirectMethodHandleAccessor.java:104)
	at java.base/java.lang.reflect.Method.invoke(Method.java:565)
	at org.eclipse.equinox.launcher.Main.invokeFramework(Main.java:615)
	at org.eclipse.equinox.launcher.Main.basicRun(Main.java:563)
	at org.eclipse.equinox.launcher.Main.run(Main.java:1415)
	at org.eclipse.equinox.launcher.Main.main(Main.java:1387)
2026-10-06 10:35:25,883 [main] ERROR o.e.m.j.i.l.MavenLaunchConfigurationListener - Launch configuration New_configuration (1) references non-existing project ForLoop.
org.eclipse.core.runtime.CoreException: Launch configuration New_configuration (1) references non-existing project ForLoop.
	at org.eclipse.jdt.launching.JavaRuntime.abort(JavaRuntime.java:1915)
	at org.eclipse.jdt.launching.JavaRuntime.getJavaProject(JavaRuntime.java:1792)
	at org.eclipse.m2e.jdt.internal.launch.MavenLaunchConfigurationListener.updateLaunchConfiguration(MavenLaunchConfigurationListener.java:66)
	at org.eclipse.m2e.jdt.internal.launch.MavenLaunchConfigurationListener.launchConfigurationChanged(MavenLaunchConfigurationListener.java:52)
	at org.eclipse.debug.internal.core.LaunchManager$ConfigurationNotifier.run(LaunchManager.java:220)
	at org.eclipse.core.runtime.SafeRunner.run(SafeRunner.java:47)
	at org.eclipse.debug.internal.core.LaunchManager$ConfigurationNotifier.notify(LaunchManager.java:204)
	at org.eclipse.debug.internal.core.LaunchConfigurationWorkingCopy.setDirty(LaunchConfigurationWorkingCopy.java:527)
	at org.eclipse.debug.internal.core.LaunchConfigurationWorkingCopy.setAttribute(LaunchConfigurationWorkingCopy.java:415)
	at org.eclipse.jdt.debug.ui.launchConfigurations.JavaMainTab.performApply(JavaMainTab.java:251)
	at org.eclipse.debug.internal.ui.launchConfigurations.LaunchConfigurationTabGroupViewer.refresh(LaunchConfigurationTabGroupViewer.java:531)
	at org.eclipse.debug.internal.ui.launchConfigurations.LaunchConfigurationsDialog.updateButtons(LaunchConfigurationsDialog.java:1663)
	at org.eclipse.debug.ui.AbstractLaunchConfigurationTab.updateLaunchConfigurationDialog(AbstractLaunchConfigurationTab.java:155)
	at org.eclipse.debug.ui.AbstractLaunchConfigurationTab$1.runInUIThread(AbstractLaunchConfigurationTab.java:513)
	at org.eclipse.ui.progress.UIJob.lambda$0(UIJob.java:148)
	at org.eclipse.swt.widgets.RunnableLock.run(RunnableLock.java:40)
	at org.eclipse.swt.widgets.Synchronizer.runAsyncMessages(Synchronizer.java:131)
	at org.eclipse.swt.widgets.Display.runAsyncMessages(Display.java:4136)
	at org.eclipse.swt.widgets.Display.readAndDispatch(Display.java:3752)
	at org.eclipse.jface.window.Window.runEventLoop(Window.java:819)
	at org.eclipse.jface.window.Window.open(Window.java:799)
	at org.eclipse.debug.internal.ui.launchConfigurations.LaunchConfigurationsDialog.open(LaunchConfigurationsDialog.java:1253)
	at org.eclipse.debug.ui.DebugUITools.lambda$1(DebugUITools.java:631)
	at org.eclipse.swt.custom.BusyIndicator.showWhile(BusyIndicator.java:69)
	at org.eclipse.debug.ui.DebugUITools.openLaunchConfigurationDialogOnGroup(DebugUITools.java:637)
	at org.eclipse.debug.ui.DebugUITools.openLaunchConfigurationDialogOnGroup(DebugUITools.java:575)
	at org.eclipse.debug.ui.actions.OpenLaunchDialogAction.run(OpenLaunchDialogAction.java:85)
	at org.eclipse.jface.action.Action.runWithEvent(Action.java:474)
	at org.eclipse.jface.action.ActionContributionItem.handleWidgetSelection(ActionContributionItem.java:581)
	at org.eclipse.jface.action.ActionContributionItem.lambda$4(ActionContributionItem.java:415)
	at org.eclipse.swt.widgets.EventTable.sendEvent(EventTable.java:91)
	at org.eclipse.swt.widgets.Display.sendEvent(Display.java:4363)
	at org.eclipse.swt.widgets.Widget.sendEvent(Widget.java:1217)
	at org.eclipse.swt.widgets.Widget.sendEvent(Widget.java:1241)
	at org.eclipse.swt.widgets.Widget.sendEvent(Widget.java:1226)
	at org.eclipse.swt.widgets.Widget.notifyListeners(Widget.java:863)
	at org.eclipse.jface.action.ActionContributionItem.lambda$8(ActionContributionItem.java:1204)
	at org.eclipse.swt.widgets.EventTable.sendEvent(EventTable.java:91)
	at org.eclipse.swt.widgets.Display.sendEvent(Display.java:4363)
	at org.eclipse.swt.widgets.Widget.sendEvent(Widget.java:1217)
	at org.eclipse.swt.widgets.Display.runDeferredEvents(Display.java:4161)
	at org.eclipse.swt.widgets.Display.readAndDispatch(Display.java:3749)
	at org.eclipse.e4.ui.internal.workbench.swt.PartRenderingEngine$5.run(PartRenderingEngine.java:1160)
	at org.eclipse.core.databinding.observable.Realm.runWithDefault(Realm.java:339)
	at org.eclipse.e4.ui.internal.workbench.swt.PartRenderingEngine.run(PartRenderingEngine.java:1051)
	at org.eclipse.e4.ui.internal.workbench.E4Workbench.createAndRunUI(E4Workbench.java:153)
	at org.eclipse.ui.internal.Workbench.lambda$3(Workbench.java:680)
	at org.eclipse.core.databinding.observable.Realm.runWithDefault(Realm.java:339)
	at org.eclipse.ui.internal.Workbench.createAndRunWorkbench(Workbench.java:583)
	at org.eclipse.ui.PlatformUI.createAndRunWorkbench(PlatformUI.java:173)
	at org.eclipse.ui.internal.ide.application.IDEApplication.start(IDEApplication.java:193)
	at org.eclipse.equinox.internal.app.EclipseAppHandle.run(EclipseAppHandle.java:219)
	at org.eclipse.core.runtime.internal.adaptor.EclipseAppLauncher.runApplication(EclipseAppLauncher.java:149)
	at org.eclipse.core.runtime.internal.adaptor.EclipseAppLauncher.start(EclipseAppLauncher.java:115)
	at org.eclipse.core.runtime.adaptor.EclipseStarter.run(EclipseStarter.java:467)
	at org.eclipse.core.runtime.adaptor.EclipseStarter.run(EclipseStarter.java:298)
	at java.base/jdk.internal.reflect.DirectMethodHandleAccessor.invoke(DirectMethodHandleAccessor.java:104)
	at java.base/java.lang.reflect.Method.invoke(Method.java:565)
	at org.eclipse.equinox.launcher.Main.invokeFramework(Main.java:615)
	at org.eclipse.equinox.launcher.Main.basicRun(Main.java:563)
	at org.eclipse.equinox.launcher.Main.run(Main.java:1415)
	at org.eclipse.equinox.launcher.Main.main(Main.java:1387)
2026-10-06 10:35:25,886 [main] ERROR o.e.m.j.i.l.MavenLaunchConfigurationListener - Launch configuration New_configuration (1) references non-existing project ForLoop.
org.eclipse.core.runtime.CoreException: Launch configuration New_configuration (1) references non-existing project ForLoop.
	at org.eclipse.jdt.launching.JavaRuntime.abort(JavaRuntime.java:1915)
	at org.eclipse.jdt.launching.JavaRuntime.getJavaProject(JavaRuntime.java:1792)
	at org.eclipse.m2e.jdt.internal.launch.MavenLaunchConfigurationListener.updateLaunchConfiguration(MavenLaunchConfigurationListener.java:66)
	at org.eclipse.m2e.jdt.internal.launch.MavenLaunchConfigurationListener.launchConfigurationChanged(MavenLaunchConfigurationListener.java:52)
	at org.eclipse.debug.internal.core.LaunchManager$ConfigurationNotifier.run(LaunchManager.java:220)
	at org.eclipse.core.runtime.SafeRunner.run(SafeRunner.java:47)
	at org.eclipse.debug.internal.core.LaunchManager$ConfigurationNotifier.notify(LaunchManager.java:204)
	at org.eclipse.debug.internal.core.LaunchConfigurationWorkingCopy.setDirty(LaunchConfigurationWorkingCopy.java:527)
	at org.eclipse.debug.internal.core.LaunchConfigurationWorkingCopy.setAttribute(LaunchConfigurationWorkingCopy.java:415)
	at org.eclipse.jdt.debug.ui.launchConfigurations.JavaMainTab.performApply(JavaMainTab.java:259)
	at org.eclipse.debug.internal.ui.launchConfigurations.LaunchConfigurationTabGroupViewer.refresh(LaunchConfigurationTabGroupViewer.java:531)
	at org.eclipse.debug.internal.ui.launchConfigurations.LaunchConfigurationsDialog.updateButtons(LaunchConfigurationsDialog.java:1663)
	at org.eclipse.debug.ui.AbstractLaunchConfigurationTab.updateLaunchConfigurationDialog(AbstractLaunchConfigurationTab.java:155)
	at org.eclipse.debug.ui.AbstractLaunchConfigurationTab$1.runInUIThread(AbstractLaunchConfigurationTab.java:513)
	at org.eclipse.ui.progress.UIJob.lambda$0(UIJob.java:148)
	at org.eclipse.swt.widgets.RunnableLock.run(RunnableLock.java:40)
	at org.eclipse.swt.widgets.Synchronizer.runAsyncMessages(Synchronizer.java:131)
	at org.eclipse.swt.widgets.Display.runAsyncMessages(Display.java:4136)
	at org.eclipse.swt.widgets.Display.readAndDispatch(Display.java:3752)
	at org.eclipse.jface.window.Window.runEventLoop(Window.java:819)
	at org.eclipse.jface.window.Window.open(Window.java:799)
	at org.eclipse.debug.internal.ui.launchConfigurations.LaunchConfigurationsDialog.open(LaunchConfigurationsDialog.java:1253)
	at org.eclipse.debug.ui.DebugUITools.lambda$1(DebugUITools.java:631)
	at org.eclipse.swt.custom.BusyIndicator.showWhile(BusyIndicator.java:69)
	at org.eclipse.debug.ui.DebugUITools.openLaunchConfigurationDialogOnGroup(DebugUITools.java:637)
	at org.eclipse.debug.ui.DebugUITools.openLaunchConfigurationDialogOnGroup(DebugUITools.java:575)
	at org.eclipse.debug.ui.actions.OpenLaunchDialogAction.run(OpenLaunchDialogAction.java:85)
	at org.eclipse.jface.action.Action.runWithEvent(Action.java:474)
	at org.eclipse.jface.action.ActionContributionItem.handleWidgetSelection(ActionContributionItem.java:581)
	at org.eclipse.jface.action.ActionContributionItem.lambda$4(ActionContributionItem.java:415)
	at org.eclipse.swt.widgets.EventTable.sendEvent(EventTable.java:91)
	at org.eclipse.swt.widgets.Display.sendEvent(Display.java:4363)
	at org.eclipse.swt.widgets.Widget.sendEvent(Widget.java:1217)
	at org.eclipse.swt.widgets.Widget.sendEvent(Widget.java:1241)
	at org.eclipse.swt.widgets.Widget.sendEvent(Widget.java:1226)
	at org.eclipse.swt.widgets.Widget.notifyListeners(Widget.java:863)
	at org.eclipse.jface.action.ActionContributionItem.lambda$8(ActionContributionItem.java:1204)
	at org.eclipse.swt.widgets.EventTable.sendEvent(EventTable.java:91)
	at org.eclipse.swt.widgets.Display.sendEvent(Display.java:4363)
	at org.eclipse.swt.widgets.Widget.sendEvent(Widget.java:1217)
	at org.eclipse.swt.widgets.Display.runDeferredEvents(Display.java:4161)
	at org.eclipse.swt.widgets.Display.readAndDispatch(Display.java:3749)
	at org.eclipse.e4.ui.internal.workbench.swt.PartRenderingEngine$5.run(PartRenderingEngine.java:1160)
	at org.eclipse.core.databinding.observable.Realm.runWithDefault(Realm.java:339)
	at org.eclipse.e4.ui.internal.workbench.swt.PartRenderingEngine.run(PartRenderingEngine.java:1051)
	at org.eclipse.e4.ui.internal.workbench.E4Workbench.createAndRunUI(E4Workbench.java:153)
	at org.eclipse.ui.internal.Workbench.lambda$3(Workbench.java:680)
	at org.eclipse.core.databinding.observable.Realm.runWithDefault(Realm.java:339)
	at org.eclipse.ui.internal.Workbench.createAndRunWorkbench(Workbench.java:583)
	at org.eclipse.ui.PlatformUI.createAndRunWorkbench(PlatformUI.java:173)
	at org.eclipse.ui.internal.ide.application.IDEApplication.start(IDEApplication.java:193)
	at org.eclipse.equinox.internal.app.EclipseAppHandle.run(EclipseAppHandle.java:219)
	at org.eclipse.core.runtime.internal.adaptor.EclipseAppLauncher.runApplication(EclipseAppLauncher.java:149)
	at org.eclipse.core.runtime.internal.adaptor.EclipseAppLauncher.start(EclipseAppLauncher.java:115)
	at org.eclipse.core.runtime.adaptor.EclipseStarter.run(EclipseStarter.java:467)
	at org.eclipse.core.runtime.adaptor.EclipseStarter.run(EclipseStarter.java:298)
	at java.base/jdk.internal.reflect.DirectMethodHandleAccessor.invoke(DirectMethodHandleAccessor.java:104)
	at java.base/java.lang.reflect.Method.invoke(Method.java:565)
	at org.eclipse.equinox.launcher.Main.invokeFramework(Main.java:615)
	at org.eclipse.equinox.launcher.Main.basicRun(Main.java:563)
	at org.eclipse.equinox.launcher.Main.run(Main.java:1415)
	at org.eclipse.equinox.launcher.Main.main(Main.java:1387)
2026-10-06 10:35:25,895 [main] ERROR o.e.m.j.i.l.MavenLaunchConfigurationListener - Launch configuration New_configuration (1) references non-existing project ForLoop.
org.eclipse.core.runtime.CoreException: Launch configuration New_configuration (1) references non-existing project ForLoop.
	at org.eclipse.jdt.launching.JavaRuntime.abort(JavaRuntime.java:1915)
	at org.eclipse.jdt.launching.JavaRuntime.getJavaProject(JavaRuntime.java:1792)
	at org.eclipse.m2e.jdt.internal.launch.MavenLaunchConfigurationListener.updateLaunchConfiguration(MavenLaunchConfigurationListener.java:66)
	at org.eclipse.m2e.jdt.internal.launch.MavenLaunchConfigurationListener.launchConfigurationChanged(MavenLaunchConfigurationListener.java:52)
	at org.eclipse.debug.internal.core.LaunchManager$ConfigurationNotifier.run(LaunchManager.java:220)
	at org.eclipse.core.runtime.SafeRunner.run(SafeRunner.java:47)
	at org.eclipse.debug.internal.core.LaunchManager$ConfigurationNotifier.notify(LaunchManager.java:204)
	at org.eclipse.debug.internal.core.LaunchConfigurationWorkingCopy.setDirty(LaunchConfigurationWorkingCopy.java:527)
	at org.eclipse.debug.internal.core.LaunchConfigurationWorkingCopy.setAttribute(LaunchConfigurationWorkingCopy.java:415)
	at org.eclipse.jdt.debug.ui.launchConfigurations.JavaMainTab.performApply(JavaMainTab.java:233)
	at org.eclipse.debug.internal.ui.launchConfigurations.LaunchConfigurationTabGroupViewer.refresh(LaunchConfigurationTabGroupViewer.java:531)
	at org.eclipse.debug.internal.ui.launchConfigurations.LaunchConfigurationsDialog.updateButtons(LaunchConfigurationsDialog.java:1663)
	at org.eclipse.debug.ui.AbstractLaunchConfigurationTab.updateLaunchConfigurationDialog(AbstractLaunchConfigurationTab.java:155)
	at org.eclipse.debug.ui.AbstractLaunchConfigurationTab$1.runInUIThread(AbstractLaunchConfigurationTab.java:513)
	at org.eclipse.ui.progress.UIJob.lambda$0(UIJob.java:148)
	at org.eclipse.swt.widgets.RunnableLock.run(RunnableLock.java:40)
	at org.eclipse.swt.widgets.Synchronizer.runAsyncMessages(Synchronizer.java:131)
	at org.eclipse.swt.widgets.Display.runAsyncMessages(Display.java:4136)
	at org.eclipse.swt.widgets.Display.readAndDispatch(Display.java:3752)
	at org.eclipse.jface.window.Window.runEventLoop(Window.java:819)
	at org.eclipse.jface.window.Window.open(Window.java:799)
	at org.eclipse.debug.internal.ui.launchConfigurations.LaunchConfigurationsDialog.open(LaunchConfigurationsDialog.java:1253)
	at org.eclipse.debug.ui.DebugUITools.lambda$1(DebugUITools.java:631)
	at org.eclipse.swt.custom.BusyIndicator.showWhile(BusyIndicator.java:69)
	at org.eclipse.debug.ui.DebugUITools.openLaunchConfigurationDialogOnGroup(DebugUITools.java:637)
	at org.eclipse.debug.ui.DebugUITools.openLaunchConfigurationDialogOnGroup(DebugUITools.java:575)
	at org.eclipse.debug.ui.actions.OpenLaunchDialogAction.run(OpenLaunchDialogAction.java:85)
	at org.eclipse.jface.action.Action.runWithEvent(Action.java:474)
	at org.eclipse.jface.action.ActionContributionItem.handleWidgetSelection(ActionContributionItem.java:581)
	at org.eclipse.jface.action.ActionContributionItem.lambda$4(ActionContributionItem.java:415)
	at org.eclipse.swt.widgets.EventTable.sendEvent(EventTable.java:91)
	at org.eclipse.swt.widgets.Display.sendEvent(Display.java:4363)
	at org.eclipse.swt.widgets.Widget.sendEvent(Widget.java:1217)
	at org.eclipse.swt.widgets.Widget.sendEvent(Widget.java:1241)
	at org.eclipse.swt.widgets.Widget.sendEvent(Widget.java:1226)
	at org.eclipse.swt.widgets.Widget.notifyListeners(Widget.java:863)
	at org.eclipse.jface.action.ActionContributionItem.lambda$8(ActionContributionItem.java:1204)
	at org.eclipse.swt.widgets.EventTable.sendEvent(EventTable.java:91)
	at org.eclipse.swt.widgets.Display.sendEvent(Display.java:4363)
	at org.eclipse.swt.widgets.Widget.sendEvent(Widget.java:1217)
	at org.eclipse.swt.widgets.Display.runDeferredEvents(Display.java:4161)
	at org.eclipse.swt.widgets.Display.readAndDispatch(Display.java:3749)
	at org.eclipse.e4.ui.internal.workbench.swt.PartRenderingEngine$5.run(PartRenderingEngine.java:1160)
	at org.eclipse.core.databinding.observable.Realm.runWithDefault(Realm.java:339)
	at org.eclipse.e4.ui.internal.workbench.swt.PartRenderingEngine.run(PartRenderingEngine.java:1051)
	at org.eclipse.e4.ui.internal.workbench.E4Workbench.createAndRunUI(E4Workbench.java:153)
	at org.eclipse.ui.internal.Workbench.lambda$3(Workbench.java:680)
	at org.eclipse.core.databinding.observable.Realm.runWithDefault(Realm.java:339)
	at org.eclipse.ui.internal.Workbench.createAndRunWorkbench(Workbench.java:583)
	at org.eclipse.ui.PlatformUI.createAndRunWorkbench(PlatformUI.java:173)
	at org.eclipse.ui.internal.ide.application.IDEApplication.start(IDEApplication.java:193)
	at org.eclipse.equinox.internal.app.EclipseAppHandle.run(EclipseAppHandle.java:219)
	at org.eclipse.core.runtime.internal.adaptor.EclipseAppLauncher.runApplication(EclipseAppLauncher.java:149)
	at org.eclipse.core.runtime.internal.adaptor.EclipseAppLauncher.start(EclipseAppLauncher.java:115)
	at org.eclipse.core.runtime.adaptor.EclipseStarter.run(EclipseStarter.java:467)
	at org.eclipse.core.runtime.adaptor.EclipseStarter.run(EclipseStarter.java:298)
	at java.base/jdk.internal.reflect.DirectMethodHandleAccessor.invoke(DirectMethodHandleAccessor.java:104)
	at java.base/java.lang.reflect.Method.invoke(Method.java:565)
	at org.eclipse.equinox.launcher.Main.invokeFramework(Main.java:615)
	at org.eclipse.equinox.launcher.Main.basicRun(Main.java:563)
	at org.eclipse.equinox.launcher.Main.run(Main.java:1415)
	at org.eclipse.equinox.launcher.Main.main(Main.java:1387)
2026-10-06 10:35:25,898 [main] ERROR o.e.m.j.i.l.MavenLaunchConfigurationListener - Launch configuration New_configuration (1) references non-existing project ForLoop.
org.eclipse.core.runtime.CoreException: Launch configuration New_configuration (1) references non-existing project ForLoop.
	at org.eclipse.jdt.launching.JavaRuntime.abort(JavaRuntime.java:1915)
	at org.eclipse.jdt.launching.JavaRuntime.getJavaProject(JavaRuntime.java:1792)
	at org.eclipse.m2e.jdt.internal.launch.MavenLaunchConfigurationListener.updateLaunchConfiguration(MavenLaunchConfigurationListener.java:66)
	at org.eclipse.m2e.jdt.internal.launch.MavenLaunchConfigurationListener.launchConfigurationChanged(MavenLaunchConfigurationListener.java:52)
	at org.eclipse.debug.internal.core.LaunchManager$ConfigurationNotifier.run(LaunchManager.java:220)
	at org.eclipse.core.runtime.SafeRunner.run(SafeRunner.java:47)
	at org.eclipse.debug.internal.core.LaunchManager$ConfigurationNotifier.notify(LaunchManager.java:204)
	at org.eclipse.debug.internal.core.LaunchConfigurationWorkingCopy.setDirty(LaunchConfigurationWorkingCopy.java:527)
	at org.eclipse.debug.internal.core.LaunchConfigurationWorkingCopy.setAttribute(LaunchConfigurationWorkingCopy.java:415)
	at org.eclipse.jdt.debug.ui.launchConfigurations.JavaMainTab.performApply(JavaMainTab.java:234)
	at org.eclipse.debug.internal.ui.launchConfigurations.LaunchConfigurationTabGroupViewer.refresh(LaunchConfigurationTabGroupViewer.java:531)
	at org.eclipse.debug.internal.ui.launchConfigurations.LaunchConfigurationsDialog.updateButtons(LaunchConfigurationsDialog.java:1663)
	at org.eclipse.debug.ui.AbstractLaunchConfigurationTab.updateLaunchConfigurationDialog(AbstractLaunchConfigurationTab.java:155)
	at org.eclipse.debug.ui.AbstractLaunchConfigurationTab$1.runInUIThread(AbstractLaunchConfigurationTab.java:513)
	at org.eclipse.ui.progress.UIJob.lambda$0(UIJob.java:148)
	at org.eclipse.swt.widgets.RunnableLock.run(RunnableLock.java:40)
	at org.eclipse.swt.widgets.Synchronizer.runAsyncMessages(Synchronizer.java:131)
	at org.eclipse.swt.widgets.Display.runAsyncMessages(Display.java:4136)
	at org.eclipse.swt.widgets.Display.readAndDispatch(Display.java:3752)
	at org.eclipse.jface.window.Window.runEventLoop(Window.java:819)
	at org.eclipse.jface.window.Window.open(Window.java:799)
	at org.eclipse.debug.internal.ui.launchConfigurations.LaunchConfigurationsDialog.open(LaunchConfigurationsDialog.java:1253)
	at org.eclipse.debug.ui.DebugUITools.lambda$1(DebugUITools.java:631)
	at org.eclipse.swt.custom.BusyIndicator.showWhile(BusyIndicator.java:69)
	at org.eclipse.debug.ui.DebugUITools.openLaunchConfigurationDialogOnGroup(DebugUITools.java:637)
	at org.eclipse.debug.ui.DebugUITools.openLaunchConfigurationDialogOnGroup(DebugUITools.java:575)
	at org.eclipse.debug.ui.actions.OpenLaunchDialogAction.run(OpenLaunchDialogAction.java:85)
	at org.eclipse.jface.action.Action.runWithEvent(Action.java:474)
	at org.eclipse.jface.action.ActionContributionItem.handleWidgetSelection(ActionContributionItem.java:581)
	at org.eclipse.jface.action.ActionContributionItem.lambda$4(ActionContributionItem.java:415)
	at org.eclipse.swt.widgets.EventTable.sendEvent(EventTable.java:91)
	at org.eclipse.swt.widgets.Display.sendEvent(Display.java:4363)
	at org.eclipse.swt.widgets.Widget.sendEvent(Widget.java:1217)
	at org.eclipse.swt.widgets.Widget.sendEvent(Widget.java:1241)
	at org.eclipse.swt.widgets.Widget.sendEvent(Widget.java:1226)
	at org.eclipse.swt.widgets.Widget.notifyListeners(Widget.java:863)
	at org.eclipse.jface.action.ActionContributionItem.lambda$8(ActionContributionItem.java:1204)
	at org.eclipse.swt.widgets.EventTable.sendEvent(EventTable.java:91)
	at org.eclipse.swt.widgets.Display.sendEvent(Display.java:4363)
	at org.eclipse.swt.widgets.Widget.sendEvent(Widget.java:1217)
	at org.eclipse.swt.widgets.Display.runDeferredEvents(Display.java:4161)
	at org.eclipse.swt.widgets.Display.readAndDispatch(Display.java:3749)
	at org.eclipse.e4.ui.internal.workbench.swt.PartRenderingEngine$5.run(PartRenderingEngine.java:1160)
	at org.eclipse.core.databinding.observable.Realm.runWithDefault(Realm.java:339)
	at org.eclipse.e4.ui.internal.workbench.swt.PartRenderingEngine.run(PartRenderingEngine.java:1051)
	at org.eclipse.e4.ui.internal.workbench.E4Workbench.createAndRunUI(E4Workbench.java:153)
	at org.eclipse.ui.internal.Workbench.lambda$3(Workbench.java:680)
	at org.eclipse.core.databinding.observable.Realm.runWithDefault(Realm.java:339)
	at org.eclipse.ui.internal.Workbench.createAndRunWorkbench(Workbench.java:583)
	at org.eclipse.ui.PlatformUI.createAndRunWorkbench(PlatformUI.java:173)
	at org.eclipse.ui.internal.ide.application.IDEApplication.start(IDEApplication.java:193)
	at org.eclipse.equinox.internal.app.EclipseAppHandle.run(EclipseAppHandle.java:219)
	at org.eclipse.core.runtime.internal.adaptor.EclipseAppLauncher.runApplication(EclipseAppLauncher.java:149)
	at org.eclipse.core.runtime.internal.adaptor.EclipseAppLauncher.start(EclipseAppLauncher.java:115)
	at org.eclipse.core.runtime.adaptor.EclipseStarter.run(EclipseStarter.java:467)
	at org.eclipse.core.runtime.adaptor.EclipseStarter.run(EclipseStarter.java:298)
	at java.base/jdk.internal.reflect.DirectMethodHandleAccessor.invoke(DirectMethodHandleAccessor.java:104)
	at java.base/java.lang.reflect.Method.invoke(Method.java:565)
	at org.eclipse.equinox.launcher.Main.invokeFramework(Main.java:615)
	at org.eclipse.equinox.launcher.Main.basicRun(Main.java:563)
	at org.eclipse.equinox.launcher.Main.run(Main.java:1415)
	at org.eclipse.equinox.launcher.Main.main(Main.java:1387)
2026-10-06 10:35:25,900 [main] ERROR o.e.m.j.i.l.MavenLaunchConfigurationListener - Launch configuration New_configuration (1) references non-existing project ForLoop.
org.eclipse.core.runtime.CoreException: Launch configuration New_configuration (1) references non-existing project ForLoop.
	at org.eclipse.jdt.launching.JavaRuntime.abort(JavaRuntime.java:1915)
	at org.eclipse.jdt.launching.JavaRuntime.getJavaProject(JavaRuntime.java:1792)
	at org.eclipse.m2e.jdt.internal.launch.MavenLaunchConfigurationListener.updateLaunchConfiguration(MavenLaunchConfigurationListener.java:66)
	at org.eclipse.m2e.jdt.internal.launch.MavenLaunchConfigurationListener.launchConfigurationChanged(MavenLaunchConfigurationListener.java:52)
	at org.eclipse.debug.internal.core.LaunchManager$ConfigurationNotifier.run(LaunchManager.java:220)
	at org.eclipse.core.runtime.SafeRunner.run(SafeRunner.java:47)
	at org.eclipse.debug.internal.core.LaunchManager$ConfigurationNotifier.notify(LaunchManager.java:204)
	at org.eclipse.debug.internal.core.LaunchConfigurationWorkingCopy.setDirty(LaunchConfigurationWorkingCopy.java:527)
	at org.eclipse.debug.internal.core.LaunchConfigurationWorkingCopy.setAttribute(LaunchConfigurationWorkingCopy.java:415)
	at org.eclipse.jdt.debug.ui.launchConfigurations.JavaMainTab.performApply(JavaMainTab.java:235)
	at org.eclipse.debug.internal.ui.launchConfigurations.LaunchConfigurationTabGroupViewer.refresh(LaunchConfigurationTabGroupViewer.java:531)
	at org.eclipse.debug.internal.ui.launchConfigurations.LaunchConfigurationsDialog.updateButtons(LaunchConfigurationsDialog.java:1663)
	at org.eclipse.debug.ui.AbstractLaunchConfigurationTab.updateLaunchConfigurationDialog(AbstractLaunchConfigurationTab.java:155)
	at org.eclipse.debug.ui.AbstractLaunchConfigurationTab$1.runInUIThread(AbstractLaunchConfigurationTab.java:513)
	at org.eclipse.ui.progress.UIJob.lambda$0(UIJob.java:148)
	at org.eclipse.swt.widgets.RunnableLock.run(RunnableLock.java:40)
	at org.eclipse.swt.widgets.Synchronizer.runAsyncMessages(Synchronizer.java:131)
	at org.eclipse.swt.widgets.Display.runAsyncMessages(Display.java:4136)
	at org.eclipse.swt.widgets.Display.readAndDispatch(Display.java:3752)
	at org.eclipse.jface.window.Window.runEventLoop(Window.java:819)
	at org.eclipse.jface.window.Window.open(Window.java:799)
	at org.eclipse.debug.internal.ui.launchConfigurations.LaunchConfigurationsDialog.open(LaunchConfigurationsDialog.java:1253)
	at org.eclipse.debug.ui.DebugUITools.lambda$1(DebugUITools.java:631)
	at org.eclipse.swt.custom.BusyIndicator.showWhile(BusyIndicator.java:69)
	at org.eclipse.debug.ui.DebugUITools.openLaunchConfigurationDialogOnGroup(DebugUITools.java:637)
	at org.eclipse.debug.ui.DebugUITools.openLaunchConfigurationDialogOnGroup(DebugUITools.java:575)
	at org.eclipse.debug.ui.actions.OpenLaunchDialogAction.run(OpenLaunchDialogAction.java:85)
	at org.eclipse.jface.action.Action.runWithEvent(Action.java:474)
	at org.eclipse.jface.action.ActionContributionItem.handleWidgetSelection(ActionContributionItem.java:581)
	at org.eclipse.jface.action.ActionContributionItem.lambda$4(ActionContributionItem.java:415)
	at org.eclipse.swt.widgets.EventTable.sendEvent(EventTable.java:91)
	at org.eclipse.swt.widgets.Display.sendEvent(Display.java:4363)
	at org.eclipse.swt.widgets.Widget.sendEvent(Widget.java:1217)
	at org.eclipse.swt.widgets.Widget.sendEvent(Widget.java:1241)
	at org.eclipse.swt.widgets.Widget.sendEvent(Widget.java:1226)
	at org.eclipse.swt.widgets.Widget.notifyListeners(Widget.java:863)
	at org.eclipse.jface.action.ActionContributionItem.lambda$8(ActionContributionItem.java:1204)
	at org.eclipse.swt.widgets.EventTable.sendEvent(EventTable.java:91)
	at org.eclipse.swt.widgets.Display.sendEvent(Display.java:4363)
	at org.eclipse.swt.widgets.Widget.sendEvent(Widget.java:1217)
	at org.eclipse.swt.widgets.Display.runDeferredEvents(Display.java:4161)
	at org.eclipse.swt.widgets.Display.readAndDispatch(Display.java:3749)
	at org.eclipse.e4.ui.internal.workbench.swt.PartRenderingEngine$5.run(PartRenderingEngine.java:1160)
	at org.eclipse.core.databinding.observable.Realm.runWithDefault(Realm.java:339)
	at org.eclipse.e4.ui.internal.workbench.swt.PartRenderingEngine.run(PartRenderingEngine.java:1051)
	at org.eclipse.e4.ui.internal.workbench.E4Workbench.createAndRunUI(E4Workbench.java:153)
	at org.eclipse.ui.internal.Workbench.lambda$3(Workbench.java:680)
	at org.eclipse.core.databinding.observable.Realm.runWithDefault(Realm.java:339)
	at org.eclipse.ui.internal.Workbench.createAndRunWorkbench(Workbench.java:583)
	at org.eclipse.ui.PlatformUI.createAndRunWorkbench(PlatformUI.java:173)
	at org.eclipse.ui.internal.ide.application.IDEApplication.start(IDEApplication.java:193)
	at org.eclipse.equinox.internal.app.EclipseAppHandle.run(EclipseAppHandle.java:219)
	at org.eclipse.core.runtime.internal.adaptor.EclipseAppLauncher.runApplication(EclipseAppLauncher.java:149)
	at org.eclipse.core.runtime.internal.adaptor.EclipseAppLauncher.start(EclipseAppLauncher.java:115)
	at org.eclipse.core.runtime.adaptor.EclipseStarter.run(EclipseStarter.java:467)
	at org.eclipse.core.runtime.adaptor.EclipseStarter.run(EclipseStarter.java:298)
	at java.base/jdk.internal.reflect.DirectMethodHandleAccessor.invoke(DirectMethodHandleAccessor.java:104)
	at java.base/java.lang.reflect.Method.invoke(Method.java:565)
	at org.eclipse.equinox.launcher.Main.invokeFramework(Main.java:615)
	at org.eclipse.equinox.launcher.Main.basicRun(Main.java:563)
	at org.eclipse.equinox.launcher.Main.run(Main.java:1415)
	at org.eclipse.equinox.launcher.Main.main(Main.java:1387)
2026-10-06 10:35:25,903 [main] ERROR o.e.m.j.i.l.MavenLaunchConfigurationListener - Launch configuration New_configuration (1) references non-existing project ForLoop.
org.eclipse.core.runtime.CoreException: Launch configuration New_configuration (1) references non-existing project ForLoop.
	at org.eclipse.jdt.launching.JavaRuntime.abort(JavaRuntime.java:1915)
	at org.eclipse.jdt.launching.JavaRuntime.getJavaProject(JavaRuntime.java:1792)
	at org.eclipse.m2e.jdt.internal.launch.MavenLaunchConfigurationListener.updateLaunchConfiguration(MavenLaunchConfigurationListener.java:66)
	at org.eclipse.m2e.jdt.internal.launch.MavenLaunchConfigurationListener.launchConfigurationChanged(MavenLaunchConfigurationListener.java:52)
	at org.eclipse.debug.internal.core.LaunchManager$ConfigurationNotifier.run(LaunchManager.java:220)
	at org.eclipse.core.runtime.SafeRunner.run(SafeRunner.java:47)
	at org.eclipse.debug.internal.core.LaunchManager$ConfigurationNotifier.notify(LaunchManager.java:204)
	at org.eclipse.debug.internal.core.LaunchConfigurationWorkingCopy.setDirty(LaunchConfigurationWorkingCopy.java:527)
	at org.eclipse.debug.internal.core.LaunchConfigurationWorkingCopy.setAttribute(LaunchConfigurationWorkingCopy.java:415)
	at org.eclipse.jdt.debug.ui.launchConfigurations.JavaMainTab.performApply(JavaMainTab.java:243)
	at org.eclipse.debug.internal.ui.launchConfigurations.LaunchConfigurationTabGroupViewer.refresh(LaunchConfigurationTabGroupViewer.java:531)
	at org.eclipse.debug.internal.ui.launchConfigurations.LaunchConfigurationsDialog.updateButtons(LaunchConfigurationsDialog.java:1663)
	at org.eclipse.debug.ui.AbstractLaunchConfigurationTab.updateLaunchConfigurationDialog(AbstractLaunchConfigurationTab.java:155)
	at org.eclipse.debug.ui.AbstractLaunchConfigurationTab$1.runInUIThread(AbstractLaunchConfigurationTab.java:513)
	at org.eclipse.ui.progress.UIJob.lambda$0(UIJob.java:148)
	at org.eclipse.swt.widgets.RunnableLock.run(RunnableLock.java:40)
	at org.eclipse.swt.widgets.Synchronizer.runAsyncMessages(Synchronizer.java:131)
	at org.eclipse.swt.widgets.Display.runAsyncMessages(Display.java:4136)
	at org.eclipse.swt.widgets.Display.readAndDispatch(Display.java:3752)
	at org.eclipse.jface.window.Window.runEventLoop(Window.java:819)
	at org.eclipse.jface.window.Window.open(Window.java:799)
	at org.eclipse.debug.internal.ui.launchConfigurations.LaunchConfigurationsDialog.open(LaunchConfigurationsDialog.java:1253)
	at org.eclipse.debug.ui.DebugUITools.lambda$1(DebugUITools.java:631)
	at org.eclipse.swt.custom.BusyIndicator.showWhile(BusyIndicator.java:69)
	at org.eclipse.debug.ui.DebugUITools.openLaunchConfigurationDialogOnGroup(DebugUITools.java:637)
	at org.eclipse.debug.ui.DebugUITools.openLaunchConfigurationDialogOnGroup(DebugUITools.java:575)
	at org.eclipse.debug.ui.actions.OpenLaunchDialogAction.run(OpenLaunchDialogAction.java:85)
	at org.eclipse.jface.action.Action.runWithEvent(Action.java:474)
	at org.eclipse.jface.action.ActionContributionItem.handleWidgetSelection(ActionContributionItem.java:581)
	at org.eclipse.jface.action.ActionContributionItem.lambda$4(ActionContributionItem.java:415)
	at org.eclipse.swt.widgets.EventTable.sendEvent(EventTable.java:91)
	at org.eclipse.swt.widgets.Display.sendEvent(Display.java:4363)
	at org.eclipse.swt.widgets.Widget.sendEvent(Widget.java:1217)
	at org.eclipse.swt.widgets.Widget.sendEvent(Widget.java:1241)
	at org.eclipse.swt.widgets.Widget.sendEvent(Widget.java:1226)
	at org.eclipse.swt.widgets.Widget.notifyListeners(Widget.java:863)
	at org.eclipse.jface.action.ActionContributionItem.lambda$8(ActionContributionItem.java:1204)
	at org.eclipse.swt.widgets.EventTable.sendEvent(EventTable.java:91)
	at org.eclipse.swt.widgets.Display.sendEvent(Display.java:4363)
	at org.eclipse.swt.widgets.Widget.sendEvent(Widget.java:1217)
	at org.eclipse.swt.widgets.Display.runDeferredEvents(Display.java:4161)
	at org.eclipse.swt.widgets.Display.readAndDispatch(Display.java:3749)
	at org.eclipse.e4.ui.internal.workbench.swt.PartRenderingEngine$5.run(PartRenderingEngine.java:1160)
	at org.eclipse.core.databinding.observable.Realm.runWithDefault(Realm.java:339)
	at org.eclipse.e4.ui.internal.workbench.swt.PartRenderingEngine.run(PartRenderingEngine.java:1051)
	at org.eclipse.e4.ui.internal.workbench.E4Workbench.createAndRunUI(E4Workbench.java:153)
	at org.eclipse.ui.internal.Workbench.lambda$3(Workbench.java:680)
	at org.eclipse.core.databinding.observable.Realm.runWithDefault(Realm.java:339)
	at org.eclipse.ui.internal.Workbench.createAndRunWorkbench(Workbench.java:583)
	at org.eclipse.ui.PlatformUI.createAndRunWorkbench(PlatformUI.java:173)
	at org.eclipse.ui.internal.ide.application.IDEApplication.start(IDEApplication.java:193)
	at org.eclipse.equinox.internal.app.EclipseAppHandle.run(EclipseAppHandle.java:219)
	at org.eclipse.core.runtime.internal.adaptor.EclipseAppLauncher.runApplication(EclipseAppLauncher.java:149)
	at org.eclipse.core.runtime.internal.adaptor.EclipseAppLauncher.start(EclipseAppLauncher.java:115)
	at org.eclipse.core.runtime.adaptor.EclipseStarter.run(EclipseStarter.java:467)
	at org.eclipse.core.runtime.adaptor.EclipseStarter.run(EclipseStarter.java:298)
	at java.base/jdk.internal.reflect.DirectMethodHandleAccessor.invoke(DirectMethodHandleAccessor.java:104)
	at java.base/java.lang.reflect.Method.invoke(Method.java:565)
	at org.eclipse.equinox.launcher.Main.invokeFramework(Main.java:615)
	at org.eclipse.equinox.launcher.Main.basicRun(Main.java:563)
	at org.eclipse.equinox.launcher.Main.run(Main.java:1415)
	at org.eclipse.equinox.launcher.Main.main(Main.java:1387)
2026-10-06 10:35:25,905 [main] ERROR o.e.m.j.i.l.MavenLaunchConfigurationListener - Launch configuration New_configuration (1) references non-existing project ForLoop.
org.eclipse.core.runtime.CoreException: Launch configuration New_configuration (1) references non-existing project ForLoop.
	at org.eclipse.jdt.launching.JavaRuntime.abort(JavaRuntime.java:1915)
	at org.eclipse.jdt.launching.JavaRuntime.getJavaProject(JavaRuntime.java:1792)
	at org.eclipse.m2e.jdt.internal.launch.MavenLaunchConfigurationListener.updateLaunchConfiguration(MavenLaunchConfigurationListener.java:66)
	at org.eclipse.m2e.jdt.internal.launch.MavenLaunchConfigurationListener.launchConfigurationChanged(MavenLaunchConfigurationListener.java:52)
	at org.eclipse.debug.internal.core.LaunchManager$ConfigurationNotifier.run(LaunchManager.java:220)
	at org.eclipse.core.runtime.SafeRunner.run(SafeRunner.java:47)
	at org.eclipse.debug.internal.core.LaunchManager$ConfigurationNotifier.notify(LaunchManager.java:204)
	at org.eclipse.debug.internal.core.LaunchConfigurationWorkingCopy.setDirty(LaunchConfigurationWorkingCopy.java:527)
	at org.eclipse.debug.internal.core.LaunchConfigurationWorkingCopy.setAttribute(LaunchConfigurationWorkingCopy.java:415)
	at org.eclipse.jdt.debug.ui.launchConfigurations.JavaMainTab.performApply(JavaMainTab.java:251)
	at org.eclipse.debug.internal.ui.launchConfigurations.LaunchConfigurationTabGroupViewer.refresh(LaunchConfigurationTabGroupViewer.java:531)
	at org.eclipse.debug.internal.ui.launchConfigurations.LaunchConfigurationsDialog.updateButtons(LaunchConfigurationsDialog.java:1663)
	at org.eclipse.debug.ui.AbstractLaunchConfigurationTab.updateLaunchConfigurationDialog(AbstractLaunchConfigurationTab.java:155)
	at org.eclipse.debug.ui.AbstractLaunchConfigurationTab$1.runInUIThread(AbstractLaunchConfigurationTab.java:513)
	at org.eclipse.ui.progress.UIJob.lambda$0(UIJob.java:148)
	at org.eclipse.swt.widgets.RunnableLock.run(RunnableLock.java:40)
	at org.eclipse.swt.widgets.Synchronizer.runAsyncMessages(Synchronizer.java:131)
	at org.eclipse.swt.widgets.Display.runAsyncMessages(Display.java:4136)
	at org.eclipse.swt.widgets.Display.readAndDispatch(Display.java:3752)
	at org.eclipse.jface.window.Window.runEventLoop(Window.java:819)
	at org.eclipse.jface.window.Window.open(Window.java:799)
	at org.eclipse.debug.internal.ui.launchConfigurations.LaunchConfigurationsDialog.open(LaunchConfigurationsDialog.java:1253)
	at org.eclipse.debug.ui.DebugUITools.lambda$1(DebugUITools.java:631)
	at org.eclipse.swt.custom.BusyIndicator.showWhile(BusyIndicator.java:69)
	at org.eclipse.debug.ui.DebugUITools.openLaunchConfigurationDialogOnGroup(DebugUITools.java:637)
	at org.eclipse.debug.ui.DebugUITools.openLaunchConfigurationDialogOnGroup(DebugUITools.java:575)
	at org.eclipse.debug.ui.actions.OpenLaunchDialogAction.run(OpenLaunchDialogAction.java:85)
	at org.eclipse.jface.action.Action.runWithEvent(Action.java:474)
	at org.eclipse.jface.action.ActionContributionItem.handleWidgetSelection(ActionContributionItem.java:581)
	at org.eclipse.jface.action.ActionContributionItem.lambda$4(ActionContributionItem.java:415)
	at org.eclipse.swt.widgets.EventTable.sendEvent(EventTable.java:91)
	at org.eclipse.swt.widgets.Display.sendEvent(Display.java:4363)
	at org.eclipse.swt.widgets.Widget.sendEvent(Widget.java:1217)
	at org.eclipse.swt.widgets.Widget.sendEvent(Widget.java:1241)
	at org.eclipse.swt.widgets.Widget.sendEvent(Widget.java:1226)
	at org.eclipse.swt.widgets.Widget.notifyListeners(Widget.java:863)
	at org.eclipse.jface.action.ActionContributionItem.lambda$8(ActionContributionItem.java:1204)
	at org.eclipse.swt.widgets.EventTable.sendEvent(EventTable.java:91)
	at org.eclipse.swt.widgets.Display.sendEvent(Display.java:4363)
	at org.eclipse.swt.widgets.Widget.sendEvent(Widget.java:1217)
	at org.eclipse.swt.widgets.Display.runDeferredEvents(Display.java:4161)
	at org.eclipse.swt.widgets.Display.readAndDispatch(Display.java:3749)
	at org.eclipse.e4.ui.internal.workbench.swt.PartRenderingEngine$5.run(PartRenderingEngine.java:1160)
	at org.eclipse.core.databinding.observable.Realm.runWithDefault(Realm.java:339)
	at org.eclipse.e4.ui.internal.workbench.swt.PartRenderingEngine.run(PartRenderingEngine.java:1051)
	at org.eclipse.e4.ui.internal.workbench.E4Workbench.createAndRunUI(E4Workbench.java:153)
	at org.eclipse.ui.internal.Workbench.lambda$3(Workbench.java:680)
	at org.eclipse.core.databinding.observable.Realm.runWithDefault(Realm.java:339)
	at org.eclipse.ui.internal.Workbench.createAndRunWorkbench(Workbench.java:583)
	at org.eclipse.ui.PlatformUI.createAndRunWorkbench(PlatformUI.java:173)
	at org.eclipse.ui.internal.ide.application.IDEApplication.start(IDEApplication.java:193)
	at org.eclipse.equinox.internal.app.EclipseAppHandle.run(EclipseAppHandle.java:219)
	at org.eclipse.core.runtime.internal.adaptor.EclipseAppLauncher.runApplication(EclipseAppLauncher.java:149)
	at org.eclipse.core.runtime.internal.adaptor.EclipseAppLauncher.start(EclipseAppLauncher.java:115)
	at org.eclipse.core.runtime.adaptor.EclipseStarter.run(EclipseStarter.java:467)
	at org.eclipse.core.runtime.adaptor.EclipseStarter.run(EclipseStarter.java:298)
	at java.base/jdk.internal.reflect.DirectMethodHandleAccessor.invoke(DirectMethodHandleAccessor.java:104)
	at java.base/java.lang.reflect.Method.invoke(Method.java:565)
	at org.eclipse.equinox.launcher.Main.invokeFramework(Main.java:615)
	at org.eclipse.equinox.launcher.Main.basicRun(Main.java:563)
	at org.eclipse.equinox.launcher.Main.run(Main.java:1415)
	at org.eclipse.equinox.launcher.Main.main(Main.java:1387)
2026-10-06 10:35:25,907 [main] ERROR o.e.m.j.i.l.MavenLaunchConfigurationListener - Launch configuration New_configuration (1) references non-existing project ForLoop.
org.eclipse.core.runtime.CoreException: Launch configuration New_configuration (1) references non-existing project ForLoop.
	at org.eclipse.jdt.launching.JavaRuntime.abort(JavaRuntime.java:1915)
	at org.eclipse.jdt.launching.JavaRuntime.getJavaProject(JavaRuntime.java:1792)
	at org.eclipse.m2e.jdt.internal.launch.MavenLaunchConfigurationListener.updateLaunchConfiguration(MavenLaunchConfigurationListener.java:66)
	at org.eclipse.m2e.jdt.internal.launch.MavenLaunchConfigurationListener.launchConfigurationChanged(MavenLaunchConfigurationListener.java:52)
	at org.eclipse.debug.internal.core.LaunchManager$ConfigurationNotifier.run(LaunchManager.java:220)
	at org.eclipse.core.runtime.SafeRunner.run(SafeRunner.java:47)
	at org.eclipse.debug.internal.core.LaunchManager$ConfigurationNotifier.notify(LaunchManager.java:204)
	at org.eclipse.debug.internal.core.LaunchConfigurationWorkingCopy.setDirty(LaunchConfigurationWorkingCopy.java:527)
	at org.eclipse.debug.internal.core.LaunchConfigurationWorkingCopy.setAttribute(LaunchConfigurationWorkingCopy.java:415)
	at org.eclipse.jdt.debug.ui.launchConfigurations.JavaMainTab.performApply(JavaMainTab.java:259)
	at org.eclipse.debug.internal.ui.launchConfigurations.LaunchConfigurationTabGroupViewer.refresh(LaunchConfigurationTabGroupViewer.java:531)
	at org.eclipse.debug.internal.ui.launchConfigurations.LaunchConfigurationsDialog.updateButtons(LaunchConfigurationsDialog.java:1663)
	at org.eclipse.debug.ui.AbstractLaunchConfigurationTab.updateLaunchConfigurationDialog(AbstractLaunchConfigurationTab.java:155)
	at org.eclipse.debug.ui.AbstractLaunchConfigurationTab$1.runInUIThread(AbstractLaunchConfigurationTab.java:513)
	at org.eclipse.ui.progress.UIJob.lambda$0(UIJob.java:148)
	at org.eclipse.swt.widgets.RunnableLock.run(RunnableLock.java:40)
	at org.eclipse.swt.widgets.Synchronizer.runAsyncMessages(Synchronizer.java:131)
	at org.eclipse.swt.widgets.Display.runAsyncMessages(Display.java:4136)
	at org.eclipse.swt.widgets.Display.readAndDispatch(Display.java:3752)
	at org.eclipse.jface.window.Window.runEventLoop(Window.java:819)
	at org.eclipse.jface.window.Window.open(Window.java:799)
	at org.eclipse.debug.internal.ui.launchConfigurations.LaunchConfigurationsDialog.open(LaunchConfigurationsDialog.java:1253)
	at org.eclipse.debug.ui.DebugUITools.lambda$1(DebugUITools.java:631)
	at org.eclipse.swt.custom.BusyIndicator.showWhile(BusyIndicator.java:69)
	at org.eclipse.debug.ui.DebugUITools.openLaunchConfigurationDialogOnGroup(DebugUITools.java:637)
	at org.eclipse.debug.ui.DebugUITools.openLaunchConfigurationDialogOnGroup(DebugUITools.java:575)
	at org.eclipse.debug.ui.actions.OpenLaunchDialogAction.run(OpenLaunchDialogAction.java:85)
	at org.eclipse.jface.action.Action.runWithEvent(Action.java:474)
	at org.eclipse.jface.action.ActionContributionItem.handleWidgetSelection(ActionContributionItem.java:581)
	at org.eclipse.jface.action.ActionContributionItem.lambda$4(ActionContributionItem.java:415)
	at org.eclipse.swt.widgets.EventTable.sendEvent(EventTable.java:91)
	at org.eclipse.swt.widgets.Display.sendEvent(Display.java:4363)
	at org.eclipse.swt.widgets.Widget.sendEvent(Widget.java:1217)
	at org.eclipse.swt.widgets.Widget.sendEvent(Widget.java:1241)
	at org.eclipse.swt.widgets.Widget.sendEvent(Widget.java:1226)
	at org.eclipse.swt.widgets.Widget.notifyListeners(Widget.java:863)
	at org.eclipse.jface.action.ActionContributionItem.lambda$8(ActionContributionItem.java:1204)
	at org.eclipse.swt.widgets.EventTable.sendEvent(EventTable.java:91)
	at org.eclipse.swt.widgets.Display.sendEvent(Display.java:4363)
	at org.eclipse.swt.widgets.Widget.sendEvent(Widget.java:1217)
	at org.eclipse.swt.widgets.Display.runDeferredEvents(Display.java:4161)
	at org.eclipse.swt.widgets.Display.readAndDispatch(Display.java:3749)
	at org.eclipse.e4.ui.internal.workbench.swt.PartRenderingEngine$5.run(PartRenderingEngine.java:1160)
	at org.eclipse.core.databinding.observable.Realm.runWithDefault(Realm.java:339)
	at org.eclipse.e4.ui.internal.workbench.swt.PartRenderingEngine.run(PartRenderingEngine.java:1051)
	at org.eclipse.e4.ui.internal.workbench.E4Workbench.createAndRunUI(E4Workbench.java:153)
	at org.eclipse.ui.internal.Workbench.lambda$3(Workbench.java:680)
	at org.eclipse.core.databinding.observable.Realm.runWithDefault(Realm.java:339)
	at org.eclipse.ui.internal.Workbench.createAndRunWorkbench(Workbench.java:583)
	at org.eclipse.ui.PlatformUI.createAndRunWorkbench(PlatformUI.java:173)
	at org.eclipse.ui.internal.ide.application.IDEApplication.start(IDEApplication.java:193)
	at org.eclipse.equinox.internal.app.EclipseAppHandle.run(EclipseAppHandle.java:219)
	at org.eclipse.core.runtime.internal.adaptor.EclipseAppLauncher.runApplication(EclipseAppLauncher.java:149)
	at org.eclipse.core.runtime.internal.adaptor.EclipseAppLauncher.start(EclipseAppLauncher.java:115)
	at org.eclipse.core.runtime.adaptor.EclipseStarter.run(EclipseStarter.java:467)
	at org.eclipse.core.runtime.adaptor.EclipseStarter.run(EclipseStarter.java:298)
	at java.base/jdk.internal.reflect.DirectMethodHandleAccessor.invoke(DirectMethodHandleAccessor.java:104)
	at java.base/java.lang.reflect.Method.invoke(Method.java:565)
	at org.eclipse.equinox.launcher.Main.invokeFramework(Main.java:615)
	at org.eclipse.equinox.launcher.Main.basicRun(Main.java:563)
	at org.eclipse.equinox.launcher.Main.run(Main.java:1415)
	at org.eclipse.equinox.launcher.Main.main(Main.java:1387)
2026-10-06 10:35:25,914 [main] ERROR o.e.m.j.i.l.MavenLaunchConfigurationListener - Launch configuration New_configuration (1) references non-existing project ForLoop.
org.eclipse.core.runtime.CoreException: Launch configuration New_configuration (1) references non-existing project ForLoop.
	at org.eclipse.jdt.launching.JavaRuntime.abort(JavaRuntime.java:1915)
	at org.eclipse.jdt.launching.JavaRuntime.getJavaProject(JavaRuntime.java:1792)
	at org.eclipse.m2e.jdt.internal.launch.MavenLaunchConfigurationListener.updateLaunchConfiguration(MavenLaunchConfigurationListener.java:66)
	at org.eclipse.m2e.jdt.internal.launch.MavenLaunchConfigurationListener.launchConfigurationChanged(MavenLaunchConfigurationListener.java:52)
	at org.eclipse.debug.internal.core.LaunchManager$ConfigurationNotifier.run(LaunchManager.java:220)
	at org.eclipse.core.runtime.SafeRunner.run(SafeRunner.java:47)
	at org.eclipse.debug.internal.core.LaunchManager$ConfigurationNotifier.notify(LaunchManager.java:204)
	at org.eclipse.debug.internal.core.LaunchConfigurationWorkingCopy.setDirty(LaunchConfigurationWorkingCopy.java:527)
	at org.eclipse.debug.internal.core.LaunchConfigurationWorkingCopy.setAttribute(LaunchConfigurationWorkingCopy.java:415)
	at org.eclipse.jdt.debug.ui.launchConfigurations.JavaMainTab.performApply(JavaMainTab.java:233)
	at org.eclipse.debug.internal.ui.launchConfigurations.LaunchConfigurationTabGroupViewer.refresh(LaunchConfigurationTabGroupViewer.java:531)
	at org.eclipse.debug.internal.ui.launchConfigurations.LaunchConfigurationsDialog.updateButtons(LaunchConfigurationsDialog.java:1663)
	at org.eclipse.debug.ui.AbstractLaunchConfigurationTab.updateLaunchConfigurationDialog(AbstractLaunchConfigurationTab.java:155)
	at org.eclipse.debug.ui.AbstractLaunchConfigurationTab$1.runInUIThread(AbstractLaunchConfigurationTab.java:513)
	at org.eclipse.ui.progress.UIJob.lambda$0(UIJob.java:148)
	at org.eclipse.swt.widgets.RunnableLock.run(RunnableLock.java:40)
	at org.eclipse.swt.widgets.Synchronizer.runAsyncMessages(Synchronizer.java:131)
	at org.eclipse.swt.widgets.Display.runAsyncMessages(Display.java:4136)
	at org.eclipse.swt.widgets.Display.readAndDispatch(Display.java:3752)
	at org.eclipse.jface.window.Window.runEventLoop(Window.java:819)
	at org.eclipse.jface.window.Window.open(Window.java:799)
	at org.eclipse.debug.internal.ui.launchConfigurations.LaunchConfigurationsDialog.open(LaunchConfigurationsDialog.java:1253)
	at org.eclipse.debug.ui.DebugUITools.lambda$1(DebugUITools.java:631)
	at org.eclipse.swt.custom.BusyIndicator.showWhile(BusyIndicator.java:69)
	at org.eclipse.debug.ui.DebugUITools.openLaunchConfigurationDialogOnGroup(DebugUITools.java:637)
	at org.eclipse.debug.ui.DebugUITools.openLaunchConfigurationDialogOnGroup(DebugUITools.java:575)
	at org.eclipse.debug.ui.actions.OpenLaunchDialogAction.run(OpenLaunchDialogAction.java:85)
	at org.eclipse.jface.action.Action.runWithEvent(Action.java:474)
	at org.eclipse.jface.action.ActionContributionItem.handleWidgetSelection(ActionContributionItem.java:581)
	at org.eclipse.jface.action.ActionContributionItem.lambda$4(ActionContributionItem.java:415)
	at org.eclipse.swt.widgets.EventTable.sendEvent(EventTable.java:91)
	at org.eclipse.swt.widgets.Display.sendEvent(Display.java:4363)
	at org.eclipse.swt.widgets.Widget.sendEvent(Widget.java:1217)
	at org.eclipse.swt.widgets.Widget.sendEvent(Widget.java:1241)
	at org.eclipse.swt.widgets.Widget.sendEvent(Widget.java:1226)
	at org.eclipse.swt.widgets.Widget.notifyListeners(Widget.java:863)
	at org.eclipse.jface.action.ActionContributionItem.lambda$8(ActionContributionItem.java:1204)
	at org.eclipse.swt.widgets.EventTable.sendEvent(EventTable.java:91)
	at org.eclipse.swt.widgets.Display.sendEvent(Display.java:4363)
	at org.eclipse.swt.widgets.Widget.sendEvent(Widget.java:1217)
	at org.eclipse.swt.widgets.Display.runDeferredEvents(Display.java:4161)
	at org.eclipse.swt.widgets.Display.readAndDispatch(Display.java:3749)
	at org.eclipse.e4.ui.internal.workbench.swt.PartRenderingEngine$5.run(PartRenderingEngine.java:1160)
	at org.eclipse.core.databinding.observable.Realm.runWithDefault(Realm.java:339)
	at org.eclipse.e4.ui.internal.workbench.swt.PartRenderingEngine.run(PartRenderingEngine.java:1051)
	at org.eclipse.e4.ui.internal.workbench.E4Workbench.createAndRunUI(E4Workbench.java:153)
	at org.eclipse.ui.internal.Workbench.lambda$3(Workbench.java:680)
	at org.eclipse.core.databinding.observable.Realm.runWithDefault(Realm.java:339)
	at org.eclipse.ui.internal.Workbench.createAndRunWorkbench(Workbench.java:583)
	at org.eclipse.ui.PlatformUI.createAndRunWorkbench(PlatformUI.java:173)
	at org.eclipse.ui.internal.ide.application.IDEApplication.start(IDEApplication.java:193)
	at org.eclipse.equinox.internal.app.EclipseAppHandle.run(EclipseAppHandle.java:219)
	at org.eclipse.core.runtime.internal.adaptor.EclipseAppLauncher.runApplication(EclipseAppLauncher.java:149)
	at org.eclipse.core.runtime.internal.adaptor.EclipseAppLauncher.start(EclipseAppLauncher.java:115)
	at org.eclipse.core.runtime.adaptor.EclipseStarter.run(EclipseStarter.java:467)
	at org.eclipse.core.runtime.adaptor.EclipseStarter.run(EclipseStarter.java:298)
	at java.base/jdk.internal.reflect.DirectMethodHandleAccessor.invoke(DirectMethodHandleAccessor.java:104)
	at java.base/java.lang.reflect.Method.invoke(Method.java:565)
	at org.eclipse.equinox.launcher.Main.invokeFramework(Main.java:615)
	at org.eclipse.equinox.launcher.Main.basicRun(Main.java:563)
	at org.eclipse.equinox.launcher.Main.run(Main.java:1415)
	at org.eclipse.equinox.launcher.Main.main(Main.java:1387)
2026-10-06 10:35:25,918 [main] ERROR o.e.m.j.i.l.MavenLaunchConfigurationListener - Launch configuration New_configuration (1) references non-existing project ForLoop.
org.eclipse.core.runtime.CoreException: Launch configuration New_configuration (1) references non-existing project ForLoop.
	at org.eclipse.jdt.launching.JavaRuntime.abort(JavaRuntime.java:1915)
	at org.eclipse.jdt.launching.JavaRuntime.getJavaProject(JavaRuntime.java:1792)
	at org.eclipse.m2e.jdt.internal.launch.MavenLaunchConfigurationListener.updateLaunchConfiguration(MavenLaunchConfigurationListener.java:66)
	at org.eclipse.m2e.jdt.internal.launch.MavenLaunchConfigurationListener.launchConfigurationChanged(MavenLaunchConfigurationListener.java:52)
	at org.eclipse.debug.internal.core.LaunchManager$ConfigurationNotifier.run(LaunchManager.java:220)
	at org.eclipse.core.runtime.SafeRunner.run(SafeRunner.java:47)
	at org.eclipse.debug.internal.core.LaunchManager$ConfigurationNotifier.notify(LaunchManager.java:204)
	at org.eclipse.debug.internal.core.LaunchConfigurationWorkingCopy.setDirty(LaunchConfigurationWorkingCopy.java:527)
	at org.eclipse.debug.internal.core.LaunchConfigurationWorkingCopy.setAttribute(LaunchConfigurationWorkingCopy.java:415)
	at org.eclipse.jdt.debug.ui.launchConfigurations.JavaMainTab.performApply(JavaMainTab.java:234)
	at org.eclipse.debug.internal.ui.launchConfigurations.LaunchConfigurationTabGroupViewer.refresh(LaunchConfigurationTabGroupViewer.java:531)
	at org.eclipse.debug.internal.ui.launchConfigurations.LaunchConfigurationsDialog.updateButtons(LaunchConfigurationsDialog.java:1663)
	at org.eclipse.debug.ui.AbstractLaunchConfigurationTab.updateLaunchConfigurationDialog(AbstractLaunchConfigurationTab.java:155)
	at org.eclipse.debug.ui.AbstractLaunchConfigurationTab$1.runInUIThread(AbstractLaunchConfigurationTab.java:513)
	at org.eclipse.ui.progress.UIJob.lambda$0(UIJob.java:148)
	at org.eclipse.swt.widgets.RunnableLock.run(RunnableLock.java:40)
	at org.eclipse.swt.widgets.Synchronizer.runAsyncMessages(Synchronizer.java:131)
	at org.eclipse.swt.widgets.Display.runAsyncMessages(Display.java:4136)
	at org.eclipse.swt.widgets.Display.readAndDispatch(Display.java:3752)
	at org.eclipse.jface.window.Window.runEventLoop(Window.java:819)
	at org.eclipse.jface.window.Window.open(Window.java:799)
	at org.eclipse.debug.internal.ui.launchConfigurations.LaunchConfigurationsDialog.open(LaunchConfigurationsDialog.java:1253)
	at org.eclipse.debug.ui.DebugUITools.lambda$1(DebugUITools.java:631)
	at org.eclipse.swt.custom.BusyIndicator.showWhile(BusyIndicator.java:69)
	at org.eclipse.debug.ui.DebugUITools.openLaunchConfigurationDialogOnGroup(DebugUITools.java:637)
	at org.eclipse.debug.ui.DebugUITools.openLaunchConfigurationDialogOnGroup(DebugUITools.java:575)
	at org.eclipse.debug.ui.actions.OpenLaunchDialogAction.run(OpenLaunchDialogAction.java:85)
	at org.eclipse.jface.action.Action.runWithEvent(Action.java:474)
	at org.eclipse.jface.action.ActionContributionItem.handleWidgetSelection(ActionContributionItem.java:581)
	at org.eclipse.jface.action.ActionContributionItem.lambda$4(ActionContributionItem.java:415)
	at org.eclipse.swt.widgets.EventTable.sendEvent(EventTable.java:91)
	at org.eclipse.swt.widgets.Display.sendEvent(Display.java:4363)
	at org.eclipse.swt.widgets.Widget.sendEvent(Widget.java:1217)
	at org.eclipse.swt.widgets.Widget.sendEvent(Widget.java:1241)
	at org.eclipse.swt.widgets.Widget.sendEvent(Widget.java:1226)
	at org.eclipse.swt.widgets.Widget.notifyListeners(Widget.java:863)
	at org.eclipse.jface.action.ActionContributionItem.lambda$8(ActionContributionItem.java:1204)
	at org.eclipse.swt.widgets.EventTable.sendEvent(EventTable.java:91)
	at org.eclipse.swt.widgets.Display.sendEvent(Display.java:4363)
	at org.eclipse.swt.widgets.Widget.sendEvent(Widget.java:1217)
	at org.eclipse.swt.widgets.Display.runDeferredEvents(Display.java:4161)
	at org.eclipse.swt.widgets.Display.readAndDispatch(Display.java:3749)
	at org.eclipse.e4.ui.internal.workbench.swt.PartRenderingEngine$5.run(PartRenderingEngine.java:1160)
	at org.eclipse.core.databinding.observable.Realm.runWithDefault(Realm.java:339)
	at org.eclipse.e4.ui.internal.workbench.swt.PartRenderingEngine.run(PartRenderingEngine.java:1051)
	at org.eclipse.e4.ui.internal.workbench.E4Workbench.createAndRunUI(E4Workbench.java:153)
	at org.eclipse.ui.internal.Workbench.lambda$3(Workbench.java:680)
	at org.eclipse.core.databinding.observable.Realm.runWithDefault(Realm.java:339)
	at org.eclipse.ui.internal.Workbench.createAndRunWorkbench(Workbench.java:583)
	at org.eclipse.ui.PlatformUI.createAndRunWorkbench(PlatformUI.java:173)
	at org.eclipse.ui.internal.ide.application.IDEApplication.start(IDEApplication.java:193)
	at org.eclipse.equinox.internal.app.EclipseAppHandle.run(EclipseAppHandle.java:219)
	at org.eclipse.core.runtime.internal.adaptor.EclipseAppLauncher.runApplication(EclipseAppLauncher.java:149)
	at org.eclipse.core.runtime.internal.adaptor.EclipseAppLauncher.start(EclipseAppLauncher.java:115)
	at org.eclipse.core.runtime.adaptor.EclipseStarter.run(EclipseStarter.java:467)
	at org.eclipse.core.runtime.adaptor.EclipseStarter.run(EclipseStarter.java:298)
	at java.base/jdk.internal.reflect.DirectMethodHandleAccessor.invoke(DirectMethodHandleAccessor.java:104)
	at java.base/java.lang.reflect.Method.invoke(Method.java:565)
	at org.eclipse.equinox.launcher.Main.invokeFramework(Main.java:615)
	at org.eclipse.equinox.launcher.Main.basicRun(Main.java:563)
	at org.eclipse.equinox.launcher.Main.run(Main.java:1415)
	at org.eclipse.equinox.launcher.Main.main(Main.java:1387)
2026-10-06 10:35:25,920 [main] ERROR o.e.m.j.i.l.MavenLaunchConfigurationListener - Launch configuration New_configuration (1) references non-existing project ForLoop.
org.eclipse.core.runtime.CoreException: Launch configuration New_configuration (1) references non-existing project ForLoop.
	at org.eclipse.jdt.launching.JavaRuntime.abort(JavaRuntime.java:1915)
	at org.eclipse.jdt.launching.JavaRuntime.getJavaProject(JavaRuntime.java:1792)
	at org.eclipse.m2e.jdt.internal.launch.MavenLaunchConfigurationListener.updateLaunchConfiguration(MavenLaunchConfigurationListener.java:66)
	at org.eclipse.m2e.jdt.internal.launch.MavenLaunchConfigurationListener.launchConfigurationChanged(MavenLaunchConfigurationListener.java:52)
	at org.eclipse.debug.internal.core.LaunchManager$ConfigurationNotifier.run(LaunchManager.java:220)
	at org.eclipse.core.runtime.SafeRunner.run(SafeRunner.java:47)
	at org.eclipse.debug.internal.core.LaunchManager$ConfigurationNotifier.notify(LaunchManager.java:204)
	at org.eclipse.debug.internal.core.LaunchConfigurationWorkingCopy.setDirty(LaunchConfigurationWorkingCopy.java:527)
	at org.eclipse.debug.internal.core.LaunchConfigurationWorkingCopy.setAttribute(LaunchConfigurationWorkingCopy.java:415)
	at org.eclipse.jdt.debug.ui.launchConfigurations.JavaMainTab.performApply(JavaMainTab.java:235)
	at org.eclipse.debug.internal.ui.launchConfigurations.LaunchConfigurationTabGroupViewer.refresh(LaunchConfigurationTabGroupViewer.java:531)
	at org.eclipse.debug.internal.ui.launchConfigurations.LaunchConfigurationsDialog.updateButtons(LaunchConfigurationsDialog.java:1663)
	at org.eclipse.debug.ui.AbstractLaunchConfigurationTab.updateLaunchConfigurationDialog(AbstractLaunchConfigurationTab.java:155)
	at org.eclipse.debug.ui.AbstractLaunchConfigurationTab$1.runInUIThread(AbstractLaunchConfigurationTab.java:513)
	at org.eclipse.ui.progress.UIJob.lambda$0(UIJob.java:148)
	at org.eclipse.swt.widgets.RunnableLock.run(RunnableLock.java:40)
	at org.eclipse.swt.widgets.Synchronizer.runAsyncMessages(Synchronizer.java:131)
	at org.eclipse.swt.widgets.Display.runAsyncMessages(Display.java:4136)
	at org.eclipse.swt.widgets.Display.readAndDispatch(Display.java:3752)
	at org.eclipse.jface.window.Window.runEventLoop(Window.java:819)
	at org.eclipse.jface.window.Window.open(Window.java:799)
	at org.eclipse.debug.internal.ui.launchConfigurations.LaunchConfigurationsDialog.open(LaunchConfigurationsDialog.java:1253)
	at org.eclipse.debug.ui.DebugUITools.lambda$1(DebugUITools.java:631)
	at org.eclipse.swt.custom.BusyIndicator.showWhile(BusyIndicator.java:69)
	at org.eclipse.debug.ui.DebugUITools.openLaunchConfigurationDialogOnGroup(DebugUITools.java:637)
	at org.eclipse.debug.ui.DebugUITools.openLaunchConfigurationDialogOnGroup(DebugUITools.java:575)
	at org.eclipse.debug.ui.actions.OpenLaunchDialogAction.run(OpenLaunchDialogAction.java:85)
	at org.eclipse.jface.action.Action.runWithEvent(Action.java:474)
	at org.eclipse.jface.action.ActionContributionItem.handleWidgetSelection(ActionContributionItem.java:581)
	at org.eclipse.jface.action.ActionContributionItem.lambda$4(ActionContributionItem.java:415)
	at org.eclipse.swt.widgets.EventTable.sendEvent(EventTable.java:91)
	at org.eclipse.swt.widgets.Display.sendEvent(Display.java:4363)
	at org.eclipse.swt.widgets.Widget.sendEvent(Widget.java:1217)
	at org.eclipse.swt.widgets.Widget.sendEvent(Widget.java:1241)
	at org.eclipse.swt.widgets.Widget.sendEvent(Widget.java:1226)
	at org.eclipse.swt.widgets.Widget.notifyListeners(Widget.java:863)
	at org.eclipse.jface.action.ActionContributionItem.lambda$8(ActionContributionItem.java:1204)
	at org.eclipse.swt.widgets.EventTable.sendEvent(EventTable.java:91)
	at org.eclipse.swt.widgets.Display.sendEvent(Display.java:4363)
	at org.eclipse.swt.widgets.Widget.sendEvent(Widget.java:1217)
	at org.eclipse.swt.widgets.Display.runDeferredEvents(Display.java:4161)
	at org.eclipse.swt.widgets.Display.readAndDispatch(Display.java:3749)
	at org.eclipse.e4.ui.internal.workbench.swt.PartRenderingEngine$5.run(PartRenderingEngine.java:1160)
	at org.eclipse.core.databinding.observable.Realm.runWithDefault(Realm.java:339)
	at org.eclipse.e4.ui.internal.workbench.swt.PartRenderingEngine.run(PartRenderingEngine.java:1051)
	at org.eclipse.e4.ui.internal.workbench.E4Workbench.createAndRunUI(E4Workbench.java:153)
	at org.eclipse.ui.internal.Workbench.lambda$3(Workbench.java:680)
	at org.eclipse.core.databinding.observable.Realm.runWithDefault(Realm.java:339)
	at org.eclipse.ui.internal.Workbench.createAndRunWorkbench(Workbench.java:583)
	at org.eclipse.ui.PlatformUI.createAndRunWorkbench(PlatformUI.java:173)
	at org.eclipse.ui.internal.ide.application.IDEApplication.start(IDEApplication.java:193)
	at org.eclipse.equinox.internal.app.EclipseAppHandle.run(EclipseAppHandle.java:219)
	at org.eclipse.core.runtime.internal.adaptor.EclipseAppLauncher.runApplication(EclipseAppLauncher.java:149)
	at org.eclipse.core.runtime.internal.adaptor.EclipseAppLauncher.start(EclipseAppLauncher.java:115)
	at org.eclipse.core.runtime.adaptor.EclipseStarter.run(EclipseStarter.java:467)
	at org.eclipse.core.runtime.adaptor.EclipseStarter.run(EclipseStarter.java:298)
	at java.base/jdk.internal.reflect.DirectMethodHandleAccessor.invoke(DirectMethodHandleAccessor.java:104)
	at java.base/java.lang.reflect.Method.invoke(Method.java:565)
	at org.eclipse.equinox.launcher.Main.invokeFramework(Main.java:615)
	at org.eclipse.equinox.launcher.Main.basicRun(Main.java:563)
	at org.eclipse.equinox.launcher.Main.run(Main.java:1415)
	at org.eclipse.equinox.launcher.Main.main(Main.java:1387)
2026-10-06 10:35:25,926 [main] ERROR o.e.m.j.i.l.MavenLaunchConfigurationListener - Launch configuration New_configuration (1) references non-existing project ForLoop.
org.eclipse.core.runtime.CoreException: Launch configuration New_configuration (1) references non-existing project ForLoop.
	at org.eclipse.jdt.launching.JavaRuntime.abort(JavaRuntime.java:1915)
	at org.eclipse.jdt.launching.JavaRuntime.getJavaProject(JavaRuntime.java:1792)
	at org.eclipse.m2e.jdt.internal.launch.MavenLaunchConfigurationListener.updateLaunchConfiguration(MavenLaunchConfigurationListener.java:66)
	at org.eclipse.m2e.jdt.internal.launch.MavenLaunchConfigurationListener.launchConfigurationChanged(MavenLaunchConfigurationListener.java:52)
	at org.eclipse.debug.internal.core.LaunchManager$ConfigurationNotifier.run(LaunchManager.java:220)
	at org.eclipse.core.runtime.SafeRunner.run(SafeRunner.java:47)
	at org.eclipse.debug.internal.core.LaunchManager$ConfigurationNotifier.notify(LaunchManager.java:204)
	at org.eclipse.debug.internal.core.LaunchConfigurationWorkingCopy.setDirty(LaunchConfigurationWorkingCopy.java:527)
	at org.eclipse.debug.internal.core.LaunchConfigurationWorkingCopy.setAttribute(LaunchConfigurationWorkingCopy.java:415)
	at org.eclipse.jdt.debug.ui.launchConfigurations.JavaMainTab.performApply(JavaMainTab.java:243)
	at org.eclipse.debug.internal.ui.launchConfigurations.LaunchConfigurationTabGroupViewer.refresh(LaunchConfigurationTabGroupViewer.java:531)
	at org.eclipse.debug.internal.ui.launchConfigurations.LaunchConfigurationsDialog.updateButtons(LaunchConfigurationsDialog.java:1663)
	at org.eclipse.debug.ui.AbstractLaunchConfigurationTab.updateLaunchConfigurationDialog(AbstractLaunchConfigurationTab.java:155)
	at org.eclipse.debug.ui.AbstractLaunchConfigurationTab$1.runInUIThread(AbstractLaunchConfigurationTab.java:513)
	at org.eclipse.ui.progress.UIJob.lambda$0(UIJob.java:148)
	at org.eclipse.swt.widgets.RunnableLock.run(RunnableLock.java:40)
	at org.eclipse.swt.widgets.Synchronizer.runAsyncMessages(Synchronizer.java:131)
	at org.eclipse.swt.widgets.Display.runAsyncMessages(Display.java:4136)
	at org.eclipse.swt.widgets.Display.readAndDispatch(Display.java:3752)
	at org.eclipse.jface.window.Window.runEventLoop(Window.java:819)
	at org.eclipse.jface.window.Window.open(Window.java:799)
	at org.eclipse.debug.internal.ui.launchConfigurations.LaunchConfigurationsDialog.open(LaunchConfigurationsDialog.java:1253)
	at org.eclipse.debug.ui.DebugUITools.lambda$1(DebugUITools.java:631)
	at org.eclipse.swt.custom.BusyIndicator.showWhile(BusyIndicator.java:69)
	at org.eclipse.debug.ui.DebugUITools.openLaunchConfigurationDialogOnGroup(DebugUITools.java:637)
	at org.eclipse.debug.ui.DebugUITools.openLaunchConfigurationDialogOnGroup(DebugUITools.java:575)
	at org.eclipse.debug.ui.actions.OpenLaunchDialogAction.run(OpenLaunchDialogAction.java:85)
	at org.eclipse.jface.action.Action.runWithEvent(Action.java:474)
	at org.eclipse.jface.action.ActionContributionItem.handleWidgetSelection(ActionContributionItem.java:581)
	at org.eclipse.jface.action.ActionContributionItem.lambda$4(ActionContributionItem.java:415)
	at org.eclipse.swt.widgets.EventTable.sendEvent(EventTable.java:91)
	at org.eclipse.swt.widgets.Display.sendEvent(Display.java:4363)
	at org.eclipse.swt.widgets.Widget.sendEvent(Widget.java:1217)
	at org.eclipse.swt.widgets.Widget.sendEvent(Widget.java:1241)
	at org.eclipse.swt.widgets.Widget.sendEvent(Widget.java:1226)
	at org.eclipse.swt.widgets.Widget.notifyListeners(Widget.java:863)
	at org.eclipse.jface.action.ActionContributionItem.lambda$8(ActionContributionItem.java:1204)
	at org.eclipse.swt.widgets.EventTable.sendEvent(EventTable.java:91)
	at org.eclipse.swt.widgets.Display.sendEvent(Display.java:4363)
	at org.eclipse.swt.widgets.Widget.sendEvent(Widget.java:1217)
	at org.eclipse.swt.widgets.Display.runDeferredEvents(Display.java:4161)
	at org.eclipse.swt.widgets.Display.readAndDispatch(Display.java:3749)
	at org.eclipse.e4.ui.internal.workbench.swt.PartRenderingEngine$5.run(PartRenderingEngine.java:1160)
	at org.eclipse.core.databinding.observable.Realm.runWithDefault(Realm.java:339)
	at org.eclipse.e4.ui.internal.workbench.swt.PartRenderingEngine.run(PartRenderingEngine.java:1051)
	at org.eclipse.e4.ui.internal.workbench.E4Workbench.createAndRunUI(E4Workbench.java:153)
	at org.eclipse.ui.internal.Workbench.lambda$3(Workbench.java:680)
	at org.eclipse.core.databinding.observable.Realm.runWithDefault(Realm.java:339)
	at org.eclipse.ui.internal.Workbench.createAndRunWorkbench(Workbench.java:583)
	at org.eclipse.ui.PlatformUI.createAndRunWorkbench(PlatformUI.java:173)
	at org.eclipse.ui.internal.ide.application.IDEApplication.start(IDEApplication.java:193)
	at org.eclipse.equinox.internal.app.EclipseAppHandle.run(EclipseAppHandle.java:219)
	at org.eclipse.core.runtime.internal.adaptor.EclipseAppLauncher.runApplication(EclipseAppLauncher.java:149)
	at org.eclipse.core.runtime.internal.adaptor.EclipseAppLauncher.start(EclipseAppLauncher.java:115)
	at org.eclipse.core.runtime.adaptor.EclipseStarter.run(EclipseStarter.java:467)
	at org.eclipse.core.runtime.adaptor.EclipseStarter.run(EclipseStarter.java:298)
	at java.base/jdk.internal.reflect.DirectMethodHandleAccessor.invoke(DirectMethodHandleAccessor.java:104)
	at java.base/java.lang.reflect.Method.invoke(Method.java:565)
	at org.eclipse.equinox.launcher.Main.invokeFramework(Main.java:615)
	at org.eclipse.equinox.launcher.Main.basicRun(Main.java:563)
	at org.eclipse.equinox.launcher.Main.run(Main.java:1415)
	at org.eclipse.equinox.launcher.Main.main(Main.java:1387)
2026-10-06 10:35:25,928 [main] ERROR o.e.m.j.i.l.MavenLaunchConfigurationListener - Launch configuration New_configuration (1) references non-existing project ForLoop.
org.eclipse.core.runtime.CoreException: Launch configuration New_configuration (1) references non-existing project ForLoop.
	at org.eclipse.jdt.launching.JavaRuntime.abort(JavaRuntime.java:1915)
	at org.eclipse.jdt.launching.JavaRuntime.getJavaProject(JavaRuntime.java:1792)
	at org.eclipse.m2e.jdt.internal.launch.MavenLaunchConfigurationListener.updateLaunchConfiguration(MavenLaunchConfigurationListener.java:66)
	at org.eclipse.m2e.jdt.internal.launch.MavenLaunchConfigurationListener.launchConfigurationChanged(MavenLaunchConfigurationListener.java:52)
	at org.eclipse.debug.internal.core.LaunchManager$ConfigurationNotifier.run(LaunchManager.java:220)
	at org.eclipse.core.runtime.SafeRunner.run(SafeRunner.java:47)
	at org.eclipse.debug.internal.core.LaunchManager$ConfigurationNotifier.notify(LaunchManager.java:204)
	at org.eclipse.debug.internal.core.LaunchConfigurationWorkingCopy.setDirty(LaunchConfigurationWorkingCopy.java:527)
	at org.eclipse.debug.internal.core.LaunchConfigurationWorkingCopy.setAttribute(LaunchConfigurationWorkingCopy.java:415)
	at org.eclipse.jdt.debug.ui.launchConfigurations.JavaMainTab.performApply(JavaMainTab.java:251)
	at org.eclipse.debug.internal.ui.launchConfigurations.LaunchConfigurationTabGroupViewer.refresh(LaunchConfigurationTabGroupViewer.java:531)
	at org.eclipse.debug.internal.ui.launchConfigurations.LaunchConfigurationsDialog.updateButtons(LaunchConfigurationsDialog.java:1663)
	at org.eclipse.debug.ui.AbstractLaunchConfigurationTab.updateLaunchConfigurationDialog(AbstractLaunchConfigurationTab.java:155)
	at org.eclipse.debug.ui.AbstractLaunchConfigurationTab$1.runInUIThread(AbstractLaunchConfigurationTab.java:513)
	at org.eclipse.ui.progress.UIJob.lambda$0(UIJob.java:148)
	at org.eclipse.swt.widgets.RunnableLock.run(RunnableLock.java:40)
	at org.eclipse.swt.widgets.Synchronizer.runAsyncMessages(Synchronizer.java:131)
	at org.eclipse.swt.widgets.Display.runAsyncMessages(Display.java:4136)
	at org.eclipse.swt.widgets.Display.readAndDispatch(Display.java:3752)
	at org.eclipse.jface.window.Window.runEventLoop(Window.java:819)
	at org.eclipse.jface.window.Window.open(Window.java:799)
	at org.eclipse.debug.internal.ui.launchConfigurations.LaunchConfigurationsDialog.open(LaunchConfigurationsDialog.java:1253)
	at org.eclipse.debug.ui.DebugUITools.lambda$1(DebugUITools.java:631)
	at org.eclipse.swt.custom.BusyIndicator.showWhile(BusyIndicator.java:69)
	at org.eclipse.debug.ui.DebugUITools.openLaunchConfigurationDialogOnGroup(DebugUITools.java:637)
	at org.eclipse.debug.ui.DebugUITools.openLaunchConfigurationDialogOnGroup(DebugUITools.java:575)
	at org.eclipse.debug.ui.actions.OpenLaunchDialogAction.run(OpenLaunchDialogAction.java:85)
	at org.eclipse.jface.action.Action.runWithEvent(Action.java:474)
	at org.eclipse.jface.action.ActionContributionItem.handleWidgetSelection(ActionContributionItem.java:581)
	at org.eclipse.jface.action.ActionContributionItem.lambda$4(ActionContributionItem.java:415)
	at org.eclipse.swt.widgets.EventTable.sendEvent(EventTable.java:91)
	at org.eclipse.swt.widgets.Display.sendEvent(Display.java:4363)
	at org.eclipse.swt.widgets.Widget.sendEvent(Widget.java:1217)
	at org.eclipse.swt.widgets.Widget.sendEvent(Widget.java:1241)
	at org.eclipse.swt.widgets.Widget.sendEvent(Widget.java:1226)
	at org.eclipse.swt.widgets.Widget.notifyListeners(Widget.java:863)
	at org.eclipse.jface.action.ActionContributionItem.lambda$8(ActionContributionItem.java:1204)
	at org.eclipse.swt.widgets.EventTable.sendEvent(EventTable.java:91)
	at org.eclipse.swt.widgets.Display.sendEvent(Display.java:4363)
	at org.eclipse.swt.widgets.Widget.sendEvent(Widget.java:1217)
	at org.eclipse.swt.widgets.Display.runDeferredEvents(Display.java:4161)
	at org.eclipse.swt.widgets.Display.readAndDispatch(Display.java:3749)
	at org.eclipse.e4.ui.internal.workbench.swt.PartRenderingEngine$5.run(PartRenderingEngine.java:1160)
	at org.eclipse.core.databinding.observable.Realm.runWithDefault(Realm.java:339)
	at org.eclipse.e4.ui.internal.workbench.swt.PartRenderingEngine.run(PartRenderingEngine.java:1051)
	at org.eclipse.e4.ui.internal.workbench.E4Workbench.createAndRunUI(E4Workbench.java:153)
	at org.eclipse.ui.internal.Workbench.lambda$3(Workbench.java:680)
	at org.eclipse.core.databinding.observable.Realm.runWithDefault(Realm.java:339)
	at org.eclipse.ui.internal.Workbench.createAndRunWorkbench(Workbench.java:583)
	at org.eclipse.ui.PlatformUI.createAndRunWorkbench(PlatformUI.java:173)
	at org.eclipse.ui.internal.ide.application.IDEApplication.start(IDEApplication.java:193)
	at org.eclipse.equinox.internal.app.EclipseAppHandle.run(EclipseAppHandle.java:219)
	at org.eclipse.core.runtime.internal.adaptor.EclipseAppLauncher.runApplication(EclipseAppLauncher.java:149)
	at org.eclipse.core.runtime.internal.adaptor.EclipseAppLauncher.start(EclipseAppLauncher.java:115)
	at org.eclipse.core.runtime.adaptor.EclipseStarter.run(EclipseStarter.java:467)
	at org.eclipse.core.runtime.adaptor.EclipseStarter.run(EclipseStarter.java:298)
	at java.base/jdk.internal.reflect.DirectMethodHandleAccessor.invoke(DirectMethodHandleAccessor.java:104)
	at java.base/java.lang.reflect.Method.invoke(Method.java:565)
	at org.eclipse.equinox.launcher.Main.invokeFramework(Main.java:615)
	at org.eclipse.equinox.launcher.Main.basicRun(Main.java:563)
	at org.eclipse.equinox.launcher.Main.run(Main.java:1415)
	at org.eclipse.equinox.launcher.Main.main(Main.java:1387)
2026-10-06 10:35:25,930 [main] ERROR o.e.m.j.i.l.MavenLaunchConfigurationListener - Launch configuration New_configuration (1) references non-existing project ForLoop.
org.eclipse.core.runtime.CoreException: Launch configuration New_configuration (1) references non-existing project ForLoop.
	at org.eclipse.jdt.launching.JavaRuntime.abort(JavaRuntime.java:1915)
	at org.eclipse.jdt.launching.JavaRuntime.getJavaProject(JavaRuntime.java:1792)
	at org.eclipse.m2e.jdt.internal.launch.MavenLaunchConfigurationListener.updateLaunchConfiguration(MavenLaunchConfigurationListener.java:66)
	at org.eclipse.m2e.jdt.internal.launch.MavenLaunchConfigurationListener.launchConfigurationChanged(MavenLaunchConfigurationListener.java:52)
	at org.eclipse.debug.internal.core.LaunchManager$ConfigurationNotifier.run(LaunchManager.java:220)
	at org.eclipse.core.runtime.SafeRunner.run(SafeRunner.java:47)
	at org.eclipse.debug.internal.core.LaunchManager$ConfigurationNotifier.notify(LaunchManager.java:204)
	at org.eclipse.debug.internal.core.LaunchConfigurationWorkingCopy.setDirty(LaunchConfigurationWorkingCopy.java:527)
	at org.eclipse.debug.internal.core.LaunchConfigurationWorkingCopy.setAttribute(LaunchConfigurationWorkingCopy.java:415)
	at org.eclipse.jdt.debug.ui.launchConfigurations.JavaMainTab.performApply(JavaMainTab.java:259)
	at org.eclipse.debug.internal.ui.launchConfigurations.LaunchConfigurationTabGroupViewer.refresh(LaunchConfigurationTabGroupViewer.java:531)
	at org.eclipse.debug.internal.ui.launchConfigurations.LaunchConfigurationsDialog.updateButtons(LaunchConfigurationsDialog.java:1663)
	at org.eclipse.debug.ui.AbstractLaunchConfigurationTab.updateLaunchConfigurationDialog(AbstractLaunchConfigurationTab.java:155)
	at org.eclipse.debug.ui.AbstractLaunchConfigurationTab$1.runInUIThread(AbstractLaunchConfigurationTab.java:513)
	at org.eclipse.ui.progress.UIJob.lambda$0(UIJob.java:148)
	at org.eclipse.swt.widgets.RunnableLock.run(RunnableLock.java:40)
	at org.eclipse.swt.widgets.Synchronizer.runAsyncMessages(Synchronizer.java:131)
	at org.eclipse.swt.widgets.Display.runAsyncMessages(Display.java:4136)
	at org.eclipse.swt.widgets.Display.readAndDispatch(Display.java:3752)
	at org.eclipse.jface.window.Window.runEventLoop(Window.java:819)
	at org.eclipse.jface.window.Window.open(Window.java:799)
	at org.eclipse.debug.internal.ui.launchConfigurations.LaunchConfigurationsDialog.open(LaunchConfigurationsDialog.java:1253)
	at org.eclipse.debug.ui.DebugUITools.lambda$1(DebugUITools.java:631)
	at org.eclipse.swt.custom.BusyIndicator.showWhile(BusyIndicator.java:69)
	at org.eclipse.debug.ui.DebugUITools.openLaunchConfigurationDialogOnGroup(DebugUITools.java:637)
	at org.eclipse.debug.ui.DebugUITools.openLaunchConfigurationDialogOnGroup(DebugUITools.java:575)
	at org.eclipse.debug.ui.actions.OpenLaunchDialogAction.run(OpenLaunchDialogAction.java:85)
	at org.eclipse.jface.action.Action.runWithEvent(Action.java:474)
	at org.eclipse.jface.action.ActionContributionItem.handleWidgetSelection(ActionContributionItem.java:581)
	at org.eclipse.jface.action.ActionContributionItem.lambda$4(ActionContributionItem.java:415)
	at org.eclipse.swt.widgets.EventTable.sendEvent(EventTable.java:91)
	at org.eclipse.swt.widgets.Display.sendEvent(Display.java:4363)
	at org.eclipse.swt.widgets.Widget.sendEvent(Widget.java:1217)
	at org.eclipse.swt.widgets.Widget.sendEvent(Widget.java:1241)
	at org.eclipse.swt.widgets.Widget.sendEvent(Widget.java:1226)
	at org.eclipse.swt.widgets.Widget.notifyListeners(Widget.java:863)
	at org.eclipse.jface.action.ActionContributionItem.lambda$8(ActionContributionItem.java:1204)
	at org.eclipse.swt.widgets.EventTable.sendEvent(EventTable.java:91)
	at org.eclipse.swt.widgets.Display.sendEvent(Display.java:4363)
	at org.eclipse.swt.widgets.Widget.sendEvent(Widget.java:1217)
	at org.eclipse.swt.widgets.Display.runDeferredEvents(Display.java:4161)
	at org.eclipse.swt.widgets.Display.readAndDispatch(Display.java:3749)
	at org.eclipse.e4.ui.internal.workbench.swt.PartRenderingEngine$5.run(PartRenderingEngine.java:1160)
	at org.eclipse.core.databinding.observable.Realm.runWithDefault(Realm.java:339)
	at org.eclipse.e4.ui.internal.workbench.swt.PartRenderingEngine.run(PartRenderingEngine.java:1051)
	at org.eclipse.e4.ui.internal.workbench.E4Workbench.createAndRunUI(E4Workbench.java:153)
	at org.eclipse.ui.internal.Workbench.lambda$3(Workbench.java:680)
	at org.eclipse.core.databinding.observable.Realm.runWithDefault(Realm.java:339)
	at org.eclipse.ui.internal.Workbench.createAndRunWorkbench(Workbench.java:583)
	at org.eclipse.ui.PlatformUI.createAndRunWorkbench(PlatformUI.java:173)
	at org.eclipse.ui.internal.ide.application.IDEApplication.start(IDEApplication.java:193)
	at org.eclipse.equinox.internal.app.EclipseAppHandle.run(EclipseAppHandle.java:219)
	at org.eclipse.core.runtime.internal.adaptor.EclipseAppLauncher.runApplication(EclipseAppLauncher.java:149)
	at org.eclipse.core.runtime.internal.adaptor.EclipseAppLauncher.start(EclipseAppLauncher.java:115)
	at org.eclipse.core.runtime.adaptor.EclipseStarter.run(EclipseStarter.java:467)
	at org.eclipse.core.runtime.adaptor.EclipseStarter.run(EclipseStarter.java:298)
	at java.base/jdk.internal.reflect.DirectMethodHandleAccessor.invoke(DirectMethodHandleAccessor.java:104)
	at java.base/java.lang.reflect.Method.invoke(Method.java:565)
	at org.eclipse.equinox.launcher.Main.invokeFramework(Main.java:615)
	at org.eclipse.equinox.launcher.Main.basicRun(Main.java:563)
	at org.eclipse.equinox.launcher.Main.run(Main.java:1415)
	at org.eclipse.equinox.launcher.Main.main(Main.java:1387)
2026-10-06 22:45:53,548 [Worker-5: Loading available Gradle versions] INFO  o.e.b.c.i.u.g.PublishedGradleVersions - Gradle version information cache is up-to-date. Trying to read.
2026-10-07 10:20:54,978 [Worker-5: Loading available Gradle versions] INFO  o.e.b.c.i.u.g.PublishedGradleVersions - Gradle version information cache is out-of-date. Trying to update.
2026-10-07 10:21:07,478 [Worker-5: Loading available Gradle versions] INFO  o.e.b.c.i.u.g.PublishedGradleVersions - Updating Gradle version information cache failed. Using outdated cache.
